[    1362ms] [INFO] %cDownload the React DevTools for a better development experience: https://react.dev/link/react-devtools font-weight:bold @ http://localhost:3000/_next/static/chunks/node_modules_next_dist_1e8vcs8._.js:776
[    1419ms] [LOG] [HMR] connected @ http://localhost:3000/_next/static/chunks/node_modules_next_dist_1e8vcs8._.js:776
[    1589ms] [LOG] [Fast Refresh] rebuilding @ http://localhost:3000/_next/static/chunks/node_modules_next_dist_1e8vcs8._.js:776
[    1603ms] [LOG] [Fast Refresh] done in 115ms @ http://localhost:3000/_next/static/chunks/node_modules_next_dist_1e8vcs8._.js:776
[  120871ms] [LOG] [Fast Refresh] rebuilding @ http://localhost:3000/_next/static/chunks/node_modules_next_dist_1e8vcs8._.js:776
[  120956ms] [LOG] [Fast Refresh] done in 197ms @ http://localhost:3000/_next/static/chunks/node_modules_next_dist_1e8vcs8._.js:776
[  206290ms] [LOG] [Fast Refresh] rebuilding @ http://localhost:3000/_next/static/chunks/node_modules_next_dist_1e8vcs8._.js:776
[  206706ms] [LOG] [Fast Refresh] done in 484ms @ http://localhost:3000/_next/static/chunks/node_modules_next_dist_1e8vcs8._.js:776
[  206762ms] [LOG] [Fast Refresh] done in 484ms @ http://localhost:3000/_next/static/chunks/node_modules_next_dist_1e8vcs8._.js:776
[  206822ms] [LOG] [Fast Refresh] done in 484ms @ http://localhost:3000/_next/static/chunks/node_modules_next_dist_1e8vcs8._.js:776
[  206871ms] [LOG] [Fast Refresh] done in 484ms @ http://localhost:3000/_next/static/chunks/node_modules_next_dist_1e8vcs8._.js:776
[  206923ms] [LOG] [Fast Refresh] done in 484ms @ http://localhost:3000/_next/static/chunks/node_modules_next_dist_1e8vcs8._.js:776
[  206978ms] [LOG] [Fast Refresh] done in 484ms @ http://localhost:3000/_next/static/chunks/node_modules_next_dist_1e8vcs8._.js:776
[  207039ms] [LOG] [Fast Refresh] done in 484ms @ http://localhost:3000/_next/static/chunks/node_modules_next_dist_1e8vcs8._.js:776
[  207096ms] [LOG] [Fast Refresh] done in 484ms @ http://localhost:3000/_next/static/chunks/node_modules_next_dist_1e8vcs8._.js:776
[  207149ms] [LOG] [Fast Refresh] done in 484ms @ http://localhost:3000/_next/static/chunks/node_modules_next_dist_1e8vcs8._.js:776
[  207241ms] [LOG] [Fast Refresh] done in 484ms @ http://localhost:3000/_next/static/chunks/node_modules_next_dist_1e8vcs8._.js:776
[  207305ms] [LOG] [Fast Refresh] done in 484ms @ http://localhost:3000/_next/static/chunks/node_modules_next_dist_1e8vcs8._.js:776
[  207368ms] [LOG] [Fast Refresh] done in 484ms @ http://localhost:3000/_next/static/chunks/node_modules_next_dist_1e8vcs8._.js:776
[  207437ms] [LOG] [Fast Refresh] done in 484ms @ http://localhost:3000/_next/static/chunks/node_modules_next_dist_1e8vcs8._.js:776
[  207490ms] [LOG] [Fast Refresh] done in 484ms @ http://localhost:3000/_next/static/chunks/node_modules_next_dist_1e8vcs8._.js:776
[  207553ms] [LOG] [Fast Refresh] done in 484ms @ http://localhost:3000/_next/static/chunks/node_modules_next_dist_1e8vcs8._.js:776
[  207611ms] [LOG] [Fast Refresh] done in 484ms @ http://localhost:3000/_next/static/chunks/node_modules_next_dist_1e8vcs8._.js:776
[  207670ms] [LOG] [Fast Refresh] done in 484ms @ http://localhost:3000/_next/static/chunks/node_modules_next_dist_1e8vcs8._.js:776
[  207738ms] [LOG] [Fast Refresh] done in 484ms @ http://localhost:3000/_next/static/chunks/node_modules_next_dist_1e8vcs8._.js:776
[  207789ms] [LOG] [Fast Refresh] done in 484ms @ http://localhost:3000/_next/static/chunks/node_modules_next_dist_1e8vcs8._.js:776
[  207838ms] [LOG] [Fast Refresh] done in 484ms @ http://localhost:3000/_next/static/chunks/node_modules_next_dist_1e8vcs8._.js:776
[  207888ms] [LOG] [Fast Refresh] done in 484ms @ http://localhost:3000/_next/static/chunks/node_modules_next_dist_1e8vcs8._.js:776
[  207939ms] [LOG] [Fast Refresh] done in 484ms @ http://localhost:3000/_next/static/chunks/node_modules_next_dist_1e8vcs8._.js:776
[  207989ms] [LOG] [Fast Refresh] done in 484ms @ http://localhost:3000/_next/static/chunks/node_modules_next_dist_1e8vcs8._.js:776
[  208056ms] [LOG] [Fast Refresh] done in 484ms @ http://localhost:3000/_next/static/chunks/node_modules_next_dist_1e8vcs8._.js:776
[  208121ms] [LOG] [Fast Refresh] done in 484ms @ http://localhost:3000/_next/static/chunks/node_modules_next_dist_1e8vcs8._.js:776
[  208173ms] [LOG] [Fast Refresh] done in 484ms @ http://localhost:3000/_next/static/chunks/node_modules_next_dist_1e8vcs8._.js:776
[  208237ms] [LOG] [Fast Refresh] done in 484ms @ http://localhost:3000/_next/static/chunks/node_modules_next_dist_1e8vcs8._.js:776
[  208290ms] [LOG] [Fast Refresh] done in 484ms @ http://localhost:3000/_next/static/chunks/node_modules_next_dist_1e8vcs8._.js:776
[  208352ms] [LOG] [Fast Refresh] done in 484ms @ http://localhost:3000/_next/static/chunks/node_modules_next_dist_1e8vcs8._.js:776
[  208406ms] [LOG] [Fast Refresh] done in 484ms @ http://localhost:3000/_next/static/chunks/node_modules_next_dist_1e8vcs8._.js:776
[  208455ms] [LOG] [Fast Refresh] done in 484ms @ http://localhost:3000/_next/static/chunks/node_modules_next_dist_1e8vcs8._.js:776
[  208505ms] [LOG] [Fast Refresh] done in 484ms @ http://localhost:3000/_next/static/chunks/node_modules_next_dist_1e8vcs8._.js:776
[  208557ms] [LOG] [Fast Refresh] done in 484ms @ http://localhost:3000/_next/static/chunks/node_modules_next_dist_1e8vcs8._.js:776
[  208620ms] [LOG] [Fast Refresh] done in 484ms @ http://localhost:3000/_next/static/chunks/node_modules_next_dist_1e8vcs8._.js:776
[  208678ms] [LOG] [Fast Refresh] done in 484ms @ http://localhost:3000/_next/static/chunks/node_modules_next_dist_1e8vcs8._.js:776
[  208738ms] [LOG] [Fast Refresh] done in 484ms @ http://localhost:3000/_next/static/chunks/node_modules_next_dist_1e8vcs8._.js:776
[  208788ms] [LOG] [Fast Refresh] done in 484ms @ http://localhost:3000/_next/static/chunks/node_modules_next_dist_1e8vcs8._.js:776
[  208838ms] [LOG] [Fast Refresh] done in 484ms @ http://localhost:3000/_next/static/chunks/node_modules_next_dist_1e8vcs8._.js:776
[  208906ms] [LOG] [Fast Refresh] done in 484ms @ http://localhost:3000/_next/static/chunks/node_modules_next_dist_1e8vcs8._.js:776
[  208956ms] [LOG] [Fast Refresh] done in 484ms @ http://localhost:3000/_next/static/chunks/node_modules_next_dist_1e8vcs8._.js:776
[  209020ms] [LOG] [Fast Refresh] done in 484ms @ http://localhost:3000/_next/static/chunks/node_modules_next_dist_1e8vcs8._.js:776
[  209088ms] [LOG] [Fast Refresh] done in 484ms @ http://localhost:3000/_next/static/chunks/node_modules_next_dist_1e8vcs8._.js:776
[  209140ms] [LOG] [Fast Refresh] done in 484ms @ http://localhost:3000/_next/static/chunks/node_modules_next_dist_1e8vcs8._.js:776
[  209184ms] [LOG] [Fast Refresh] done in 484ms @ http://localhost:3000/_next/static/chunks/node_modules_next_dist_1e8vcs8._.js:776
[  209236ms] [LOG] [Fast Refresh] done in 484ms @ http://localhost:3000/_next/static/chunks/node_modules_next_dist_1e8vcs8._.js:776
[  209289ms] [LOG] [Fast Refresh] done in 484ms @ http://localhost:3000/_next/static/chunks/node_modules_next_dist_1e8vcs8._.js:776
[  209337ms] [LOG] [Fast Refresh] done in 484ms @ http://localhost:3000/_next/static/chunks/node_modules_next_dist_1e8vcs8._.js:776
[  209389ms] [LOG] [Fast Refresh] done in 484ms @ http://localhost:3000/_next/static/chunks/node_modules_next_dist_1e8vcs8._.js:776
[  209438ms] [LOG] [Fast Refresh] done in 484ms @ http://localhost:3000/_next/static/chunks/node_modules_next_dist_1e8vcs8._.js:776
[  209489ms] [LOG] [Fast Refresh] done in 484ms @ http://localhost:3000/_next/static/chunks/node_modules_next_dist_1e8vcs8._.js:776
[  209538ms] [LOG] [Fast Refresh] done in 484ms @ http://localhost:3000/_next/static/chunks/node_modules_next_dist_1e8vcs8._.js:776
[  209590ms] [LOG] [Fast Refresh] done in 484ms @ http://localhost:3000/_next/static/chunks/node_modules_next_dist_1e8vcs8._.js:776
[  209638ms] [LOG] [Fast Refresh] done in 484ms @ http://localhost:3000/_next/static/chunks/node_modules_next_dist_1e8vcs8._.js:776
[  209687ms] [LOG] [Fast Refresh] done in 484ms @ http://localhost:3000/_next/static/chunks/node_modules_next_dist_1e8vcs8._.js:776
[  209740ms] [LOG] [Fast Refresh] done in 484ms @ http://localhost:3000/_next/static/chunks/node_modules_next_dist_1e8vcs8._.js:776
[  209788ms] [LOG] [Fast Refresh] done in 484ms @ http://localhost:3000/_next/static/chunks/node_modules_next_dist_1e8vcs8._.js:776
[  209838ms] [LOG] [Fast Refresh] done in 484ms @ http://localhost:3000/_next/static/chunks/node_modules_next_dist_1e8vcs8._.js:776
[  209888ms] [LOG] [Fast Refresh] done in 484ms @ http://localhost:3000/_next/static/chunks/node_modules_next_dist_1e8vcs8._.js:776
[  209940ms] [LOG] [Fast Refresh] done in 484ms @ http://localhost:3000/_next/static/chunks/node_modules_next_dist_1e8vcs8._.js:776
[  210005ms] [LOG] [Fast Refresh] done in 484ms @ http://localhost:3000/_next/static/chunks/node_modules_next_dist_1e8vcs8._.js:776
[  210053ms] [LOG] [Fast Refresh] done in 484ms @ http://localhost:3000/_next/static/chunks/node_modules_next_dist_1e8vcs8._.js:776
[  210106ms] [LOG] [Fast Refresh] done in 484ms @ http://localhost:3000/_next/static/chunks/node_modules_next_dist_1e8vcs8._.js:776
[  210164ms] [LOG] [Fast Refresh] done in 484ms @ http://localhost:3000/_next/static/chunks/node_modules_next_dist_1e8vcs8._.js:776
[  210220ms] [LOG] [Fast Refresh] done in 484ms @ http://localhost:3000/_next/static/chunks/node_modules_next_dist_1e8vcs8._.js:776
[  210290ms] [LOG] [Fast Refresh] done in 484ms @ http://localhost:3000/_next/static/chunks/node_modules_next_dist_1e8vcs8._.js:776
[  210353ms] [LOG] [Fast Refresh] done in 484ms @ http://localhost:3000/_next/static/chunks/node_modules_next_dist_1e8vcs8._.js:776
[  210404ms] [LOG] [Fast Refresh] done in 484ms @ http://localhost:3000/_next/static/chunks/node_modules_next_dist_1e8vcs8._.js:776
[  210455ms] [LOG] [Fast Refresh] done in 484ms @ http://localhost:3000/_next/static/chunks/node_modules_next_dist_1e8vcs8._.js:776
[  210505ms] [LOG] [Fast Refresh] done in 484ms @ http://localhost:3000/_next/static/chunks/node_modules_next_dist_1e8vcs8._.js:776
[  210555ms] [LOG] [Fast Refresh] done in 484ms @ http://localhost:3000/_next/static/chunks/node_modules_next_dist_1e8vcs8._.js:776
[  210604ms] [LOG] [Fast Refresh] done in 484ms @ http://localhost:3000/_next/static/chunks/node_modules_next_dist_1e8vcs8._.js:776
[  210671ms] [LOG] [Fast Refresh] done in 484ms @ http://localhost:3000/_next/static/chunks/node_modules_next_dist_1e8vcs8._.js:776
[  210720ms] [LOG] [Fast Refresh] done in 484ms @ http://localhost:3000/_next/static/chunks/node_modules_next_dist_1e8vcs8._.js:776
[  210771ms] [LOG] [Fast Refresh] done in 484ms @ http://localhost:3000/_next/static/chunks/node_modules_next_dist_1e8vcs8._.js:776
[  210836ms] [LOG] [Fast Refresh] done in 484ms @ http://localhost:3000/_next/static/chunks/node_modules_next_dist_1e8vcs8._.js:776
[  210887ms] [LOG] [Fast Refresh] done in 484ms @ http://localhost:3000/_next/static/chunks/node_modules_next_dist_1e8vcs8._.js:776
[  210940ms] [LOG] [Fast Refresh] done in 484ms @ http://localhost:3000/_next/static/chunks/node_modules_next_dist_1e8vcs8._.js:776
[  210997ms] [LOG] [Fast Refresh] done in 484ms @ http://localhost:3000/_next/static/chunks/node_modules_next_dist_1e8vcs8._.js:776
[  211054ms] [LOG] [Fast Refresh] done in 484ms @ http://localhost:3000/_next/static/chunks/node_modules_next_dist_1e8vcs8._.js:776
[  211106ms] [LOG] [Fast Refresh] done in 484ms @ http://localhost:3000/_next/static/chunks/node_modules_next_dist_1e8vcs8._.js:776
[  211157ms] [LOG] [Fast Refresh] done in 484ms @ http://localhost:3000/_next/static/chunks/node_modules_next_dist_1e8vcs8._.js:776
[  211221ms] [LOG] [Fast Refresh] done in 484ms @ http://localhost:3000/_next/static/chunks/node_modules_next_dist_1e8vcs8._.js:776
[  211270ms] [LOG] [Fast Refresh] done in 484ms @ http://localhost:3000/_next/static/chunks/node_modules_next_dist_1e8vcs8._.js:776
[  211320ms] [LOG] [Fast Refresh] done in 484ms @ http://localhost:3000/_next/static/chunks/node_modules_next_dist_1e8vcs8._.js:776
[  211371ms] [LOG] [Fast Refresh] done in 484ms @ http://localhost:3000/_next/static/chunks/node_modules_next_dist_1e8vcs8._.js:776
[  211423ms] [LOG] [Fast Refresh] done in 484ms @ http://localhost:3000/_next/static/chunks/node_modules_next_dist_1e8vcs8._.js:776
[  211477ms] [LOG] [Fast Refresh] done in 484ms @ http://localhost:3000/_next/static/chunks/node_modules_next_dist_1e8vcs8._.js:776
[  211522ms] [LOG] [Fast Refresh] done in 484ms @ http://localhost:3000/_next/static/chunks/node_modules_next_dist_1e8vcs8._.js:776
[  211571ms] [LOG] [Fast Refresh] done in 484ms @ http://localhost:3000/_next/static/chunks/node_modules_next_dist_1e8vcs8._.js:776
[  211621ms] [LOG] [Fast Refresh] done in 484ms @ http://localhost:3000/_next/static/chunks/node_modules_next_dist_1e8vcs8._.js:776
[  211672ms] [LOG] [Fast Refresh] done in 484ms @ http://localhost:3000/_next/static/chunks/node_modules_next_dist_1e8vcs8._.js:776
[  211721ms] [LOG] [Fast Refresh] done in 484ms @ http://localhost:3000/_next/static/chunks/node_modules_next_dist_1e8vcs8._.js:776
[  211771ms] [LOG] [Fast Refresh] done in 484ms @ http://localhost:3000/_next/static/chunks/node_modules_next_dist_1e8vcs8._.js:776
[  211821ms] [LOG] [Fast Refresh] done in 484ms @ http://localhost:3000/_next/static/chunks/node_modules_next_dist_1e8vcs8._.js:776
[  211870ms] [LOG] [Fast Refresh] done in 484ms @ http://localhost:3000/_next/static/chunks/node_modules_next_dist_1e8vcs8._.js:776
[  211920ms] [LOG] [Fast Refresh] done in 484ms @ http://localhost:3000/_next/static/chunks/node_modules_next_dist_1e8vcs8._.js:776
[  211974ms] [LOG] [Fast Refresh] done in 484ms @ http://localhost:3000/_next/static/chunks/node_modules_next_dist_1e8vcs8._.js:776
[  212023ms] [LOG] [Fast Refresh] done in 484ms @ http://localhost:3000/_next/static/chunks/node_modules_next_dist_1e8vcs8._.js:776
[  212073ms] [LOG] [Fast Refresh] done in 484ms @ http://localhost:3000/_next/static/chunks/node_modules_next_dist_1e8vcs8._.js:776
[  212122ms] [LOG] [Fast Refresh] done in 484ms @ http://localhost:3000/_next/static/chunks/node_modules_next_dist_1e8vcs8._.js:776
[  212172ms] [LOG] [Fast Refresh] done in 484ms @ http://localhost:3000/_next/static/chunks/node_modules_next_dist_1e8vcs8._.js:776
[  212220ms] [LOG] [Fast Refresh] done in 484ms @ http://localhost:3000/_next/static/chunks/node_modules_next_dist_1e8vcs8._.js:776
[  212271ms] [LOG] [Fast Refresh] done in 484ms @ http://localhost:3000/_next/static/chunks/node_modules_next_dist_1e8vcs8._.js:776
[  212320ms] [LOG] [Fast Refresh] done in 484ms @ http://localhost:3000/_next/static/chunks/node_modules_next_dist_1e8vcs8._.js:776
[  212372ms] [LOG] [Fast Refresh] done in 484ms @ http://localhost:3000/_next/static/chunks/node_modules_next_dist_1e8vcs8._.js:776
[  212421ms] [LOG] [Fast Refresh] done in 484ms @ http://localhost:3000/_next/static/chunks/node_modules_next_dist_1e8vcs8._.js:776
[  212472ms] [LOG] [Fast Refresh] done in 484ms @ http://localhost:3000/_next/static/chunks/node_modules_next_dist_1e8vcs8._.js:776
[  212523ms] [LOG] [Fast Refresh] done in 484ms @ http://localhost:3000/_next/static/chunks/node_modules_next_dist_1e8vcs8._.js:776
[  212571ms] [LOG] [Fast Refresh] done in 484ms @ http://localhost:3000/_next/static/chunks/node_modules_next_dist_1e8vcs8._.js:776
[  212621ms] [LOG] [Fast Refresh] done in 484ms @ http://localhost:3000/_next/static/chunks/node_modules_next_dist_1e8vcs8._.js:776
[  212671ms] [LOG] [Fast Refresh] done in 484ms @ http://localhost:3000/_next/static/chunks/node_modules_next_dist_1e8vcs8._.js:776
[  212720ms] [LOG] [Fast Refresh] done in 484ms @ http://localhost:3000/_next/static/chunks/node_modules_next_dist_1e8vcs8._.js:776
[  212773ms] [LOG] [Fast Refresh] done in 484ms @ http://localhost:3000/_next/static/chunks/node_modules_next_dist_1e8vcs8._.js:776
[  212838ms] [LOG] [Fast Refresh] done in 484ms @ http://localhost:3000/_next/static/chunks/node_modules_next_dist_1e8vcs8._.js:776
[  212904ms] [LOG] [Fast Refresh] done in 484ms @ http://localhost:3000/_next/static/chunks/node_modules_next_dist_1e8vcs8._.js:776
[  212956ms] [LOG] [Fast Refresh] done in 484ms @ http://localhost:3000/_next/static/chunks/node_modules_next_dist_1e8vcs8._.js:776
[  213009ms] [LOG] [Fast Refresh] done in 484ms @ http://localhost:3000/_next/static/chunks/node_modules_next_dist_1e8vcs8._.js:776
[  213067ms] [LOG] [Fast Refresh] done in 484ms @ http://localhost:3000/_next/static/chunks/node_modules_next_dist_1e8vcs8._.js:776
[  213111ms] [LOG] [Fast Refresh] done in 484ms @ http://localhost:3000/_next/static/chunks/node_modules_next_dist_1e8vcs8._.js:776
[  213170ms] [LOG] [Fast Refresh] done in 484ms @ http://localhost:3000/_next/static/chunks/node_modules_next_dist_1e8vcs8._.js:776
[  213222ms] [LOG] [Fast Refresh] done in 484ms @ http://localhost:3000/_next/static/chunks/node_modules_next_dist_1e8vcs8._.js:776
[  213283ms] [LOG] [Fast Refresh] done in 484ms @ http://localhost:3000/_next/static/chunks/node_modules_next_dist_1e8vcs8._.js:776
[  213323ms] [LOG] [Fast Refresh] done in 484ms @ http://localhost:3000/_next/static/chunks/node_modules_next_dist_1e8vcs8._.js:776
[  213370ms] [LOG] [Fast Refresh] done in 484ms @ http://localhost:3000/_next/static/chunks/node_modules_next_dist_1e8vcs8._.js:776
[  213420ms] [LOG] [Fast Refresh] done in 484ms @ http://localhost:3000/_next/static/chunks/node_modules_next_dist_1e8vcs8._.js:776
[  213472ms] [LOG] [Fast Refresh] done in 484ms @ http://localhost:3000/_next/static/chunks/node_modules_next_dist_1e8vcs8._.js:776
[  213521ms] [LOG] [Fast Refresh] done in 484ms @ http://localhost:3000/_next/static/chunks/node_modules_next_dist_1e8vcs8._.js:776
[  213572ms] [LOG] [Fast Refresh] done in 484ms @ http://localhost:3000/_next/static/chunks/node_modules_next_dist_1e8vcs8._.js:776
[  213623ms] [LOG] [Fast Refresh] done in 484ms @ http://localhost:3000/_next/static/chunks/node_modules_next_dist_1e8vcs8._.js:776
[  213686ms] [LOG] [Fast Refresh] done in 484ms @ http://localhost:3000/_next/static/chunks/node_modules_next_dist_1e8vcs8._.js:776
[  213737ms] [LOG] [Fast Refresh] done in 484ms @ http://localhost:3000/_next/static/chunks/node_modules_next_dist_1e8vcs8._.js:776
[  213794ms] [LOG] [Fast Refresh] done in 484ms @ http://localhost:3000/_next/static/chunks/node_modules_next_dist_1e8vcs8._.js:776
[  213854ms] [LOG] [Fast Refresh] done in 484ms @ http://localhost:3000/_next/static/chunks/node_modules_next_dist_1e8vcs8._.js:776
[  213920ms] [LOG] [Fast Refresh] done in 484ms @ http://localhost:3000/_next/static/chunks/node_modules_next_dist_1e8vcs8._.js:776
[  213973ms] [LOG] [Fast Refresh] done in 484ms @ http://localhost:3000/_next/static/chunks/node_modules_next_dist_1e8vcs8._.js:776
[  214026ms] [LOG] [Fast Refresh] done in 484ms @ http://localhost:3000/_next/static/chunks/node_modules_next_dist_1e8vcs8._.js:776
[  214075ms] [LOG] [Fast Refresh] done in 484ms @ http://localhost:3000/_next/static/chunks/node_modules_next_dist_1e8vcs8._.js:776
[  214134ms] [LOG] [Fast Refresh] done in 484ms @ http://localhost:3000/_next/static/chunks/node_modules_next_dist_1e8vcs8._.js:776
[  214187ms] [LOG] [Fast Refresh] done in 484ms @ http://localhost:3000/_next/static/chunks/node_modules_next_dist_1e8vcs8._.js:776
[  214240ms] [LOG] [Fast Refresh] done in 484ms @ http://localhost:3000/_next/static/chunks/node_modules_next_dist_1e8vcs8._.js:776
[  214291ms] [LOG] [Fast Refresh] done in 484ms @ http://localhost:3000/_next/static/chunks/node_modules_next_dist_1e8vcs8._.js:776
[  214354ms] [LOG] [Fast Refresh] done in 484ms @ http://localhost:3000/_next/static/chunks/node_modules_next_dist_1e8vcs8._.js:776
[  214406ms] [LOG] [Fast Refresh] done in 484ms @ http://localhost:3000/_next/static/chunks/node_modules_next_dist_1e8vcs8._.js:776
[  214454ms] [LOG] [Fast Refresh] done in 484ms @ http://localhost:3000/_next/static/chunks/node_modules_next_dist_1e8vcs8._.js:776
[  214504ms] [LOG] [Fast Refresh] done in 484ms @ http://localhost:3000/_next/static/chunks/node_modules_next_dist_1e8vcs8._.js:776
[  214571ms] [LOG] [Fast Refresh] done in 484ms @ http://localhost:3000/_next/static/chunks/node_modules_next_dist_1e8vcs8._.js:776
[  214621ms] [LOG] [Fast Refresh] done in 484ms @ http://localhost:3000/_next/static/chunks/node_modules_next_dist_1e8vcs8._.js:776
[  214671ms] [LOG] [Fast Refresh] done in 484ms @ http://localhost:3000/_next/static/chunks/node_modules_next_dist_1e8vcs8._.js:776
[  214721ms] [LOG] [Fast Refresh] done in 484ms @ http://localhost:3000/_next/static/chunks/node_modules_next_dist_1e8vcs8._.js:776
[  214788ms] [LOG] [Fast Refresh] done in 484ms @ http://localhost:3000/_next/static/chunks/node_modules_next_dist_1e8vcs8._.js:776
[  214838ms] [LOG] [Fast Refresh] done in 484ms @ http://localhost:3000/_next/static/chunks/node_modules_next_dist_1e8vcs8._.js:776
[  214888ms] [LOG] [Fast Refresh] done in 484ms @ http://localhost:3000/_next/static/chunks/node_modules_next_dist_1e8vcs8._.js:776
[  214942ms] [LOG] [Fast Refresh] done in 484ms @ http://localhost:3000/_next/static/chunks/node_modules_next_dist_1e8vcs8._.js:776
[  214989ms] [LOG] [Fast Refresh] done in 484ms @ http://localhost:3000/_next/static/chunks/node_modules_next_dist_1e8vcs8._.js:776
[  215055ms] [LOG] [Fast Refresh] done in 484ms @ http://localhost:3000/_next/static/chunks/node_modules_next_dist_1e8vcs8._.js:776
[  215108ms] [LOG] [Fast Refresh] done in 484ms @ http://localhost:3000/_next/static/chunks/node_modules_next_dist_1e8vcs8._.js:776
[  215171ms] [LOG] [Fast Refresh] done in 484ms @ http://localhost:3000/_next/static/chunks/node_modules_next_dist_1e8vcs8._.js:776
[  215222ms] [LOG] [Fast Refresh] done in 484ms @ http://localhost:3000/_next/static/chunks/node_modules_next_dist_1e8vcs8._.js:776
[  215286ms] [LOG] [Fast Refresh] done in 484ms @ http://localhost:3000/_next/static/chunks/node_modules_next_dist_1e8vcs8._.js:776
[  215339ms] [LOG] [Fast Refresh] done in 484ms @ http://localhost:3000/_next/static/chunks/node_modules_next_dist_1e8vcs8._.js:776
[  215388ms] [LOG] [Fast Refresh] done in 484ms @ http://localhost:3000/_next/static/chunks/node_modules_next_dist_1e8vcs8._.js:776
[  215454ms] [LOG] [Fast Refresh] done in 484ms @ http://localhost:3000/_next/static/chunks/node_modules_next_dist_1e8vcs8._.js:776
[  215521ms] [LOG] [Fast Refresh] done in 484ms @ http://localhost:3000/_next/static/chunks/node_modules_next_dist_1e8vcs8._.js:776
[  215571ms] [LOG] [Fast Refresh] done in 484ms @ http://localhost:3000/_next/static/chunks/node_modules_next_dist_1e8vcs8._.js:776
[  215621ms] [LOG] [Fast Refresh] done in 484ms @ http://localhost:3000/_next/static/chunks/node_modules_next_dist_1e8vcs8._.js:776
[  215671ms] [LOG] [Fast Refresh] done in 484ms @ http://localhost:3000/_next/static/chunks/node_modules_next_dist_1e8vcs8._.js:776
[  215721ms] [LOG] [Fast Refresh] done in 484ms @ http://localhost:3000/_next/static/chunks/node_modules_next_dist_1e8vcs8._.js:776
[  215770ms] [LOG] [Fast Refresh] done in 484ms @ http://localhost:3000/_next/static/chunks/node_modules_next_dist_1e8vcs8._.js:776
[  215822ms] [LOG] [Fast Refresh] done in 484ms @ http://localhost:3000/_next/static/chunks/node_modules_next_dist_1e8vcs8._.js:776
[  215875ms] [LOG] [Fast Refresh] done in 484ms @ http://localhost:3000/_next/static/chunks/node_modules_next_dist_1e8vcs8._.js:776
[  215939ms] [LOG] [Fast Refresh] done in 484ms @ http://localhost:3000/_next/static/chunks/node_modules_next_dist_1e8vcs8._.js:776
[  215991ms] [LOG] [Fast Refresh] done in 484ms @ http://localhost:3000/_next/static/chunks/node_modules_next_dist_1e8vcs8._.js:776
[  216039ms] [LOG] [Fast Refresh] done in 484ms @ http://localhost:3000/_next/static/chunks/node_modules_next_dist_1e8vcs8._.js:776
[  216093ms] [LOG] [Fast Refresh] done in 484ms @ http://localhost:3000/_next/static/chunks/node_modules_next_dist_1e8vcs8._.js:776
[  216154ms] [LOG] [Fast Refresh] done in 484ms @ http://localhost:3000/_next/static/chunks/node_modules_next_dist_1e8vcs8._.js:776
[  216204ms] [LOG] [Fast Refresh] done in 484ms @ http://localhost:3000/_next/static/chunks/node_modules_next_dist_1e8vcs8._.js:776
[  216256ms] [LOG] [Fast Refresh] done in 484ms @ http://localhost:3000/_next/static/chunks/node_modules_next_dist_1e8vcs8._.js:776
[  216306ms] [LOG] [Fast Refresh] done in 484ms @ http://localhost:3000/_next/static/chunks/node_modules_next_dist_1e8vcs8._.js:776
[  216354ms] [LOG] [Fast Refresh] done in 484ms @ http://localhost:3000/_next/static/chunks/node_modules_next_dist_1e8vcs8._.js:776
[  216421ms] [LOG] [Fast Refresh] done in 484ms @ http://localhost:3000/_next/static/chunks/node_modules_next_dist_1e8vcs8._.js:776
[  216471ms] [LOG] [Fast Refresh] done in 484ms @ http://localhost:3000/_next/static/chunks/node_modules_next_dist_1e8vcs8._.js:776
[  216521ms] [LOG] [Fast Refresh] done in 484ms @ http://localhost:3000/_next/static/chunks/node_modules_next_dist_1e8vcs8._.js:776
[  216570ms] [LOG] [Fast Refresh] done in 484ms @ http://localhost:3000/_next/static/chunks/node_modules_next_dist_1e8vcs8._.js:776
[  216620ms] [LOG] [Fast Refresh] done in 484ms @ http://localhost:3000/_next/static/chunks/node_modules_next_dist_1e8vcs8._.js:776
[  216672ms] [LOG] [Fast Refresh] done in 484ms @ http://localhost:3000/_next/static/chunks/node_modules_next_dist_1e8vcs8._.js:776
[  216721ms] [LOG] [Fast Refresh] done in 484ms @ http://localhost:3000/_next/static/chunks/node_modules_next_dist_1e8vcs8._.js:776
[  216771ms] [LOG] [Fast Refresh] done in 484ms @ http://localhost:3000/_next/static/chunks/node_modules_next_dist_1e8vcs8._.js:776
[  216821ms] [LOG] [Fast Refresh] done in 484ms @ http://localhost:3000/_next/static/chunks/node_modules_next_dist_1e8vcs8._.js:776
[  216880ms] [LOG] [Fast Refresh] done in 484ms @ http://localhost:3000/_next/static/chunks/node_modules_next_dist_1e8vcs8._.js:776
[  216922ms] [LOG] [Fast Refresh] done in 484ms @ http://localhost:3000/_next/static/chunks/node_modules_next_dist_1e8vcs8._.js:776
[  216978ms] [LOG] [Fast Refresh] done in 484ms @ http://localhost:3000/_next/static/chunks/node_modules_next_dist_1e8vcs8._.js:776
[  217037ms] [LOG] [Fast Refresh] done in 484ms @ http://localhost:3000/_next/static/chunks/node_modules_next_dist_1e8vcs8._.js:776
[  217093ms] [LOG] [Fast Refresh] done in 484ms @ http://localhost:3000/_next/static/chunks/node_modules_next_dist_1e8vcs8._.js:776
[  217154ms] [LOG] [Fast Refresh] done in 484ms @ http://localhost:3000/_next/static/chunks/node_modules_next_dist_1e8vcs8._.js:776
[  217219ms] [LOG] [Fast Refresh] done in 484ms @ http://localhost:3000/_next/static/chunks/node_modules_next_dist_1e8vcs8._.js:776
[  217271ms] [LOG] [Fast Refresh] done in 484ms @ http://localhost:3000/_next/static/chunks/node_modules_next_dist_1e8vcs8._.js:776
[  217320ms] [LOG] [Fast Refresh] done in 484ms @ http://localhost:3000/_next/static/chunks/node_modules_next_dist_1e8vcs8._.js:776
[  217371ms] [LOG] [Fast Refresh] done in 484ms @ http://localhost:3000/_next/static/chunks/node_modules_next_dist_1e8vcs8._.js:776
[  217422ms] [LOG] [Fast Refresh] done in 484ms @ http://localhost:3000/_next/static/chunks/node_modules_next_dist_1e8vcs8._.js:776
[  217472ms] [LOG] [Fast Refresh] done in 484ms @ http://localhost:3000/_next/static/chunks/node_modules_next_dist_1e8vcs8._.js:776
[  217521ms] [LOG] [Fast Refresh] done in 484ms @ http://localhost:3000/_next/static/chunks/node_modules_next_dist_1e8vcs8._.js:776
[  217587ms] [LOG] [Fast Refresh] done in 484ms @ http://localhost:3000/_next/static/chunks/node_modules_next_dist_1e8vcs8._.js:776
[  217638ms] [LOG] [Fast Refresh] done in 484ms @ http://localhost:3000/_next/static/chunks/node_modules_next_dist_1e8vcs8._.js:776
[  217688ms] [LOG] [Fast Refresh] done in 484ms @ http://localhost:3000/_next/static/chunks/node_modules_next_dist_1e8vcs8._.js:776
[  217740ms] [LOG] [Fast Refresh] done in 484ms @ http://localhost:3000/_next/static/chunks/node_modules_next_dist_1e8vcs8._.js:776
[  217787ms] [LOG] [Fast Refresh] done in 484ms @ http://localhost:3000/_next/static/chunks/node_modules_next_dist_1e8vcs8._.js:776
[  217835ms] [LOG] [Fast Refresh] done in 484ms @ http://localhost:3000/_next/static/chunks/node_modules_next_dist_1e8vcs8._.js:776
[  217903ms] [LOG] [Fast Refresh] done in 484ms @ http://localhost:3000/_next/static/chunks/node_modules_next_dist_1e8vcs8._.js:776
[  217973ms] [LOG] [Fast Refresh] done in 484ms @ http://localhost:3000/_next/static/chunks/node_modules_next_dist_1e8vcs8._.js:776
[  218027ms] [LOG] [Fast Refresh] done in 484ms @ http://localhost:3000/_next/static/chunks/node_modules_next_dist_1e8vcs8._.js:776
[  218074ms] [LOG] [Fast Refresh] done in 484ms @ http://localhost:3000/_next/static/chunks/node_modules_next_dist_1e8vcs8._.js:776
[  218137ms] [LOG] [Fast Refresh] done in 484ms @ http://localhost:3000/_next/static/chunks/node_modules_next_dist_1e8vcs8._.js:776
[  218204ms] [LOG] [Fast Refresh] done in 484ms @ http://localhost:3000/_next/static/chunks/node_modules_next_dist_1e8vcs8._.js:776
[  218274ms] [LOG] [Fast Refresh] done in 484ms @ http://localhost:3000/_next/static/chunks/node_modules_next_dist_1e8vcs8._.js:776
[  218337ms] [LOG] [Fast Refresh] done in 484ms @ http://localhost:3000/_next/static/chunks/node_modules_next_dist_1e8vcs8._.js:776
[  218389ms] [LOG] [Fast Refresh] done in 484ms @ http://localhost:3000/_next/static/chunks/node_modules_next_dist_1e8vcs8._.js:776
[  218437ms] [LOG] [Fast Refresh] done in 484ms @ http://localhost:3000/_next/static/chunks/node_modules_next_dist_1e8vcs8._.js:776
[  218502ms] [LOG] [Fast Refresh] done in 484ms @ http://localhost:3000/_next/static/chunks/node_modules_next_dist_1e8vcs8._.js:776
[  218555ms] [LOG] [Fast Refresh] done in 484ms @ http://localhost:3000/_next/static/chunks/node_modules_next_dist_1e8vcs8._.js:776
[  218604ms] [LOG] [Fast Refresh] done in 484ms @ http://localhost:3000/_next/static/chunks/node_modules_next_dist_1e8vcs8._.js:776
[  218655ms] [LOG] [Fast Refresh] done in 484ms @ http://localhost:3000/_next/static/chunks/node_modules_next_dist_1e8vcs8._.js:776
[  218705ms] [LOG] [Fast Refresh] done in 484ms @ http://localhost:3000/_next/static/chunks/node_modules_next_dist_1e8vcs8._.js:776
[  218755ms] [LOG] [Fast Refresh] done in 484ms @ http://localhost:3000/_next/static/chunks/node_modules_next_dist_1e8vcs8._.js:776
[  218805ms] [LOG] [Fast Refresh] done in 484ms @ http://localhost:3000/_next/static/chunks/node_modules_next_dist_1e8vcs8._.js:776
[  218855ms] [LOG] [Fast Refresh] done in 484ms @ http://localhost:3000/_next/static/chunks/node_modules_next_dist_1e8vcs8._.js:776
[  218905ms] [LOG] [Fast Refresh] done in 484ms @ http://localhost:3000/_next/static/chunks/node_modules_next_dist_1e8vcs8._.js:776
[  218957ms] [LOG] [Fast Refresh] done in 484ms @ http://localhost:3000/_next/static/chunks/node_modules_next_dist_1e8vcs8._.js:776
[  219007ms] [LOG] [Fast Refresh] done in 484ms @ http://localhost:3000/_next/static/chunks/node_modules_next_dist_1e8vcs8._.js:776
[  219072ms] [LOG] [Fast Refresh] done in 484ms @ http://localhost:3000/_next/static/chunks/node_modules_next_dist_1e8vcs8._.js:776
[  219122ms] [LOG] [Fast Refresh] done in 484ms @ http://localhost:3000/_next/static/chunks/node_modules_next_dist_1e8vcs8._.js:776
[  219173ms] [LOG] [Fast Refresh] done in 484ms @ http://localhost:3000/_next/static/chunks/node_modules_next_dist_1e8vcs8._.js:776
[  219220ms] [LOG] [Fast Refresh] done in 484ms @ http://localhost:3000/_next/static/chunks/node_modules_next_dist_1e8vcs8._.js:776
[  219264ms] [LOG] [Fast Refresh] done in 484ms @ http://localhost:3000/_next/static/chunks/node_modules_next_dist_1e8vcs8._.js:776
[  219305ms] [LOG] [Fast Refresh] done in 484ms @ http://localhost:3000/_next/static/chunks/node_modules_next_dist_1e8vcs8._.js:776
[  219372ms] [LOG] [Fast Refresh] done in 484ms @ http://localhost:3000/_next/static/chunks/node_modules_next_dist_1e8vcs8._.js:776
[  219437ms] [LOG] [Fast Refresh] done in 484ms @ http://localhost:3000/_next/static/chunks/node_modules_next_dist_1e8vcs8._.js:776
[  219495ms] [LOG] [Fast Refresh] done in 484ms @ http://localhost:3000/_next/static/chunks/node_modules_next_dist_1e8vcs8._.js:776
[  219538ms] [LOG] [Fast Refresh] done in 484ms @ http://localhost:3000/_next/static/chunks/node_modules_next_dist_1e8vcs8._.js:776
[  219588ms] [LOG] [Fast Refresh] done in 484ms @ http://localhost:3000/_next/static/chunks/node_modules_next_dist_1e8vcs8._.js:776
[  219637ms] [LOG] [Fast Refresh] done in 484ms @ http://localhost:3000/_next/static/chunks/node_modules_next_dist_1e8vcs8._.js:776
[  219705ms] [LOG] [Fast Refresh] done in 484ms @ http://localhost:3000/_next/static/chunks/node_modules_next_dist_1e8vcs8._.js:776
[  219769ms] [LOG] [Fast Refresh] done in 484ms @ http://localhost:3000/_next/static/chunks/node_modules_next_dist_1e8vcs8._.js:776
[  219822ms] [LOG] [Fast Refresh] done in 484ms @ http://localhost:3000/_next/static/chunks/node_modules_next_dist_1e8vcs8._.js:776
[  219872ms] [LOG] [Fast Refresh] done in 484ms @ http://localhost:3000/_next/static/chunks/node_modules_next_dist_1e8vcs8._.js:776
[  219920ms] [LOG] [Fast Refresh] done in 484ms @ http://localhost:3000/_next/static/chunks/node_modules_next_dist_1e8vcs8._.js:776
[  219972ms] [LOG] [Fast Refresh] done in 484ms @ http://localhost:3000/_next/static/chunks/node_modules_next_dist_1e8vcs8._.js:776
[  220028ms] [LOG] [Fast Refresh] done in 484ms @ http://localhost:3000/_next/static/chunks/node_modules_next_dist_1e8vcs8._.js:776
[  220075ms] [LOG] [Fast Refresh] done in 484ms @ http://localhost:3000/_next/static/chunks/node_modules_next_dist_1e8vcs8._.js:776
[  220122ms] [LOG] [Fast Refresh] done in 484ms @ http://localhost:3000/_next/static/chunks/node_modules_next_dist_1e8vcs8._.js:776
[  220187ms] [LOG] [Fast Refresh] done in 484ms @ http://localhost:3000/_next/static/chunks/node_modules_next_dist_1e8vcs8._.js:776
[  220238ms] [LOG] [Fast Refresh] done in 484ms @ http://localhost:3000/_next/static/chunks/node_modules_next_dist_1e8vcs8._.js:776
[  220287ms] [LOG] [Fast Refresh] done in 484ms @ http://localhost:3000/_next/static/chunks/node_modules_next_dist_1e8vcs8._.js:776
[  220338ms] [LOG] [Fast Refresh] done in 484ms @ http://localhost:3000/_next/static/chunks/node_modules_next_dist_1e8vcs8._.js:776
[  220387ms] [LOG] [Fast Refresh] done in 484ms @ http://localhost:3000/_next/static/chunks/node_modules_next_dist_1e8vcs8._.js:776
[  220438ms] [LOG] [Fast Refresh] done in 484ms @ http://localhost:3000/_next/static/chunks/node_modules_next_dist_1e8vcs8._.js:776
[  220488ms] [LOG] [Fast Refresh] done in 484ms @ http://localhost:3000/_next/static/chunks/node_modules_next_dist_1e8vcs8._.js:776
[  220538ms] [LOG] [Fast Refresh] done in 484ms @ http://localhost:3000/_next/static/chunks/node_modules_next_dist_1e8vcs8._.js:776
[  220603ms] [LOG] [Fast Refresh] done in 484ms @ http://localhost:3000/_next/static/chunks/node_modules_next_dist_1e8vcs8._.js:776
[  220655ms] [LOG] [Fast Refresh] done in 484ms @ http://localhost:3000/_next/static/chunks/node_modules_next_dist_1e8vcs8._.js:776
[  220710ms] [LOG] [Fast Refresh] done in 484ms @ http://localhost:3000/_next/static/chunks/node_modules_next_dist_1e8vcs8._.js:776
[  220771ms] [LOG] [Fast Refresh] done in 484ms @ http://localhost:3000/_next/static/chunks/node_modules_next_dist_1e8vcs8._.js:776
[  220822ms] [LOG] [Fast Refresh] done in 484ms @ http://localhost:3000/_next/static/chunks/node_modules_next_dist_1e8vcs8._.js:776
[  220871ms] [LOG] [Fast Refresh] done in 484ms @ http://localhost:3000/_next/static/chunks/node_modules_next_dist_1e8vcs8._.js:776
[  220921ms] [LOG] [Fast Refresh] done in 484ms @ http://localhost:3000/_next/static/chunks/node_modules_next_dist_1e8vcs8._.js:776
[  220975ms] [LOG] [Fast Refresh] done in 484ms @ http://localhost:3000/_next/static/chunks/node_modules_next_dist_1e8vcs8._.js:776
[  221036ms] [LOG] [Fast Refresh] done in 484ms @ http://localhost:3000/_next/static/chunks/node_modules_next_dist_1e8vcs8._.js:776
[  221095ms] [LOG] [Fast Refresh] done in 484ms @ http://localhost:3000/_next/static/chunks/node_modules_next_dist_1e8vcs8._.js:776
[  221154ms] [LOG] [Fast Refresh] done in 484ms @ http://localhost:3000/_next/static/chunks/node_modules_next_dist_1e8vcs8._.js:776
[  221220ms] [LOG] [Fast Refresh] done in 484ms @ http://localhost:3000/_next/static/chunks/node_modules_next_dist_1e8vcs8._.js:776
[  221270ms] [LOG] [Fast Refresh] done in 484ms @ http://localhost:3000/_next/static/chunks/node_modules_next_dist_1e8vcs8._.js:776
[  221322ms] [LOG] [Fast Refresh] done in 484ms @ http://localhost:3000/_next/static/chunks/node_modules_next_dist_1e8vcs8._.js:776
[  221372ms] [LOG] [Fast Refresh] done in 484ms @ http://localhost:3000/_next/static/chunks/node_modules_next_dist_1e8vcs8._.js:776
[  221421ms] [LOG] [Fast Refresh] done in 484ms @ http://localhost:3000/_next/static/chunks/node_modules_next_dist_1e8vcs8._.js:776
[  221471ms] [LOG] [Fast Refresh] done in 484ms @ http://localhost:3000/_next/static/chunks/node_modules_next_dist_1e8vcs8._.js:776
[  221522ms] [LOG] [Fast Refresh] done in 484ms @ http://localhost:3000/_next/static/chunks/node_modules_next_dist_1e8vcs8._.js:776
[  221572ms] [LOG] [Fast Refresh] done in 484ms @ http://localhost:3000/_next/static/chunks/node_modules_next_dist_1e8vcs8._.js:776
[  221621ms] [LOG] [Fast Refresh] done in 484ms @ http://localhost:3000/_next/static/chunks/node_modules_next_dist_1e8vcs8._.js:776
[  221672ms] [LOG] [Fast Refresh] done in 484ms @ http://localhost:3000/_next/static/chunks/node_modules_next_dist_1e8vcs8._.js:776
[  221722ms] [LOG] [Fast Refresh] done in 484ms @ http://localhost:3000/_next/static/chunks/node_modules_next_dist_1e8vcs8._.js:776
[  221787ms] [LOG] [Fast Refresh] done in 484ms @ http://localhost:3000/_next/static/chunks/node_modules_next_dist_1e8vcs8._.js:776
[  221838ms] [LOG] [Fast Refresh] done in 484ms @ http://localhost:3000/_next/static/chunks/node_modules_next_dist_1e8vcs8._.js:776
[  221888ms] [LOG] [Fast Refresh] done in 484ms @ http://localhost:3000/_next/static/chunks/node_modules_next_dist_1e8vcs8._.js:776
[  221939ms] [LOG] [Fast Refresh] done in 484ms @ http://localhost:3000/_next/static/chunks/node_modules_next_dist_1e8vcs8._.js:776
[  221997ms] [LOG] [Fast Refresh] done in 484ms @ http://localhost:3000/_next/static/chunks/node_modules_next_dist_1e8vcs8._.js:776
[  222054ms] [LOG] [Fast Refresh] done in 484ms @ http://localhost:3000/_next/static/chunks/node_modules_next_dist_1e8vcs8._.js:776
[  222120ms] [LOG] [Fast Refresh] done in 484ms @ http://localhost:3000/_next/static/chunks/node_modules_next_dist_1e8vcs8._.js:776
[  222170ms] [LOG] [Fast Refresh] done in 484ms @ http://localhost:3000/_next/static/chunks/node_modules_next_dist_1e8vcs8._.js:776
[  222221ms] [LOG] [Fast Refresh] done in 484ms @ http://localhost:3000/_next/static/chunks/node_modules_next_dist_1e8vcs8._.js:776
[  222271ms] [LOG] [Fast Refresh] done in 484ms @ http://localhost:3000/_next/static/chunks/node_modules_next_dist_1e8vcs8._.js:776
[  222336ms] [LOG] [Fast Refresh] done in 484ms @ http://localhost:3000/_next/static/chunks/node_modules_next_dist_1e8vcs8._.js:776
[  222387ms] [LOG] [Fast Refresh] done in 484ms @ http://localhost:3000/_next/static/chunks/node_modules_next_dist_1e8vcs8._.js:776
[  222438ms] [LOG] [Fast Refresh] done in 484ms @ http://localhost:3000/_next/static/chunks/node_modules_next_dist_1e8vcs8._.js:776
[  222488ms] [LOG] [Fast Refresh] done in 484ms @ http://localhost:3000/_next/static/chunks/node_modules_next_dist_1e8vcs8._.js:776
[  222539ms] [LOG] [Fast Refresh] done in 484ms @ http://localhost:3000/_next/static/chunks/node_modules_next_dist_1e8vcs8._.js:776
[  222590ms] [LOG] [Fast Refresh] done in 484ms @ http://localhost:3000/_next/static/chunks/node_modules_next_dist_1e8vcs8._.js:776
[  222644ms] [LOG] [Fast Refresh] done in 484ms @ http://localhost:3000/_next/static/chunks/node_modules_next_dist_1e8vcs8._.js:776
[  222703ms] [LOG] [Fast Refresh] done in 484ms @ http://localhost:3000/_next/static/chunks/node_modules_next_dist_1e8vcs8._.js:776
[  222754ms] [LOG] [Fast Refresh] done in 484ms @ http://localhost:3000/_next/static/chunks/node_modules_next_dist_1e8vcs8._.js:776
[  222806ms] [LOG] [Fast Refresh] done in 484ms @ http://localhost:3000/_next/static/chunks/node_modules_next_dist_1e8vcs8._.js:776
[  222854ms] [LOG] [Fast Refresh] done in 484ms @ http://localhost:3000/_next/static/chunks/node_modules_next_dist_1e8vcs8._.js:776
[  222905ms] [LOG] [Fast Refresh] done in 484ms @ http://localhost:3000/_next/static/chunks/node_modules_next_dist_1e8vcs8._.js:776
[  222955ms] [LOG] [Fast Refresh] done in 484ms @ http://localhost:3000/_next/static/chunks/node_modules_next_dist_1e8vcs8._.js:776
[  223008ms] [LOG] [Fast Refresh] done in 484ms @ http://localhost:3000/_next/static/chunks/node_modules_next_dist_1e8vcs8._.js:776
[  223072ms] [LOG] [Fast Refresh] done in 484ms @ http://localhost:3000/_next/static/chunks/node_modules_next_dist_1e8vcs8._.js:776
[  223122ms] [LOG] [Fast Refresh] done in 484ms @ http://localhost:3000/_next/static/chunks/node_modules_next_dist_1e8vcs8._.js:776
[  223171ms] [LOG] [Fast Refresh] done in 484ms @ http://localhost:3000/_next/static/chunks/node_modules_next_dist_1e8vcs8._.js:776
[  223221ms] [LOG] [Fast Refresh] done in 484ms @ http://localhost:3000/_next/static/chunks/node_modules_next_dist_1e8vcs8._.js:776
[  223272ms] [LOG] [Fast Refresh] done in 484ms @ http://localhost:3000/_next/static/chunks/node_modules_next_dist_1e8vcs8._.js:776
[  223321ms] [LOG] [Fast Refresh] done in 484ms @ http://localhost:3000/_next/static/chunks/node_modules_next_dist_1e8vcs8._.js:776
[  223371ms] [LOG] [Fast Refresh] done in 484ms @ http://localhost:3000/_next/static/chunks/node_modules_next_dist_1e8vcs8._.js:776
[  223421ms] [LOG] [Fast Refresh] done in 484ms @ http://localhost:3000/_next/static/chunks/node_modules_next_dist_1e8vcs8._.js:776
[  223471ms] [LOG] [Fast Refresh] done in 484ms @ http://localhost:3000/_next/static/chunks/node_modules_next_dist_1e8vcs8._.js:776
[  223523ms] [LOG] [Fast Refresh] done in 484ms @ http://localhost:3000/_next/static/chunks/node_modules_next_dist_1e8vcs8._.js:776
[  223576ms] [LOG] [Fast Refresh] done in 484ms @ http://localhost:3000/_next/static/chunks/node_modules_next_dist_1e8vcs8._.js:776
[  223638ms] [LOG] [Fast Refresh] done in 484ms @ http://localhost:3000/_next/static/chunks/node_modules_next_dist_1e8vcs8._.js:776
[  223687ms] [LOG] [Fast Refresh] done in 484ms @ http://localhost:3000/_next/static/chunks/node_modules_next_dist_1e8vcs8._.js:776
[  223738ms] [LOG] [Fast Refresh] done in 484ms @ http://localhost:3000/_next/static/chunks/node_modules_next_dist_1e8vcs8._.js:776
[  223805ms] [LOG] [Fast Refresh] done in 484ms @ http://localhost:3000/_next/static/chunks/node_modules_next_dist_1e8vcs8._.js:776
[  223854ms] [LOG] [Fast Refresh] done in 484ms @ http://localhost:3000/_next/static/chunks/node_modules_next_dist_1e8vcs8._.js:776
[  223904ms] [LOG] [Fast Refresh] done in 484ms @ http://localhost:3000/_next/static/chunks/node_modules_next_dist_1e8vcs8._.js:776
[  223955ms] [LOG] [Fast Refresh] done in 484ms @ http://localhost:3000/_next/static/chunks/node_modules_next_dist_1e8vcs8._.js:776
[  224021ms] [LOG] [Fast Refresh] done in 484ms @ http://localhost:3000/_next/static/chunks/node_modules_next_dist_1e8vcs8._.js:776
[  224073ms] [LOG] [Fast Refresh] done in 484ms @ http://localhost:3000/_next/static/chunks/node_modules_next_dist_1e8vcs8._.js:776
[  224139ms] [LOG] [Fast Refresh] done in 484ms @ http://localhost:3000/_next/static/chunks/node_modules_next_dist_1e8vcs8._.js:776
[  224188ms] [LOG] [Fast Refresh] done in 484ms @ http://localhost:3000/_next/static/chunks/node_modules_next_dist_1e8vcs8._.js:776
[  224237ms] [LOG] [Fast Refresh] done in 484ms @ http://localhost:3000/_next/static/chunks/node_modules_next_dist_1e8vcs8._.js:776
[  224288ms] [LOG] [Fast Refresh] done in 484ms @ http://localhost:3000/_next/static/chunks/node_modules_next_dist_1e8vcs8._.js:776
[  224338ms] [LOG] [Fast Refresh] done in 484ms @ http://localhost:3000/_next/static/chunks/node_modules_next_dist_1e8vcs8._.js:776
[  224388ms] [LOG] [Fast Refresh] done in 484ms @ http://localhost:3000/_next/static/chunks/node_modules_next_dist_1e8vcs8._.js:776
[  224438ms] [LOG] [Fast Refresh] done in 484ms @ http://localhost:3000/_next/static/chunks/node_modules_next_dist_1e8vcs8._.js:776
[  224487ms] [LOG] [Fast Refresh] done in 484ms @ http://localhost:3000/_next/static/chunks/node_modules_next_dist_1e8vcs8._.js:776
[  224542ms] [LOG] [Fast Refresh] done in 484ms @ http://localhost:3000/_next/static/chunks/node_modules_next_dist_1e8vcs8._.js:776
[  224603ms] [LOG] [Fast Refresh] done in 484ms @ http://localhost:3000/_next/static/chunks/node_modules_next_dist_1e8vcs8._.js:776
[  224654ms] [LOG] [Fast Refresh] done in 484ms @ http://localhost:3000/_next/static/chunks/node_modules_next_dist_1e8vcs8._.js:776
[  224705ms] [LOG] [Fast Refresh] done in 484ms @ http://localhost:3000/_next/static/chunks/node_modules_next_dist_1e8vcs8._.js:776
[  224771ms] [LOG] [Fast Refresh] done in 484ms @ http://localhost:3000/_next/static/chunks/node_modules_next_dist_1e8vcs8._.js:776
[  224820ms] [LOG] [Fast Refresh] done in 484ms @ http://localhost:3000/_next/static/chunks/node_modules_next_dist_1e8vcs8._.js:776
[  224872ms] [LOG] [Fast Refresh] done in 484ms @ http://localhost:3000/_next/static/chunks/node_modules_next_dist_1e8vcs8._.js:776
[  224921ms] [LOG] [Fast Refresh] done in 484ms @ http://localhost:3000/_next/static/chunks/node_modules_next_dist_1e8vcs8._.js:776
[  224972ms] [LOG] [Fast Refresh] done in 484ms @ http://localhost:3000/_next/static/chunks/node_modules_next_dist_1e8vcs8._.js:776
[  225028ms] [LOG] [Fast Refresh] done in 484ms @ http://localhost:3000/_next/static/chunks/node_modules_next_dist_1e8vcs8._.js:776
[  225075ms] [LOG] [Fast Refresh] done in 484ms @ http://localhost:3000/_next/static/chunks/node_modules_next_dist_1e8vcs8._.js:776
[  225139ms] [LOG] [Fast Refresh] done in 484ms @ http://localhost:3000/_next/static/chunks/node_modules_next_dist_1e8vcs8._.js:776
[  225187ms] [LOG] [Fast Refresh] done in 484ms @ http://localhost:3000/_next/static/chunks/node_modules_next_dist_1e8vcs8._.js:776
[  225238ms] [LOG] [Fast Refresh] done in 484ms @ http://localhost:3000/_next/static/chunks/node_modules_next_dist_1e8vcs8._.js:776
[  225288ms] [LOG] [Fast Refresh] done in 484ms @ http://localhost:3000/_next/static/chunks/node_modules_next_dist_1e8vcs8._.js:776
[  225340ms] [LOG] [Fast Refresh] done in 484ms @ http://localhost:3000/_next/static/chunks/node_modules_next_dist_1e8vcs8._.js:776
[  225388ms] [LOG] [Fast Refresh] done in 484ms @ http://localhost:3000/_next/static/chunks/node_modules_next_dist_1e8vcs8._.js:776
[  225439ms] [LOG] [Fast Refresh] done in 484ms @ http://localhost:3000/_next/static/chunks/node_modules_next_dist_1e8vcs8._.js:776
[  225489ms] [LOG] [Fast Refresh] done in 484ms @ http://localhost:3000/_next/static/chunks/node_modules_next_dist_1e8vcs8._.js:776
[  225546ms] [LOG] [Fast Refresh] done in 484ms @ http://localhost:3000/_next/static/chunks/node_modules_next_dist_1e8vcs8._.js:776
[  225620ms] [LOG] [Fast Refresh] done in 484ms @ http://localhost:3000/_next/static/chunks/node_modules_next_dist_1e8vcs8._.js:776
[  225688ms] [LOG] [Fast Refresh] done in 484ms @ http://localhost:3000/_next/static/chunks/node_modules_next_dist_1e8vcs8._.js:776
[  225737ms] [LOG] [Fast Refresh] done in 484ms @ http://localhost:3000/_next/static/chunks/node_modules_next_dist_1e8vcs8._.js:776
[  225787ms] [LOG] [Fast Refresh] done in 484ms @ http://localhost:3000/_next/static/chunks/node_modules_next_dist_1e8vcs8._.js:776
[  225837ms] [LOG] [Fast Refresh] done in 484ms @ http://localhost:3000/_next/static/chunks/node_modules_next_dist_1e8vcs8._.js:776
[  225888ms] [LOG] [Fast Refresh] done in 484ms @ http://localhost:3000/_next/static/chunks/node_modules_next_dist_1e8vcs8._.js:776
[  225938ms] [LOG] [Fast Refresh] done in 484ms @ http://localhost:3000/_next/static/chunks/node_modules_next_dist_1e8vcs8._.js:776
[  225991ms] [LOG] [Fast Refresh] done in 484ms @ http://localhost:3000/_next/static/chunks/node_modules_next_dist_1e8vcs8._.js:776
[  226039ms] [LOG] [Fast Refresh] done in 484ms @ http://localhost:3000/_next/static/chunks/node_modules_next_dist_1e8vcs8._.js:776
[  226094ms] [LOG] [Fast Refresh] done in 484ms @ http://localhost:3000/_next/static/chunks/node_modules_next_dist_1e8vcs8._.js:776
[  226146ms] [LOG] [Fast Refresh] done in 484ms @ http://localhost:3000/_next/static/chunks/node_modules_next_dist_1e8vcs8._.js:776
[  226196ms] [LOG] [Fast Refresh] done in 484ms @ http://localhost:3000/_next/static/chunks/node_modules_next_dist_1e8vcs8._.js:776
[  226255ms] [LOG] [Fast Refresh] done in 484ms @ http://localhost:3000/_next/static/chunks/node_modules_next_dist_1e8vcs8._.js:776
[  226322ms] [LOG] [Fast Refresh] done in 484ms @ http://localhost:3000/_next/static/chunks/node_modules_next_dist_1e8vcs8._.js:776
[  226386ms] [LOG] [Fast Refresh] done in 484ms @ http://localhost:3000/_next/static/chunks/node_modules_next_dist_1e8vcs8._.js:776
[  226440ms] [LOG] [Fast Refresh] done in 484ms @ http://localhost:3000/_next/static/chunks/node_modules_next_dist_1e8vcs8._.js:776
[  226489ms] [LOG] [Fast Refresh] done in 484ms @ http://localhost:3000/_next/static/chunks/node_modules_next_dist_1e8vcs8._.js:776
[  226539ms] [LOG] [Fast Refresh] done in 484ms @ http://localhost:3000/_next/static/chunks/node_modules_next_dist_1e8vcs8._.js:776
[  226597ms] [LOG] [Fast Refresh] done in 484ms @ http://localhost:3000/_next/static/chunks/node_modules_next_dist_1e8vcs8._.js:776
[  226655ms] [LOG] [Fast Refresh] done in 484ms @ http://localhost:3000/_next/static/chunks/node_modules_next_dist_1e8vcs8._.js:776
[  226708ms] [LOG] [Fast Refresh] done in 484ms @ http://localhost:3000/_next/static/chunks/node_modules_next_dist_1e8vcs8._.js:776
[  226772ms] [LOG] [Fast Refresh] done in 484ms @ http://localhost:3000/_next/static/chunks/node_modules_next_dist_1e8vcs8._.js:776
[  226820ms] [LOG] [Fast Refresh] done in 484ms @ http://localhost:3000/_next/static/chunks/node_modules_next_dist_1e8vcs8._.js:776
[  226887ms] [LOG] [Fast Refresh] done in 484ms @ http://localhost:3000/_next/static/chunks/node_modules_next_dist_1e8vcs8._.js:776
[  226938ms] [LOG] [Fast Refresh] done in 484ms @ http://localhost:3000/_next/static/chunks/node_modules_next_dist_1e8vcs8._.js:776
[  226990ms] [LOG] [Fast Refresh] done in 484ms @ http://localhost:3000/_next/static/chunks/node_modules_next_dist_1e8vcs8._.js:776
[  227038ms] [LOG] [Fast Refresh] done in 484ms @ http://localhost:3000/_next/static/chunks/node_modules_next_dist_1e8vcs8._.js:776
[  227094ms] [LOG] [Fast Refresh] done in 484ms @ http://localhost:3000/_next/static/chunks/node_modules_next_dist_1e8vcs8._.js:776
[  227154ms] [LOG] [Fast Refresh] done in 484ms @ http://localhost:3000/_next/static/chunks/node_modules_next_dist_1e8vcs8._.js:776
[  227205ms] [LOG] [Fast Refresh] done in 484ms @ http://localhost:3000/_next/static/chunks/node_modules_next_dist_1e8vcs8._.js:776
[  227253ms] [LOG] [Fast Refresh] done in 484ms @ http://localhost:3000/_next/static/chunks/node_modules_next_dist_1e8vcs8._.js:776
[  227304ms] [LOG] [Fast Refresh] done in 484ms @ http://localhost:3000/_next/static/chunks/node_modules_next_dist_1e8vcs8._.js:776
[  227356ms] [LOG] [Fast Refresh] done in 484ms @ http://localhost:3000/_next/static/chunks/node_modules_next_dist_1e8vcs8._.js:776
[  227403ms] [LOG] [Fast Refresh] done in 484ms @ http://localhost:3000/_next/static/chunks/node_modules_next_dist_1e8vcs8._.js:776
[  227447ms] [LOG] [Fast Refresh] done in 484ms @ http://localhost:3000/_next/static/chunks/node_modules_next_dist_1e8vcs8._.js:776
[  227489ms] [LOG] [Fast Refresh] done in 484ms @ http://localhost:3000/_next/static/chunks/node_modules_next_dist_1e8vcs8._.js:776
[  227538ms] [LOG] [Fast Refresh] done in 484ms @ http://localhost:3000/_next/static/chunks/node_modules_next_dist_1e8vcs8._.js:776
[  227588ms] [LOG] [Fast Refresh] done in 484ms @ http://localhost:3000/_next/static/chunks/node_modules_next_dist_1e8vcs8._.js:776
[  227637ms] [LOG] [Fast Refresh] done in 484ms @ http://localhost:3000/_next/static/chunks/node_modules_next_dist_1e8vcs8._.js:776
[  227687ms] [LOG] [Fast Refresh] done in 484ms @ http://localhost:3000/_next/static/chunks/node_modules_next_dist_1e8vcs8._.js:776
[  227738ms] [LOG] [Fast Refresh] done in 484ms @ http://localhost:3000/_next/static/chunks/node_modules_next_dist_1e8vcs8._.js:776
[  227787ms] [LOG] [Fast Refresh] done in 484ms @ http://localhost:3000/_next/static/chunks/node_modules_next_dist_1e8vcs8._.js:776
[  227838ms] [LOG] [Fast Refresh] done in 484ms @ http://localhost:3000/_next/static/chunks/node_modules_next_dist_1e8vcs8._.js:776
[  227888ms] [LOG] [Fast Refresh] done in 484ms @ http://localhost:3000/_next/static/chunks/node_modules_next_dist_1e8vcs8._.js:776
[  227937ms] [LOG] [Fast Refresh] done in 484ms @ http://localhost:3000/_next/static/chunks/node_modules_next_dist_1e8vcs8._.js:776
[  227998ms] [LOG] [Fast Refresh] done in 484ms @ http://localhost:3000/_next/static/chunks/node_modules_next_dist_1e8vcs8._.js:776
[  228055ms] [LOG] [Fast Refresh] done in 484ms @ http://localhost:3000/_next/static/chunks/node_modules_next_dist_1e8vcs8._.js:776
[  228109ms] [LOG] [Fast Refresh] done in 484ms @ http://localhost:3000/_next/static/chunks/node_modules_next_dist_1e8vcs8._.js:776
[  228171ms] [LOG] [Fast Refresh] done in 484ms @ http://localhost:3000/_next/static/chunks/node_modules_next_dist_1e8vcs8._.js:776
[  228220ms] [LOG] [Fast Refresh] done in 484ms @ http://localhost:3000/_next/static/chunks/node_modules_next_dist_1e8vcs8._.js:776
[  228271ms] [LOG] [Fast Refresh] done in 484ms @ http://localhost:3000/_next/static/chunks/node_modules_next_dist_1e8vcs8._.js:776
[  228321ms] [LOG] [Fast Refresh] done in 484ms @ http://localhost:3000/_next/static/chunks/node_modules_next_dist_1e8vcs8._.js:776
[  228373ms] [LOG] [Fast Refresh] done in 484ms @ http://localhost:3000/_next/static/chunks/node_modules_next_dist_1e8vcs8._.js:776
[  228421ms] [LOG] [Fast Refresh] done in 484ms @ http://localhost:3000/_next/static/chunks/node_modules_next_dist_1e8vcs8._.js:776
[  228470ms] [LOG] [Fast Refresh] done in 484ms @ http://localhost:3000/_next/static/chunks/node_modules_next_dist_1e8vcs8._.js:776
[  228520ms] [LOG] [Fast Refresh] done in 484ms @ http://localhost:3000/_next/static/chunks/node_modules_next_dist_1e8vcs8._.js:776
[  228588ms] [LOG] [Fast Refresh] done in 484ms @ http://localhost:3000/_next/static/chunks/node_modules_next_dist_1e8vcs8._.js:776
[  228638ms] [LOG] [Fast Refresh] done in 484ms @ http://localhost:3000/_next/static/chunks/node_modules_next_dist_1e8vcs8._.js:776
[  228687ms] [LOG] [Fast Refresh] done in 484ms @ http://localhost:3000/_next/static/chunks/node_modules_next_dist_1e8vcs8._.js:776
[  228739ms] [LOG] [Fast Refresh] done in 484ms @ http://localhost:3000/_next/static/chunks/node_modules_next_dist_1e8vcs8._.js:776
[  228787ms] [LOG] [Fast Refresh] done in 484ms @ http://localhost:3000/_next/static/chunks/node_modules_next_dist_1e8vcs8._.js:776
[  228838ms] [LOG] [Fast Refresh] done in 484ms @ http://localhost:3000/_next/static/chunks/node_modules_next_dist_1e8vcs8._.js:776
[  228888ms] [LOG] [Fast Refresh] done in 484ms @ http://localhost:3000/_next/static/chunks/node_modules_next_dist_1e8vcs8._.js:776
[  228937ms] [LOG] [Fast Refresh] done in 484ms @ http://localhost:3000/_next/static/chunks/node_modules_next_dist_1e8vcs8._.js:776
[  228993ms] [LOG] [Fast Refresh] done in 484ms @ http://localhost:3000/_next/static/chunks/node_modules_next_dist_1e8vcs8._.js:776
[  229046ms] [LOG] [Fast Refresh] done in 484ms @ http://localhost:3000/_next/static/chunks/node_modules_next_dist_1e8vcs8._.js:776
[  229106ms] [LOG] [Fast Refresh] done in 484ms @ http://localhost:3000/_next/static/chunks/node_modules_next_dist_1e8vcs8._.js:776
[  229169ms] [LOG] [Fast Refresh] done in 484ms @ http://localhost:3000/_next/static/chunks/node_modules_next_dist_1e8vcs8._.js:776
[  229221ms] [LOG] [Fast Refresh] done in 484ms @ http://localhost:3000/_next/static/chunks/node_modules_next_dist_1e8vcs8._.js:776
[  229271ms] [LOG] [Fast Refresh] done in 484ms @ http://localhost:3000/_next/static/chunks/node_modules_next_dist_1e8vcs8._.js:776
[  229323ms] [LOG] [Fast Refresh] done in 484ms @ http://localhost:3000/_next/static/chunks/node_modules_next_dist_1e8vcs8._.js:776
[  229374ms] [LOG] [Fast Refresh] done in 484ms @ http://localhost:3000/_next/static/chunks/node_modules_next_dist_1e8vcs8._.js:776
[  229432ms] [LOG] [Fast Refresh] done in 484ms @ http://localhost:3000/_next/static/chunks/node_modules_next_dist_1e8vcs8._.js:776
[  229471ms] [LOG] [Fast Refresh] done in 484ms @ http://localhost:3000/_next/static/chunks/node_modules_next_dist_1e8vcs8._.js:776
[  229522ms] [LOG] [Fast Refresh] done in 484ms @ http://localhost:3000/_next/static/chunks/node_modules_next_dist_1e8vcs8._.js:776
[  229570ms] [LOG] [Fast Refresh] done in 484ms @ http://localhost:3000/_next/static/chunks/node_modules_next_dist_1e8vcs8._.js:776
[  229622ms] [LOG] [Fast Refresh] done in 484ms @ http://localhost:3000/_next/static/chunks/node_modules_next_dist_1e8vcs8._.js:776
[  229671ms] [LOG] [Fast Refresh] done in 484ms @ http://localhost:3000/_next/static/chunks/node_modules_next_dist_1e8vcs8._.js:776
[  229737ms] [LOG] [Fast Refresh] done in 484ms @ http://localhost:3000/_next/static/chunks/node_modules_next_dist_1e8vcs8._.js:776
[  229788ms] [LOG] [Fast Refresh] done in 484ms @ http://localhost:3000/_next/static/chunks/node_modules_next_dist_1e8vcs8._.js:776
[  229837ms] [LOG] [Fast Refresh] done in 484ms @ http://localhost:3000/_next/static/chunks/node_modules_next_dist_1e8vcs8._.js:776
[  229887ms] [LOG] [Fast Refresh] done in 484ms @ http://localhost:3000/_next/static/chunks/node_modules_next_dist_1e8vcs8._.js:776
[  229937ms] [LOG] [Fast Refresh] done in 484ms @ http://localhost:3000/_next/static/chunks/node_modules_next_dist_1e8vcs8._.js:776
[  229990ms] [LOG] [Fast Refresh] done in 484ms @ http://localhost:3000/_next/static/chunks/node_modules_next_dist_1e8vcs8._.js:776
[  230039ms] [LOG] [Fast Refresh] done in 484ms @ http://localhost:3000/_next/static/chunks/node_modules_next_dist_1e8vcs8._.js:776
[  230094ms] [LOG] [Fast Refresh] done in 484ms @ http://localhost:3000/_next/static/chunks/node_modules_next_dist_1e8vcs8._.js:776
[  230156ms] [LOG] [Fast Refresh] done in 484ms @ http://localhost:3000/_next/static/chunks/node_modules_next_dist_1e8vcs8._.js:776
[  230220ms] [LOG] [Fast Refresh] done in 484ms @ http://localhost:3000/_next/static/chunks/node_modules_next_dist_1e8vcs8._.js:776
[  230272ms] [LOG] [Fast Refresh] done in 484ms @ http://localhost:3000/_next/static/chunks/node_modules_next_dist_1e8vcs8._.js:776
[  230332ms] [LOG] [Fast Refresh] done in 484ms @ http://localhost:3000/_next/static/chunks/node_modules_next_dist_1e8vcs8._.js:776
[  230377ms] [LOG] [Fast Refresh] done in 484ms @ http://localhost:3000/_next/static/chunks/node_modules_next_dist_1e8vcs8._.js:776
[  230421ms] [LOG] [Fast Refresh] done in 484ms @ http://localhost:3000/_next/static/chunks/node_modules_next_dist_1e8vcs8._.js:776
[  230471ms] [LOG] [Fast Refresh] done in 484ms @ http://localhost:3000/_next/static/chunks/node_modules_next_dist_1e8vcs8._.js:776
[  230521ms] [LOG] [Fast Refresh] done in 484ms @ http://localhost:3000/_next/static/chunks/node_modules_next_dist_1e8vcs8._.js:776
[  230571ms] [LOG] [Fast Refresh] done in 484ms @ http://localhost:3000/_next/static/chunks/node_modules_next_dist_1e8vcs8._.js:776
[  230622ms] [LOG] [Fast Refresh] done in 484ms @ http://localhost:3000/_next/static/chunks/node_modules_next_dist_1e8vcs8._.js:776
[  230689ms] [LOG] [Fast Refresh] done in 484ms @ http://localhost:3000/_next/static/chunks/node_modules_next_dist_1e8vcs8._.js:776
[  230737ms] [LOG] [Fast Refresh] done in 484ms @ http://localhost:3000/_next/static/chunks/node_modules_next_dist_1e8vcs8._.js:776
[  230804ms] [LOG] [Fast Refresh] done in 484ms @ http://localhost:3000/_next/static/chunks/node_modules_next_dist_1e8vcs8._.js:776
[  230854ms] [LOG] [Fast Refresh] done in 484ms @ http://localhost:3000/_next/static/chunks/node_modules_next_dist_1e8vcs8._.js:776
[  230922ms] [LOG] [Fast Refresh] done in 484ms @ http://localhost:3000/_next/static/chunks/node_modules_next_dist_1e8vcs8._.js:776
[  230976ms] [LOG] [Fast Refresh] done in 484ms @ http://localhost:3000/_next/static/chunks/node_modules_next_dist_1e8vcs8._.js:776
[  231027ms] [LOG] [Fast Refresh] done in 484ms @ http://localhost:3000/_next/static/chunks/node_modules_next_dist_1e8vcs8._.js:776
[  231101ms] [LOG] [Fast Refresh] done in 484ms @ http://localhost:3000/_next/static/chunks/node_modules_next_dist_1e8vcs8._.js:776
[  231153ms] [LOG] [Fast Refresh] done in 484ms @ http://localhost:3000/_next/static/chunks/node_modules_next_dist_1e8vcs8._.js:776
[  231205ms] [LOG] [Fast Refresh] done in 484ms @ http://localhost:3000/_next/static/chunks/node_modules_next_dist_1e8vcs8._.js:776
[  231255ms] [LOG] [Fast Refresh] done in 484ms @ http://localhost:3000/_next/static/chunks/node_modules_next_dist_1e8vcs8._.js:776
[  231304ms] [LOG] [Fast Refresh] done in 484ms @ http://localhost:3000/_next/static/chunks/node_modules_next_dist_1e8vcs8._.js:776
[  231365ms] [LOG] [Fast Refresh] done in 484ms @ http://localhost:3000/_next/static/chunks/node_modules_next_dist_1e8vcs8._.js:776
[  231404ms] [LOG] [Fast Refresh] done in 484ms @ http://localhost:3000/_next/static/chunks/node_modules_next_dist_1e8vcs8._.js:776
[  231453ms] [LOG] [Fast Refresh] done in 484ms @ http://localhost:3000/_next/static/chunks/node_modules_next_dist_1e8vcs8._.js:776
[  231505ms] [LOG] [Fast Refresh] done in 484ms @ http://localhost:3000/_next/static/chunks/node_modules_next_dist_1e8vcs8._.js:776
[  231555ms] [LOG] [Fast Refresh] done in 484ms @ http://localhost:3000/_next/static/chunks/node_modules_next_dist_1e8vcs8._.js:776
[  231620ms] [LOG] [Fast Refresh] done in 484ms @ http://localhost:3000/_next/static/chunks/node_modules_next_dist_1e8vcs8._.js:776
[  231671ms] [LOG] [Fast Refresh] done in 484ms @ http://localhost:3000/_next/static/chunks/node_modules_next_dist_1e8vcs8._.js:776
[  231721ms] [LOG] [Fast Refresh] done in 484ms @ http://localhost:3000/_next/static/chunks/node_modules_next_dist_1e8vcs8._.js:776
[  231770ms] [LOG] [Fast Refresh] done in 484ms @ http://localhost:3000/_next/static/chunks/node_modules_next_dist_1e8vcs8._.js:776
[  231821ms] [LOG] [Fast Refresh] done in 484ms @ http://localhost:3000/_next/static/chunks/node_modules_next_dist_1e8vcs8._.js:776
[  231870ms] [LOG] [Fast Refresh] done in 484ms @ http://localhost:3000/_next/static/chunks/node_modules_next_dist_1e8vcs8._.js:776
[  231921ms] [LOG] [Fast Refresh] done in 484ms @ http://localhost:3000/_next/static/chunks/node_modules_next_dist_1e8vcs8._.js:776
[  231973ms] [LOG] [Fast Refresh] done in 484ms @ http://localhost:3000/_next/static/chunks/node_modules_next_dist_1e8vcs8._.js:776
[  232038ms] [LOG] [Fast Refresh] done in 484ms @ http://localhost:3000/_next/static/chunks/node_modules_next_dist_1e8vcs8._.js:776
[  232095ms] [LOG] [Fast Refresh] done in 484ms @ http://localhost:3000/_next/static/chunks/node_modules_next_dist_1e8vcs8._.js:776
[  232153ms] [LOG] [Fast Refresh] done in 484ms @ http://localhost:3000/_next/static/chunks/node_modules_next_dist_1e8vcs8._.js:776
[  232205ms] [LOG] [Fast Refresh] done in 484ms @ http://localhost:3000/_next/static/chunks/node_modules_next_dist_1e8vcs8._.js:776
[  232252ms] [LOG] [Fast Refresh] done in 484ms @ http://localhost:3000/_next/static/chunks/node_modules_next_dist_1e8vcs8._.js:776
[  232304ms] [LOG] [Fast Refresh] done in 484ms @ http://localhost:3000/_next/static/chunks/node_modules_next_dist_1e8vcs8._.js:776
[  232354ms] [LOG] [Fast Refresh] done in 484ms @ http://localhost:3000/_next/static/chunks/node_modules_next_dist_1e8vcs8._.js:776
[  232405ms] [LOG] [Fast Refresh] done in 484ms @ http://localhost:3000/_next/static/chunks/node_modules_next_dist_1e8vcs8._.js:776
[  232454ms] [LOG] [Fast Refresh] done in 484ms @ http://localhost:3000/_next/static/chunks/node_modules_next_dist_1e8vcs8._.js:776
[  232521ms] [LOG] [Fast Refresh] done in 484ms @ http://localhost:3000/_next/static/chunks/node_modules_next_dist_1e8vcs8._.js:776
[  232588ms] [LOG] [Fast Refresh] done in 484ms @ http://localhost:3000/_next/static/chunks/node_modules_next_dist_1e8vcs8._.js:776
[  232638ms] [LOG] [Fast Refresh] done in 484ms @ http://localhost:3000/_next/static/chunks/node_modules_next_dist_1e8vcs8._.js:776
[  232688ms] [LOG] [Fast Refresh] done in 484ms @ http://localhost:3000/_next/static/chunks/node_modules_next_dist_1e8vcs8._.js:776
[  232737ms] [LOG] [Fast Refresh] done in 484ms @ http://localhost:3000/_next/static/chunks/node_modules_next_dist_1e8vcs8._.js:776
[  232803ms] [LOG] [Fast Refresh] done in 484ms @ http://localhost:3000/_next/static/chunks/node_modules_next_dist_1e8vcs8._.js:776
[  232855ms] [LOG] [Fast Refresh] done in 484ms @ http://localhost:3000/_next/static/chunks/node_modules_next_dist_1e8vcs8._.js:776
[  232905ms] [LOG] [Fast Refresh] done in 484ms @ http://localhost:3000/_next/static/chunks/node_modules_next_dist_1e8vcs8._.js:776
[  232954ms] [LOG] [Fast Refresh] done in 484ms @ http://localhost:3000/_next/static/chunks/node_modules_next_dist_1e8vcs8._.js:776
[  233007ms] [LOG] [Fast Refresh] done in 484ms @ http://localhost:3000/_next/static/chunks/node_modules_next_dist_1e8vcs8._.js:776
[  233055ms] [LOG] [Fast Refresh] done in 484ms @ http://localhost:3000/_next/static/chunks/node_modules_next_dist_1e8vcs8._.js:776
[  233112ms] [LOG] [Fast Refresh] done in 484ms @ http://localhost:3000/_next/static/chunks/node_modules_next_dist_1e8vcs8._.js:776
[  233172ms] [LOG] [Fast Refresh] done in 484ms @ http://localhost:3000/_next/static/chunks/node_modules_next_dist_1e8vcs8._.js:776
[  233210ms] [LOG] [Fast Refresh] done in 484ms @ http://localhost:3000/_next/static/chunks/node_modules_next_dist_1e8vcs8._.js:776
[  233272ms] [LOG] [Fast Refresh] done in 484ms @ http://localhost:3000/_next/static/chunks/node_modules_next_dist_1e8vcs8._.js:776
[  233322ms] [LOG] [Fast Refresh] done in 484ms @ http://localhost:3000/_next/static/chunks/node_modules_next_dist_1e8vcs8._.js:776
[  233372ms] [LOG] [Fast Refresh] done in 484ms @ http://localhost:3000/_next/static/chunks/node_modules_next_dist_1e8vcs8._.js:776
[  233422ms] [LOG] [Fast Refresh] done in 484ms @ http://localhost:3000/_next/static/chunks/node_modules_next_dist_1e8vcs8._.js:776
[  233470ms] [LOG] [Fast Refresh] done in 484ms @ http://localhost:3000/_next/static/chunks/node_modules_next_dist_1e8vcs8._.js:776
[  233520ms] [LOG] [Fast Refresh] done in 484ms @ http://localhost:3000/_next/static/chunks/node_modules_next_dist_1e8vcs8._.js:776
[  233587ms] [LOG] [Fast Refresh] done in 484ms @ http://localhost:3000/_next/static/chunks/node_modules_next_dist_1e8vcs8._.js:776
[  233639ms] [LOG] [Fast Refresh] done in 484ms @ http://localhost:3000/_next/static/chunks/node_modules_next_dist_1e8vcs8._.js:776
[  233688ms] [LOG] [Fast Refresh] done in 484ms @ http://localhost:3000/_next/static/chunks/node_modules_next_dist_1e8vcs8._.js:776
[  233738ms] [LOG] [Fast Refresh] done in 484ms @ http://localhost:3000/_next/static/chunks/node_modules_next_dist_1e8vcs8._.js:776
[  233788ms] [LOG] [Fast Refresh] done in 484ms @ http://localhost:3000/_next/static/chunks/node_modules_next_dist_1e8vcs8._.js:776
[  233838ms] [LOG] [Fast Refresh] done in 484ms @ http://localhost:3000/_next/static/chunks/node_modules_next_dist_1e8vcs8._.js:776
[  233886ms] [LOG] [Fast Refresh] done in 484ms @ http://localhost:3000/_next/static/chunks/node_modules_next_dist_1e8vcs8._.js:776
[  233938ms] [LOG] [Fast Refresh] done in 484ms @ http://localhost:3000/_next/static/chunks/node_modules_next_dist_1e8vcs8._.js:776
[  233990ms] [LOG] [Fast Refresh] done in 484ms @ http://localhost:3000/_next/static/chunks/node_modules_next_dist_1e8vcs8._.js:776
[  234040ms] [LOG] [Fast Refresh] done in 484ms @ http://localhost:3000/_next/static/chunks/node_modules_next_dist_1e8vcs8._.js:776
[  234106ms] [LOG] [Fast Refresh] done in 484ms @ http://localhost:3000/_next/static/chunks/node_modules_next_dist_1e8vcs8._.js:776
[  234170ms] [LOG] [Fast Refresh] done in 484ms @ http://localhost:3000/_next/static/chunks/node_modules_next_dist_1e8vcs8._.js:776
[  234220ms] [LOG] [Fast Refresh] done in 484ms @ http://localhost:3000/_next/static/chunks/node_modules_next_dist_1e8vcs8._.js:776
[  234278ms] [LOG] [Fast Refresh] done in 484ms @ http://localhost:3000/_next/static/chunks/node_modules_next_dist_1e8vcs8._.js:776
[  234337ms] [LOG] [Fast Refresh] done in 484ms @ http://localhost:3000/_next/static/chunks/node_modules_next_dist_1e8vcs8._.js:776
[  234407ms] [LOG] [Fast Refresh] done in 484ms @ http://localhost:3000/_next/static/chunks/node_modules_next_dist_1e8vcs8._.js:776
[  234455ms] [LOG] [Fast Refresh] done in 484ms @ http://localhost:3000/_next/static/chunks/node_modules_next_dist_1e8vcs8._.js:776
[  234504ms] [LOG] [Fast Refresh] done in 484ms @ http://localhost:3000/_next/static/chunks/node_modules_next_dist_1e8vcs8._.js:776
[  234554ms] [LOG] [Fast Refresh] done in 484ms @ http://localhost:3000/_next/static/chunks/node_modules_next_dist_1e8vcs8._.js:776
[  234604ms] [LOG] [Fast Refresh] done in 484ms @ http://localhost:3000/_next/static/chunks/node_modules_next_dist_1e8vcs8._.js:776
[  234655ms] [LOG] [Fast Refresh] done in 484ms @ http://localhost:3000/_next/static/chunks/node_modules_next_dist_1e8vcs8._.js:776
[  234705ms] [LOG] [Fast Refresh] done in 484ms @ http://localhost:3000/_next/static/chunks/node_modules_next_dist_1e8vcs8._.js:776
[  234753ms] [LOG] [Fast Refresh] done in 484ms @ http://localhost:3000/_next/static/chunks/node_modules_next_dist_1e8vcs8._.js:776
[  234804ms] [LOG] [Fast Refresh] done in 484ms @ http://localhost:3000/_next/static/chunks/node_modules_next_dist_1e8vcs8._.js:776
[  234854ms] [LOG] [Fast Refresh] done in 484ms @ http://localhost:3000/_next/static/chunks/node_modules_next_dist_1e8vcs8._.js:776
[  234906ms] [LOG] [Fast Refresh] done in 484ms @ http://localhost:3000/_next/static/chunks/node_modules_next_dist_1e8vcs8._.js:776
[  234955ms] [LOG] [Fast Refresh] done in 484ms @ http://localhost:3000/_next/static/chunks/node_modules_next_dist_1e8vcs8._.js:776
[  235023ms] [LOG] [Fast Refresh] done in 484ms @ http://localhost:3000/_next/static/chunks/node_modules_next_dist_1e8vcs8._.js:776
[  235087ms] [LOG] [Fast Refresh] done in 484ms @ http://localhost:3000/_next/static/chunks/node_modules_next_dist_1e8vcs8._.js:776
[  235126ms] [LOG] [Fast Refresh] done in 484ms @ http://localhost:3000/_next/static/chunks/node_modules_next_dist_1e8vcs8._.js:776
[  235177ms] [LOG] [Fast Refresh] done in 484ms @ http://localhost:3000/_next/static/chunks/node_modules_next_dist_1e8vcs8._.js:776
[  235237ms] [LOG] [Fast Refresh] done in 484ms @ http://localhost:3000/_next/static/chunks/node_modules_next_dist_1e8vcs8._.js:776
[  235288ms] [LOG] [Fast Refresh] done in 484ms @ http://localhost:3000/_next/static/chunks/node_modules_next_dist_1e8vcs8._.js:776
[  235338ms] [LOG] [Fast Refresh] done in 484ms @ http://localhost:3000/_next/static/chunks/node_modules_next_dist_1e8vcs8._.js:776
[  235387ms] [LOG] [Fast Refresh] done in 484ms @ http://localhost:3000/_next/static/chunks/node_modules_next_dist_1e8vcs8._.js:776
[  235453ms] [LOG] [Fast Refresh] done in 484ms @ http://localhost:3000/_next/static/chunks/node_modules_next_dist_1e8vcs8._.js:776
[  235505ms] [LOG] [Fast Refresh] done in 484ms @ http://localhost:3000/_next/static/chunks/node_modules_next_dist_1e8vcs8._.js:776
[  235555ms] [LOG] [Fast Refresh] done in 484ms @ http://localhost:3000/_next/static/chunks/node_modules_next_dist_1e8vcs8._.js:776
[  235605ms] [LOG] [Fast Refresh] done in 484ms @ http://localhost:3000/_next/static/chunks/node_modules_next_dist_1e8vcs8._.js:776
[  235654ms] [LOG] [Fast Refresh] done in 484ms @ http://localhost:3000/_next/static/chunks/node_modules_next_dist_1e8vcs8._.js:776
[  235704ms] [LOG] [Fast Refresh] done in 484ms @ http://localhost:3000/_next/static/chunks/node_modules_next_dist_1e8vcs8._.js:776
[  235754ms] [LOG] [Fast Refresh] done in 484ms @ http://localhost:3000/_next/static/chunks/node_modules_next_dist_1e8vcs8._.js:776
[  235804ms] [LOG] [Fast Refresh] done in 484ms @ http://localhost:3000/_next/static/chunks/node_modules_next_dist_1e8vcs8._.js:776
[  235854ms] [LOG] [Fast Refresh] done in 484ms @ http://localhost:3000/_next/static/chunks/node_modules_next_dist_1e8vcs8._.js:776
[  235906ms] [LOG] [Fast Refresh] done in 484ms @ http://localhost:3000/_next/static/chunks/node_modules_next_dist_1e8vcs8._.js:776
[  235970ms] [LOG] [Fast Refresh] done in 484ms @ http://localhost:3000/_next/static/chunks/node_modules_next_dist_1e8vcs8._.js:776
[  236022ms] [LOG] [Fast Refresh] done in 484ms @ http://localhost:3000/_next/static/chunks/node_modules_next_dist_1e8vcs8._.js:776
[  236083ms] [LOG] [Fast Refresh] done in 484ms @ http://localhost:3000/_next/static/chunks/node_modules_next_dist_1e8vcs8._.js:776
[  236138ms] [LOG] [Fast Refresh] done in 484ms @ http://localhost:3000/_next/static/chunks/node_modules_next_dist_1e8vcs8._.js:776
[  236192ms] [LOG] [Fast Refresh] done in 484ms @ http://localhost:3000/_next/static/chunks/node_modules_next_dist_1e8vcs8._.js:776
[  236254ms] [LOG] [Fast Refresh] done in 484ms @ http://localhost:3000/_next/static/chunks/node_modules_next_dist_1e8vcs8._.js:776
[  236305ms] [LOG] [Fast Refresh] done in 484ms @ http://localhost:3000/_next/static/chunks/node_modules_next_dist_1e8vcs8._.js:776
[  236355ms] [LOG] [Fast Refresh] done in 484ms @ http://localhost:3000/_next/static/chunks/node_modules_next_dist_1e8vcs8._.js:776
[  236405ms] [LOG] [Fast Refresh] done in 484ms @ http://localhost:3000/_next/static/chunks/node_modules_next_dist_1e8vcs8._.js:776
[  236468ms] [LOG] [Fast Refresh] done in 484ms @ http://localhost:3000/_next/static/chunks/node_modules_next_dist_1e8vcs8._.js:776
[  236522ms] [LOG] [Fast Refresh] done in 484ms @ http://localhost:3000/_next/static/chunks/node_modules_next_dist_1e8vcs8._.js:776
[  236571ms] [LOG] [Fast Refresh] done in 484ms @ http://localhost:3000/_next/static/chunks/node_modules_next_dist_1e8vcs8._.js:776
[  236621ms] [LOG] [Fast Refresh] done in 484ms @ http://localhost:3000/_next/static/chunks/node_modules_next_dist_1e8vcs8._.js:776
[  236687ms] [LOG] [Fast Refresh] done in 484ms @ http://localhost:3000/_next/static/chunks/node_modules_next_dist_1e8vcs8._.js:776
[  236738ms] [LOG] [Fast Refresh] done in 484ms @ http://localhost:3000/_next/static/chunks/node_modules_next_dist_1e8vcs8._.js:776
[  236805ms] [LOG] [Fast Refresh] done in 484ms @ http://localhost:3000/_next/static/chunks/node_modules_next_dist_1e8vcs8._.js:776
[  236854ms] [LOG] [Fast Refresh] done in 484ms @ http://localhost:3000/_next/static/chunks/node_modules_next_dist_1e8vcs8._.js:776
[  236905ms] [LOG] [Fast Refresh] done in 484ms @ http://localhost:3000/_next/static/chunks/node_modules_next_dist_1e8vcs8._.js:776
[  236955ms] [LOG] [Fast Refresh] done in 484ms @ http://localhost:3000/_next/static/chunks/node_modules_next_dist_1e8vcs8._.js:776
[  237011ms] [LOG] [Fast Refresh] done in 484ms @ http://localhost:3000/_next/static/chunks/node_modules_next_dist_1e8vcs8._.js:776
[  237060ms] [LOG] [Fast Refresh] done in 484ms @ http://localhost:3000/_next/static/chunks/node_modules_next_dist_1e8vcs8._.js:776
[  237120ms] [LOG] [Fast Refresh] done in 484ms @ http://localhost:3000/_next/static/chunks/node_modules_next_dist_1e8vcs8._.js:776
[  237181ms] [LOG] [Fast Refresh] done in 484ms @ http://localhost:3000/_next/static/chunks/node_modules_next_dist_1e8vcs8._.js:776
[  237238ms] [LOG] [Fast Refresh] done in 484ms @ http://localhost:3000/_next/static/chunks/node_modules_next_dist_1e8vcs8._.js:776
[  237288ms] [LOG] [Fast Refresh] done in 484ms @ http://localhost:3000/_next/static/chunks/node_modules_next_dist_1e8vcs8._.js:776
[  237338ms] [LOG] [Fast Refresh] done in 484ms @ http://localhost:3000/_next/static/chunks/node_modules_next_dist_1e8vcs8._.js:776
[  237387ms] [LOG] [Fast Refresh] done in 484ms @ http://localhost:3000/_next/static/chunks/node_modules_next_dist_1e8vcs8._.js:776
[  237437ms] [LOG] [Fast Refresh] done in 484ms @ http://localhost:3000/_next/static/chunks/node_modules_next_dist_1e8vcs8._.js:776
[  237489ms] [LOG] [Fast Refresh] done in 484ms @ http://localhost:3000/_next/static/chunks/node_modules_next_dist_1e8vcs8._.js:776
[  237537ms] [LOG] [Fast Refresh] done in 484ms @ http://localhost:3000/_next/static/chunks/node_modules_next_dist_1e8vcs8._.js:776
[  237588ms] [LOG] [Fast Refresh] done in 484ms @ http://localhost:3000/_next/static/chunks/node_modules_next_dist_1e8vcs8._.js:776
[  237638ms] [LOG] [Fast Refresh] done in 484ms @ http://localhost:3000/_next/static/chunks/node_modules_next_dist_1e8vcs8._.js:776
[  237687ms] [LOG] [Fast Refresh] done in 484ms @ http://localhost:3000/_next/static/chunks/node_modules_next_dist_1e8vcs8._.js:776
[  237754ms] [LOG] [Fast Refresh] done in 484ms @ http://localhost:3000/_next/static/chunks/node_modules_next_dist_1e8vcs8._.js:776
[  237804ms] [LOG] [Fast Refresh] done in 484ms @ http://localhost:3000/_next/static/chunks/node_modules_next_dist_1e8vcs8._.js:776
[  237854ms] [LOG] [Fast Refresh] done in 484ms @ http://localhost:3000/_next/static/chunks/node_modules_next_dist_1e8vcs8._.js:776
[  237906ms] [LOG] [Fast Refresh] done in 484ms @ http://localhost:3000/_next/static/chunks/node_modules_next_dist_1e8vcs8._.js:776
[  237954ms] [LOG] [Fast Refresh] done in 484ms @ http://localhost:3000/_next/static/chunks/node_modules_next_dist_1e8vcs8._.js:776
[  238016ms] [LOG] [Fast Refresh] done in 484ms @ http://localhost:3000/_next/static/chunks/node_modules_next_dist_1e8vcs8._.js:776
[  238067ms] [LOG] [Fast Refresh] done in 484ms @ http://localhost:3000/_next/static/chunks/node_modules_next_dist_1e8vcs8._.js:776
[  238129ms] [LOG] [Fast Refresh] done in 484ms @ http://localhost:3000/_next/static/chunks/node_modules_next_dist_1e8vcs8._.js:776
[  238181ms] [LOG] [Fast Refresh] done in 484ms @ http://localhost:3000/_next/static/chunks/node_modules_next_dist_1e8vcs8._.js:776
[  238221ms] [LOG] [Fast Refresh] done in 484ms @ http://localhost:3000/_next/static/chunks/node_modules_next_dist_1e8vcs8._.js:776
[  238271ms] [LOG] [Fast Refresh] done in 484ms @ http://localhost:3000/_next/static/chunks/node_modules_next_dist_1e8vcs8._.js:776
[  238321ms] [LOG] [Fast Refresh] done in 484ms @ http://localhost:3000/_next/static/chunks/node_modules_next_dist_1e8vcs8._.js:776
[  238371ms] [LOG] [Fast Refresh] done in 484ms @ http://localhost:3000/_next/static/chunks/node_modules_next_dist_1e8vcs8._.js:776
[  238422ms] [LOG] [Fast Refresh] done in 484ms @ http://localhost:3000/_next/static/chunks/node_modules_next_dist_1e8vcs8._.js:776
[  238487ms] [LOG] [Fast Refresh] done in 484ms @ http://localhost:3000/_next/static/chunks/node_modules_next_dist_1e8vcs8._.js:776
[  238539ms] [LOG] [Fast Refresh] done in 484ms @ http://localhost:3000/_next/static/chunks/node_modules_next_dist_1e8vcs8._.js:776
[  238587ms] [LOG] [Fast Refresh] done in 484ms @ http://localhost:3000/_next/static/chunks/node_modules_next_dist_1e8vcs8._.js:776
[  238638ms] [LOG] [Fast Refresh] done in 484ms @ http://localhost:3000/_next/static/chunks/node_modules_next_dist_1e8vcs8._.js:776
[  238688ms] [LOG] [Fast Refresh] done in 484ms @ http://localhost:3000/_next/static/chunks/node_modules_next_dist_1e8vcs8._.js:776
[  238754ms] [LOG] [Fast Refresh] done in 484ms @ http://localhost:3000/_next/static/chunks/node_modules_next_dist_1e8vcs8._.js:776
[  238805ms] [LOG] [Fast Refresh] done in 484ms @ http://localhost:3000/_next/static/chunks/node_modules_next_dist_1e8vcs8._.js:776
[  238854ms] [LOG] [Fast Refresh] done in 484ms @ http://localhost:3000/_next/static/chunks/node_modules_next_dist_1e8vcs8._.js:776
[  238903ms] [LOG] [Fast Refresh] done in 484ms @ http://localhost:3000/_next/static/chunks/node_modules_next_dist_1e8vcs8._.js:776
[  238953ms] [LOG] [Fast Refresh] done in 484ms @ http://localhost:3000/_next/static/chunks/node_modules_next_dist_1e8vcs8._.js:776
[  239005ms] [LOG] [Fast Refresh] done in 484ms @ http://localhost:3000/_next/static/chunks/node_modules_next_dist_1e8vcs8._.js:776
[  239070ms] [LOG] [Fast Refresh] done in 484ms @ http://localhost:3000/_next/static/chunks/node_modules_next_dist_1e8vcs8._.js:776
[  239122ms] [LOG] [Fast Refresh] done in 484ms @ http://localhost:3000/_next/static/chunks/node_modules_next_dist_1e8vcs8._.js:776
[  239172ms] [LOG] [Fast Refresh] done in 484ms @ http://localhost:3000/_next/static/chunks/node_modules_next_dist_1e8vcs8._.js:776
[  239220ms] [LOG] [Fast Refresh] done in 484ms @ http://localhost:3000/_next/static/chunks/node_modules_next_dist_1e8vcs8._.js:776
[  239287ms] [LOG] [Fast Refresh] done in 484ms @ http://localhost:3000/_next/static/chunks/node_modules_next_dist_1e8vcs8._.js:776
[  239337ms] [LOG] [Fast Refresh] done in 484ms @ http://localhost:3000/_next/static/chunks/node_modules_next_dist_1e8vcs8._.js:776
[  239403ms] [LOG] [Fast Refresh] done in 484ms @ http://localhost:3000/_next/static/chunks/node_modules_next_dist_1e8vcs8._.js:776
[  239471ms] [LOG] [Fast Refresh] done in 484ms @ http://localhost:3000/_next/static/chunks/node_modules_next_dist_1e8vcs8._.js:776
[  239522ms] [LOG] [Fast Refresh] done in 484ms @ http://localhost:3000/_next/static/chunks/node_modules_next_dist_1e8vcs8._.js:776
[  239570ms] [LOG] [Fast Refresh] done in 484ms @ http://localhost:3000/_next/static/chunks/node_modules_next_dist_1e8vcs8._.js:776
[  239621ms] [LOG] [Fast Refresh] done in 484ms @ http://localhost:3000/_next/static/chunks/node_modules_next_dist_1e8vcs8._.js:776
[  239673ms] [LOG] [Fast Refresh] done in 484ms @ http://localhost:3000/_next/static/chunks/node_modules_next_dist_1e8vcs8._.js:776
[  239725ms] [LOG] [Fast Refresh] done in 484ms @ http://localhost:3000/_next/static/chunks/node_modules_next_dist_1e8vcs8._.js:776
[  239772ms] [LOG] [Fast Refresh] done in 484ms @ http://localhost:3000/_next/static/chunks/node_modules_next_dist_1e8vcs8._.js:776
[  239820ms] [LOG] [Fast Refresh] done in 484ms @ http://localhost:3000/_next/static/chunks/node_modules_next_dist_1e8vcs8._.js:776
[  239871ms] [LOG] [Fast Refresh] done in 484ms @ http://localhost:3000/_next/static/chunks/node_modules_next_dist_1e8vcs8._.js:776
[  239931ms] [LOG] [Fast Refresh] done in 484ms @ http://localhost:3000/_next/static/chunks/node_modules_next_dist_1e8vcs8._.js:776
[  239990ms] [LOG] [Fast Refresh] done in 484ms @ http://localhost:3000/_next/static/chunks/node_modules_next_dist_1e8vcs8._.js:776
[  240054ms] [LOG] [Fast Refresh] done in 484ms @ http://localhost:3000/_next/static/chunks/node_modules_next_dist_1e8vcs8._.js:776
[  240110ms] [LOG] [Fast Refresh] done in 484ms @ http://localhost:3000/_next/static/chunks/node_modules_next_dist_1e8vcs8._.js:776
[  240161ms] [LOG] [Fast Refresh] done in 484ms @ http://localhost:3000/_next/static/chunks/node_modules_next_dist_1e8vcs8._.js:776
[  240218ms] [LOG] [Fast Refresh] done in 484ms @ http://localhost:3000/_next/static/chunks/node_modules_next_dist_1e8vcs8._.js:776
[  240271ms] [LOG] [Fast Refresh] done in 484ms @ http://localhost:3000/_next/static/chunks/node_modules_next_dist_1e8vcs8._.js:776
[  240337ms] [LOG] [Fast Refresh] done in 484ms @ http://localhost:3000/_next/static/chunks/node_modules_next_dist_1e8vcs8._.js:776
[  240388ms] [LOG] [Fast Refresh] done in 484ms @ http://localhost:3000/_next/static/chunks/node_modules_next_dist_1e8vcs8._.js:776
[  240437ms] [LOG] [Fast Refresh] done in 484ms @ http://localhost:3000/_next/static/chunks/node_modules_next_dist_1e8vcs8._.js:776
[  240488ms] [LOG] [Fast Refresh] done in 484ms @ http://localhost:3000/_next/static/chunks/node_modules_next_dist_1e8vcs8._.js:776
[  240538ms] [LOG] [Fast Refresh] done in 484ms @ http://localhost:3000/_next/static/chunks/node_modules_next_dist_1e8vcs8._.js:776
[  240588ms] [LOG] [Fast Refresh] done in 484ms @ http://localhost:3000/_next/static/chunks/node_modules_next_dist_1e8vcs8._.js:776
[  240638ms] [LOG] [Fast Refresh] done in 484ms @ http://localhost:3000/_next/static/chunks/node_modules_next_dist_1e8vcs8._.js:776
[  240689ms] [LOG] [Fast Refresh] done in 484ms @ http://localhost:3000/_next/static/chunks/node_modules_next_dist_1e8vcs8._.js:776
[  240738ms] [LOG] [Fast Refresh] done in 484ms @ http://localhost:3000/_next/static/chunks/node_modules_next_dist_1e8vcs8._.js:776
[  240788ms] [LOG] [Fast Refresh] done in 484ms @ http://localhost:3000/_next/static/chunks/node_modules_next_dist_1e8vcs8._.js:776
[  240838ms] [LOG] [Fast Refresh] done in 484ms @ http://localhost:3000/_next/static/chunks/node_modules_next_dist_1e8vcs8._.js:776
[  240898ms] [LOG] [Fast Refresh] done in 484ms @ http://localhost:3000/_next/static/chunks/node_modules_next_dist_1e8vcs8._.js:776
[  240953ms] [LOG] [Fast Refresh] done in 484ms @ http://localhost:3000/_next/static/chunks/node_modules_next_dist_1e8vcs8._.js:776
[  241012ms] [LOG] [Fast Refresh] done in 484ms @ http://localhost:3000/_next/static/chunks/node_modules_next_dist_1e8vcs8._.js:776
[  241067ms] [LOG] [Fast Refresh] done in 484ms @ http://localhost:3000/_next/static/chunks/node_modules_next_dist_1e8vcs8._.js:776
[  241129ms] [LOG] [Fast Refresh] done in 484ms @ http://localhost:3000/_next/static/chunks/node_modules_next_dist_1e8vcs8._.js:776
[  241189ms] [LOG] [Fast Refresh] done in 484ms @ http://localhost:3000/_next/static/chunks/node_modules_next_dist_1e8vcs8._.js:776
[  241238ms] [LOG] [Fast Refresh] done in 484ms @ http://localhost:3000/_next/static/chunks/node_modules_next_dist_1e8vcs8._.js:776
[  241288ms] [LOG] [Fast Refresh] done in 484ms @ http://localhost:3000/_next/static/chunks/node_modules_next_dist_1e8vcs8._.js:776
[  241338ms] [LOG] [Fast Refresh] done in 484ms @ http://localhost:3000/_next/static/chunks/node_modules_next_dist_1e8vcs8._.js:776
[  241388ms] [LOG] [Fast Refresh] done in 484ms @ http://localhost:3000/_next/static/chunks/node_modules_next_dist_1e8vcs8._.js:776
[  241438ms] [LOG] [Fast Refresh] done in 484ms @ http://localhost:3000/_next/static/chunks/node_modules_next_dist_1e8vcs8._.js:776
[  241503ms] [LOG] [Fast Refresh] done in 484ms @ http://localhost:3000/_next/static/chunks/node_modules_next_dist_1e8vcs8._.js:776
[  241554ms] [LOG] [Fast Refresh] done in 484ms @ http://localhost:3000/_next/static/chunks/node_modules_next_dist_1e8vcs8._.js:776
[  241604ms] [LOG] [Fast Refresh] done in 484ms @ http://localhost:3000/_next/static/chunks/node_modules_next_dist_1e8vcs8._.js:776
[  241654ms] [LOG] [Fast Refresh] done in 484ms @ http://localhost:3000/_next/static/chunks/node_modules_next_dist_1e8vcs8._.js:776
[  241705ms] [LOG] [Fast Refresh] done in 484ms @ http://localhost:3000/_next/static/chunks/node_modules_next_dist_1e8vcs8._.js:776
[  241755ms] [LOG] [Fast Refresh] done in 484ms @ http://localhost:3000/_next/static/chunks/node_modules_next_dist_1e8vcs8._.js:776
[  241820ms] [LOG] [Fast Refresh] done in 484ms @ http://localhost:3000/_next/static/chunks/node_modules_next_dist_1e8vcs8._.js:776
[  241869ms] [LOG] [Fast Refresh] done in 484ms @ http://localhost:3000/_next/static/chunks/node_modules_next_dist_1e8vcs8._.js:776
[  241930ms] [LOG] [Fast Refresh] done in 484ms @ http://localhost:3000/_next/static/chunks/node_modules_next_dist_1e8vcs8._.js:776
[  241972ms] [LOG] [Fast Refresh] done in 484ms @ http://localhost:3000/_next/static/chunks/node_modules_next_dist_1e8vcs8._.js:776
[  242027ms] [LOG] [Fast Refresh] done in 484ms @ http://localhost:3000/_next/static/chunks/node_modules_next_dist_1e8vcs8._.js:776
[  242089ms] [LOG] [Fast Refresh] done in 484ms @ http://localhost:3000/_next/static/chunks/node_modules_next_dist_1e8vcs8._.js:776
[  242129ms] [LOG] [Fast Refresh] done in 484ms @ http://localhost:3000/_next/static/chunks/node_modules_next_dist_1e8vcs8._.js:776
[  242203ms] [LOG] [Fast Refresh] done in 484ms @ http://localhost:3000/_next/static/chunks/node_modules_next_dist_1e8vcs8._.js:776
[  242255ms] [LOG] [Fast Refresh] done in 484ms @ http://localhost:3000/_next/static/chunks/node_modules_next_dist_1e8vcs8._.js:776
[  242306ms] [LOG] [Fast Refresh] done in 484ms @ http://localhost:3000/_next/static/chunks/node_modules_next_dist_1e8vcs8._.js:776
[  242353ms] [LOG] [Fast Refresh] done in 484ms @ http://localhost:3000/_next/static/chunks/node_modules_next_dist_1e8vcs8._.js:776
[  242404ms] [LOG] [Fast Refresh] done in 484ms @ http://localhost:3000/_next/static/chunks/node_modules_next_dist_1e8vcs8._.js:776
[  242460ms] [LOG] [Fast Refresh] done in 484ms @ http://localhost:3000/_next/static/chunks/node_modules_next_dist_1e8vcs8._.js:776
[  242520ms] [LOG] [Fast Refresh] done in 484ms @ http://localhost:3000/_next/static/chunks/node_modules_next_dist_1e8vcs8._.js:776
[  242571ms] [LOG] [Fast Refresh] done in 484ms @ http://localhost:3000/_next/static/chunks/node_modules_next_dist_1e8vcs8._.js:776
[  242623ms] [LOG] [Fast Refresh] done in 484ms @ http://localhost:3000/_next/static/chunks/node_modules_next_dist_1e8vcs8._.js:776
[  242672ms] [LOG] [Fast Refresh] done in 484ms @ http://localhost:3000/_next/static/chunks/node_modules_next_dist_1e8vcs8._.js:776
[  242722ms] [LOG] [Fast Refresh] done in 484ms @ http://localhost:3000/_next/static/chunks/node_modules_next_dist_1e8vcs8._.js:776
[  242773ms] [LOG] [Fast Refresh] done in 484ms @ http://localhost:3000/_next/static/chunks/node_modules_next_dist_1e8vcs8._.js:776
[  242823ms] [LOG] [Fast Refresh] done in 484ms @ http://localhost:3000/_next/static/chunks/node_modules_next_dist_1e8vcs8._.js:776
[  242872ms] [LOG] [Fast Refresh] done in 484ms @ http://localhost:3000/_next/static/chunks/node_modules_next_dist_1e8vcs8._.js:776
[  242921ms] [LOG] [Fast Refresh] done in 484ms @ http://localhost:3000/_next/static/chunks/node_modules_next_dist_1e8vcs8._.js:776
[  242969ms] [LOG] [Fast Refresh] done in 484ms @ http://localhost:3000/_next/static/chunks/node_modules_next_dist_1e8vcs8._.js:776
[  243029ms] [LOG] [Fast Refresh] done in 484ms @ http://localhost:3000/_next/static/chunks/node_modules_next_dist_1e8vcs8._.js:776
[  243070ms] [LOG] [Fast Refresh] done in 484ms @ http://localhost:3000/_next/static/chunks/node_modules_next_dist_1e8vcs8._.js:776
[  243136ms] [LOG] [Fast Refresh] done in 484ms @ http://localhost:3000/_next/static/chunks/node_modules_next_dist_1e8vcs8._.js:776
[  243187ms] [LOG] [Fast Refresh] done in 484ms @ http://localhost:3000/_next/static/chunks/node_modules_next_dist_1e8vcs8._.js:776
[  243237ms] [LOG] [Fast Refresh] done in 484ms @ http://localhost:3000/_next/static/chunks/node_modules_next_dist_1e8vcs8._.js:776
[  243288ms] [LOG] [Fast Refresh] done in 484ms @ http://localhost:3000/_next/static/chunks/node_modules_next_dist_1e8vcs8._.js:776
[  243339ms] [LOG] [Fast Refresh] done in 484ms @ http://localhost:3000/_next/static/chunks/node_modules_next_dist_1e8vcs8._.js:776
[  243389ms] [LOG] [Fast Refresh] done in 484ms @ http://localhost:3000/_next/static/chunks/node_modules_next_dist_1e8vcs8._.js:776
[  243439ms] [LOG] [Fast Refresh] done in 484ms @ http://localhost:3000/_next/static/chunks/node_modules_next_dist_1e8vcs8._.js:776
[  243494ms] [LOG] [Fast Refresh] done in 484ms @ http://localhost:3000/_next/static/chunks/node_modules_next_dist_1e8vcs8._.js:776
[  243551ms] [LOG] [Fast Refresh] done in 484ms @ http://localhost:3000/_next/static/chunks/node_modules_next_dist_1e8vcs8._.js:776
[  243604ms] [LOG] [Fast Refresh] done in 484ms @ http://localhost:3000/_next/static/chunks/node_modules_next_dist_1e8vcs8._.js:776
[  243654ms] [LOG] [Fast Refresh] done in 484ms @ http://localhost:3000/_next/static/chunks/node_modules_next_dist_1e8vcs8._.js:776
[  243706ms] [LOG] [Fast Refresh] done in 484ms @ http://localhost:3000/_next/static/chunks/node_modules_next_dist_1e8vcs8._.js:776
[  243755ms] [LOG] [Fast Refresh] done in 484ms @ http://localhost:3000/_next/static/chunks/node_modules_next_dist_1e8vcs8._.js:776
[  243809ms] [LOG] [Fast Refresh] done in 484ms @ http://localhost:3000/_next/static/chunks/node_modules_next_dist_1e8vcs8._.js:776
[  243870ms] [LOG] [Fast Refresh] done in 484ms @ http://localhost:3000/_next/static/chunks/node_modules_next_dist_1e8vcs8._.js:776
[  243935ms] [LOG] [Fast Refresh] done in 484ms @ http://localhost:3000/_next/static/chunks/node_modules_next_dist_1e8vcs8._.js:776
[  243989ms] [LOG] [Fast Refresh] done in 484ms @ http://localhost:3000/_next/static/chunks/node_modules_next_dist_1e8vcs8._.js:776
[  244043ms] [LOG] [Fast Refresh] done in 484ms @ http://localhost:3000/_next/static/chunks/node_modules_next_dist_1e8vcs8._.js:776
[  244089ms] [LOG] [Fast Refresh] done in 484ms @ http://localhost:3000/_next/static/chunks/node_modules_next_dist_1e8vcs8._.js:776
[  244128ms] [LOG] [Fast Refresh] done in 484ms @ http://localhost:3000/_next/static/chunks/node_modules_next_dist_1e8vcs8._.js:776
[  244171ms] [LOG] [Fast Refresh] done in 484ms @ http://localhost:3000/_next/static/chunks/node_modules_next_dist_1e8vcs8._.js:776
[  244221ms] [LOG] [Fast Refresh] done in 484ms @ http://localhost:3000/_next/static/chunks/node_modules_next_dist_1e8vcs8._.js:776
[  244272ms] [LOG] [Fast Refresh] done in 484ms @ http://localhost:3000/_next/static/chunks/node_modules_next_dist_1e8vcs8._.js:776
[  244321ms] [LOG] [Fast Refresh] done in 484ms @ http://localhost:3000/_next/static/chunks/node_modules_next_dist_1e8vcs8._.js:776
[  244371ms] [LOG] [Fast Refresh] done in 484ms @ http://localhost:3000/_next/static/chunks/node_modules_next_dist_1e8vcs8._.js:776
[  244438ms] [LOG] [Fast Refresh] done in 484ms @ http://localhost:3000/_next/static/chunks/node_modules_next_dist_1e8vcs8._.js:776
[  244486ms] [LOG] [Fast Refresh] done in 484ms @ http://localhost:3000/_next/static/chunks/node_modules_next_dist_1e8vcs8._.js:776
[  244538ms] [LOG] [Fast Refresh] done in 484ms @ http://localhost:3000/_next/static/chunks/node_modules_next_dist_1e8vcs8._.js:776
[  244587ms] [LOG] [Fast Refresh] done in 484ms @ http://localhost:3000/_next/static/chunks/node_modules_next_dist_1e8vcs8._.js:776
[  244637ms] [LOG] [Fast Refresh] done in 484ms @ http://localhost:3000/_next/static/chunks/node_modules_next_dist_1e8vcs8._.js:776
[  244687ms] [LOG] [Fast Refresh] done in 484ms @ http://localhost:3000/_next/static/chunks/node_modules_next_dist_1e8vcs8._.js:776
[  244743ms] [LOG] [Fast Refresh] done in 484ms @ http://localhost:3000/_next/static/chunks/node_modules_next_dist_1e8vcs8._.js:776
[  244807ms] [LOG] [Fast Refresh] done in 484ms @ http://localhost:3000/_next/static/chunks/node_modules_next_dist_1e8vcs8._.js:776
[  244872ms] [LOG] [Fast Refresh] done in 484ms @ http://localhost:3000/_next/static/chunks/node_modules_next_dist_1e8vcs8._.js:776
[  244922ms] [LOG] [Fast Refresh] done in 484ms @ http://localhost:3000/_next/static/chunks/node_modules_next_dist_1e8vcs8._.js:776
[  244990ms] [LOG] [Fast Refresh] done in 484ms @ http://localhost:3000/_next/static/chunks/node_modules_next_dist_1e8vcs8._.js:776
[  245051ms] [LOG] [Fast Refresh] done in 484ms @ http://localhost:3000/_next/static/chunks/node_modules_next_dist_1e8vcs8._.js:776
[  245106ms] [LOG] [Fast Refresh] done in 484ms @ http://localhost:3000/_next/static/chunks/node_modules_next_dist_1e8vcs8._.js:776
[  245152ms] [LOG] [Fast Refresh] done in 484ms @ http://localhost:3000/_next/static/chunks/node_modules_next_dist_1e8vcs8._.js:776
[  245205ms] [LOG] [Fast Refresh] done in 484ms @ http://localhost:3000/_next/static/chunks/node_modules_next_dist_1e8vcs8._.js:776
[  245255ms] [LOG] [Fast Refresh] done in 484ms @ http://localhost:3000/_next/static/chunks/node_modules_next_dist_1e8vcs8._.js:776
[  245307ms] [LOG] [Fast Refresh] done in 484ms @ http://localhost:3000/_next/static/chunks/node_modules_next_dist_1e8vcs8._.js:776
[  245356ms] [LOG] [Fast Refresh] done in 484ms @ http://localhost:3000/_next/static/chunks/node_modules_next_dist_1e8vcs8._.js:776
[  245407ms] [LOG] [Fast Refresh] done in 484ms @ http://localhost:3000/_next/static/chunks/node_modules_next_dist_1e8vcs8._.js:776
[  245462ms] [LOG] [Fast Refresh] done in 484ms @ http://localhost:3000/_next/static/chunks/node_modules_next_dist_1e8vcs8._.js:776
[  245520ms] [LOG] [Fast Refresh] done in 484ms @ http://localhost:3000/_next/static/chunks/node_modules_next_dist_1e8vcs8._.js:776
[  245578ms] [LOG] [Fast Refresh] done in 484ms @ http://localhost:3000/_next/static/chunks/node_modules_next_dist_1e8vcs8._.js:776
[  245621ms] [LOG] [Fast Refresh] done in 484ms @ http://localhost:3000/_next/static/chunks/node_modules_next_dist_1e8vcs8._.js:776
[  245673ms] [LOG] [Fast Refresh] done in 484ms @ http://localhost:3000/_next/static/chunks/node_modules_next_dist_1e8vcs8._.js:776
[  245726ms] [LOG] [Fast Refresh] done in 484ms @ http://localhost:3000/_next/static/chunks/node_modules_next_dist_1e8vcs8._.js:776
[  245773ms] [LOG] [Fast Refresh] done in 484ms @ http://localhost:3000/_next/static/chunks/node_modules_next_dist_1e8vcs8._.js:776
[  245839ms] [LOG] [Fast Refresh] done in 484ms @ http://localhost:3000/_next/static/chunks/node_modules_next_dist_1e8vcs8._.js:776
[  245889ms] [LOG] [Fast Refresh] done in 484ms @ http://localhost:3000/_next/static/chunks/node_modules_next_dist_1e8vcs8._.js:776
[  245939ms] [LOG] [Fast Refresh] done in 484ms @ http://localhost:3000/_next/static/chunks/node_modules_next_dist_1e8vcs8._.js:776
[  245994ms] [LOG] [Fast Refresh] done in 484ms @ http://localhost:3000/_next/static/chunks/node_modules_next_dist_1e8vcs8._.js:776
[  246052ms] [LOG] [Fast Refresh] done in 484ms @ http://localhost:3000/_next/static/chunks/node_modules_next_dist_1e8vcs8._.js:776
[  246111ms] [LOG] [Fast Refresh] done in 484ms @ http://localhost:3000/_next/static/chunks/node_modules_next_dist_1e8vcs8._.js:776
[  246161ms] [LOG] [Fast Refresh] done in 484ms @ http://localhost:3000/_next/static/chunks/node_modules_next_dist_1e8vcs8._.js:776
[  246221ms] [LOG] [Fast Refresh] done in 484ms @ http://localhost:3000/_next/static/chunks/node_modules_next_dist_1e8vcs8._.js:776
[  246285ms] [LOG] [Fast Refresh] done in 484ms @ http://localhost:3000/_next/static/chunks/node_modules_next_dist_1e8vcs8._.js:776
[  246340ms] [LOG] [Fast Refresh] done in 484ms @ http://localhost:3000/_next/static/chunks/node_modules_next_dist_1e8vcs8._.js:776
[  246402ms] [LOG] [Fast Refresh] done in 484ms @ http://localhost:3000/_next/static/chunks/node_modules_next_dist_1e8vcs8._.js:776
[  246459ms] [LOG] [Fast Refresh] done in 484ms @ http://localhost:3000/_next/static/chunks/node_modules_next_dist_1e8vcs8._.js:776
[  246522ms] [LOG] [Fast Refresh] done in 484ms @ http://localhost:3000/_next/static/chunks/node_modules_next_dist_1e8vcs8._.js:776
[  246570ms] [LOG] [Fast Refresh] done in 484ms @ http://localhost:3000/_next/static/chunks/node_modules_next_dist_1e8vcs8._.js:776
[  246622ms] [LOG] [Fast Refresh] done in 484ms @ http://localhost:3000/_next/static/chunks/node_modules_next_dist_1e8vcs8._.js:776
[  246671ms] [LOG] [Fast Refresh] done in 484ms @ http://localhost:3000/_next/static/chunks/node_modules_next_dist_1e8vcs8._.js:776
[  246721ms] [LOG] [Fast Refresh] done in 484ms @ http://localhost:3000/_next/static/chunks/node_modules_next_dist_1e8vcs8._.js:776
[  246771ms] [LOG] [Fast Refresh] done in 484ms @ http://localhost:3000/_next/static/chunks/node_modules_next_dist_1e8vcs8._.js:776
[  246821ms] [LOG] [Fast Refresh] done in 484ms @ http://localhost:3000/_next/static/chunks/node_modules_next_dist_1e8vcs8._.js:776
[  246871ms] [LOG] [Fast Refresh] done in 484ms @ http://localhost:3000/_next/static/chunks/node_modules_next_dist_1e8vcs8._.js:776
[  246921ms] [LOG] [Fast Refresh] done in 484ms @ http://localhost:3000/_next/static/chunks/node_modules_next_dist_1e8vcs8._.js:776
[  246971ms] [LOG] [Fast Refresh] done in 484ms @ http://localhost:3000/_next/static/chunks/node_modules_next_dist_1e8vcs8._.js:776
[  247056ms] [LOG] [Fast Refresh] done in 484ms @ http://localhost:3000/_next/static/chunks/node_modules_next_dist_1e8vcs8._.js:776
[  247119ms] [LOG] [Fast Refresh] done in 484ms @ http://localhost:3000/_next/static/chunks/node_modules_next_dist_1e8vcs8._.js:776
[  247187ms] [LOG] [Fast Refresh] done in 484ms @ http://localhost:3000/_next/static/chunks/node_modules_next_dist_1e8vcs8._.js:776
[  247237ms] [LOG] [Fast Refresh] done in 484ms @ http://localhost:3000/_next/static/chunks/node_modules_next_dist_1e8vcs8._.js:776
[  247287ms] [LOG] [Fast Refresh] done in 484ms @ http://localhost:3000/_next/static/chunks/node_modules_next_dist_1e8vcs8._.js:776
[  247354ms] [LOG] [Fast Refresh] done in 484ms @ http://localhost:3000/_next/static/chunks/node_modules_next_dist_1e8vcs8._.js:776
[  247405ms] [LOG] [Fast Refresh] done in 484ms @ http://localhost:3000/_next/static/chunks/node_modules_next_dist_1e8vcs8._.js:776
[  247455ms] [LOG] [Fast Refresh] done in 484ms @ http://localhost:3000/_next/static/chunks/node_modules_next_dist_1e8vcs8._.js:776
[  247507ms] [LOG] [Fast Refresh] done in 484ms @ http://localhost:3000/_next/static/chunks/node_modules_next_dist_1e8vcs8._.js:776
[  247570ms] [LOG] [Fast Refresh] done in 484ms @ http://localhost:3000/_next/static/chunks/node_modules_next_dist_1e8vcs8._.js:776
[  247626ms] [LOG] [Fast Refresh] done in 484ms @ http://localhost:3000/_next/static/chunks/node_modules_next_dist_1e8vcs8._.js:776
[  247687ms] [LOG] [Fast Refresh] done in 484ms @ http://localhost:3000/_next/static/chunks/node_modules_next_dist_1e8vcs8._.js:776
[  247738ms] [LOG] [Fast Refresh] done in 484ms @ http://localhost:3000/_next/static/chunks/node_modules_next_dist_1e8vcs8._.js:776
[  247788ms] [LOG] [Fast Refresh] done in 484ms @ http://localhost:3000/_next/static/chunks/node_modules_next_dist_1e8vcs8._.js:776
[  247838ms] [LOG] [Fast Refresh] done in 484ms @ http://localhost:3000/_next/static/chunks/node_modules_next_dist_1e8vcs8._.js:776
[  247887ms] [LOG] [Fast Refresh] done in 484ms @ http://localhost:3000/_next/static/chunks/node_modules_next_dist_1e8vcs8._.js:776
[  247938ms] [LOG] [Fast Refresh] done in 484ms @ http://localhost:3000/_next/static/chunks/node_modules_next_dist_1e8vcs8._.js:776
[  247989ms] [LOG] [Fast Refresh] done in 484ms @ http://localhost:3000/_next/static/chunks/node_modules_next_dist_1e8vcs8._.js:776
[  248040ms] [LOG] [Fast Refresh] done in 484ms @ http://localhost:3000/_next/static/chunks/node_modules_next_dist_1e8vcs8._.js:776
[  248090ms] [LOG] [Fast Refresh] done in 484ms @ http://localhost:3000/_next/static/chunks/node_modules_next_dist_1e8vcs8._.js:776
[  248141ms] [LOG] [Fast Refresh] done in 484ms @ http://localhost:3000/_next/static/chunks/node_modules_next_dist_1e8vcs8._.js:776
[  248192ms] [LOG] [Fast Refresh] done in 484ms @ http://localhost:3000/_next/static/chunks/node_modules_next_dist_1e8vcs8._.js:776
[  248237ms] [LOG] [Fast Refresh] done in 484ms @ http://localhost:3000/_next/static/chunks/node_modules_next_dist_1e8vcs8._.js:776
[  248287ms] [LOG] [Fast Refresh] done in 484ms @ http://localhost:3000/_next/static/chunks/node_modules_next_dist_1e8vcs8._.js:776
[  248353ms] [LOG] [Fast Refresh] done in 484ms @ http://localhost:3000/_next/static/chunks/node_modules_next_dist_1e8vcs8._.js:776
[  248404ms] [LOG] [Fast Refresh] done in 484ms @ http://localhost:3000/_next/static/chunks/node_modules_next_dist_1e8vcs8._.js:776
[  248454ms] [LOG] [Fast Refresh] done in 484ms @ http://localhost:3000/_next/static/chunks/node_modules_next_dist_1e8vcs8._.js:776
[  248506ms] [LOG] [Fast Refresh] done in 484ms @ http://localhost:3000/_next/static/chunks/node_modules_next_dist_1e8vcs8._.js:776
[  248567ms] [LOG] [Fast Refresh] done in 484ms @ http://localhost:3000/_next/static/chunks/node_modules_next_dist_1e8vcs8._.js:776
[  248621ms] [LOG] [Fast Refresh] done in 484ms @ http://localhost:3000/_next/static/chunks/node_modules_next_dist_1e8vcs8._.js:776
[  248676ms] [LOG] [Fast Refresh] done in 484ms @ http://localhost:3000/_next/static/chunks/node_modules_next_dist_1e8vcs8._.js:776
[  248722ms] [LOG] [Fast Refresh] done in 484ms @ http://localhost:3000/_next/static/chunks/node_modules_next_dist_1e8vcs8._.js:776
[  248775ms] [LOG] [Fast Refresh] done in 484ms @ http://localhost:3000/_next/static/chunks/node_modules_next_dist_1e8vcs8._.js:776
[  248823ms] [LOG] [Fast Refresh] done in 484ms @ http://localhost:3000/_next/static/chunks/node_modules_next_dist_1e8vcs8._.js:776
[  248874ms] [LOG] [Fast Refresh] done in 484ms @ http://localhost:3000/_next/static/chunks/node_modules_next_dist_1e8vcs8._.js:776
[  248921ms] [LOG] [Fast Refresh] done in 484ms @ http://localhost:3000/_next/static/chunks/node_modules_next_dist_1e8vcs8._.js:776
[  248971ms] [LOG] [Fast Refresh] done in 484ms @ http://localhost:3000/_next/static/chunks/node_modules_next_dist_1e8vcs8._.js:776
[  249025ms] [LOG] [Fast Refresh] done in 484ms @ http://localhost:3000/_next/static/chunks/node_modules_next_dist_1e8vcs8._.js:776
[  249071ms] [LOG] [Fast Refresh] done in 484ms @ http://localhost:3000/_next/static/chunks/node_modules_next_dist_1e8vcs8._.js:776
[  249127ms] [LOG] [Fast Refresh] done in 484ms @ http://localhost:3000/_next/static/chunks/node_modules_next_dist_1e8vcs8._.js:776
[  249187ms] [LOG] [Fast Refresh] done in 484ms @ http://localhost:3000/_next/static/chunks/node_modules_next_dist_1e8vcs8._.js:776
[  249237ms] [LOG] [Fast Refresh] done in 484ms @ http://localhost:3000/_next/static/chunks/node_modules_next_dist_1e8vcs8._.js:776
[  249286ms] [LOG] [Fast Refresh] done in 484ms @ http://localhost:3000/_next/static/chunks/node_modules_next_dist_1e8vcs8._.js:776
[  249337ms] [LOG] [Fast Refresh] done in 484ms @ http://localhost:3000/_next/static/chunks/node_modules_next_dist_1e8vcs8._.js:776
[  249387ms] [LOG] [Fast Refresh] done in 484ms @ http://localhost:3000/_next/static/chunks/node_modules_next_dist_1e8vcs8._.js:776
[  249438ms] [LOG] [Fast Refresh] done in 484ms @ http://localhost:3000/_next/static/chunks/node_modules_next_dist_1e8vcs8._.js:776
[  249487ms] [LOG] [Fast Refresh] done in 484ms @ http://localhost:3000/_next/static/chunks/node_modules_next_dist_1e8vcs8._.js:776
[  249552ms] [LOG] [Fast Refresh] done in 484ms @ http://localhost:3000/_next/static/chunks/node_modules_next_dist_1e8vcs8._.js:776
[  249604ms] [LOG] [Fast Refresh] done in 484ms @ http://localhost:3000/_next/static/chunks/node_modules_next_dist_1e8vcs8._.js:776
[  249654ms] [LOG] [Fast Refresh] done in 484ms @ http://localhost:3000/_next/static/chunks/node_modules_next_dist_1e8vcs8._.js:776
[  249704ms] [LOG] [Fast Refresh] done in 484ms @ http://localhost:3000/_next/static/chunks/node_modules_next_dist_1e8vcs8._.js:776
[  249753ms] [LOG] [Fast Refresh] done in 484ms @ http://localhost:3000/_next/static/chunks/node_modules_next_dist_1e8vcs8._.js:776
[  249804ms] [LOG] [Fast Refresh] done in 484ms @ http://localhost:3000/_next/static/chunks/node_modules_next_dist_1e8vcs8._.js:776
[  249857ms] [LOG] [Fast Refresh] done in 484ms @ http://localhost:3000/_next/static/chunks/node_modules_next_dist_1e8vcs8._.js:776
[  249904ms] [LOG] [Fast Refresh] done in 484ms @ http://localhost:3000/_next/static/chunks/node_modules_next_dist_1e8vcs8._.js:776
[  249956ms] [LOG] [Fast Refresh] done in 484ms @ http://localhost:3000/_next/static/chunks/node_modules_next_dist_1e8vcs8._.js:776
[  250007ms] [LOG] [Fast Refresh] done in 484ms @ http://localhost:3000/_next/static/chunks/node_modules_next_dist_1e8vcs8._.js:776
[  250060ms] [LOG] [Fast Refresh] done in 484ms @ http://localhost:3000/_next/static/chunks/node_modules_next_dist_1e8vcs8._.js:776
[  250105ms] [LOG] [Fast Refresh] done in 484ms @ http://localhost:3000/_next/static/chunks/node_modules_next_dist_1e8vcs8._.js:776
[  250152ms] [LOG] [Fast Refresh] done in 484ms @ http://localhost:3000/_next/static/chunks/node_modules_next_dist_1e8vcs8._.js:776
[  250203ms] [LOG] [Fast Refresh] done in 484ms @ http://localhost:3000/_next/static/chunks/node_modules_next_dist_1e8vcs8._.js:776
[  250255ms] [LOG] [Fast Refresh] done in 484ms @ http://localhost:3000/_next/static/chunks/node_modules_next_dist_1e8vcs8._.js:776
[  250306ms] [LOG] [Fast Refresh] done in 484ms @ http://localhost:3000/_next/static/chunks/node_modules_next_dist_1e8vcs8._.js:776
[  250354ms] [LOG] [Fast Refresh] done in 484ms @ http://localhost:3000/_next/static/chunks/node_modules_next_dist_1e8vcs8._.js:776
[  250404ms] [LOG] [Fast Refresh] done in 484ms @ http://localhost:3000/_next/static/chunks/node_modules_next_dist_1e8vcs8._.js:776
[  250463ms] [LOG] [Fast Refresh] done in 484ms @ http://localhost:3000/_next/static/chunks/node_modules_next_dist_1e8vcs8._.js:776
[  250503ms] [LOG] [Fast Refresh] done in 484ms @ http://localhost:3000/_next/static/chunks/node_modules_next_dist_1e8vcs8._.js:776
[  250555ms] [LOG] [Fast Refresh] done in 484ms @ http://localhost:3000/_next/static/chunks/node_modules_next_dist_1e8vcs8._.js:776
[  250604ms] [LOG] [Fast Refresh] done in 484ms @ http://localhost:3000/_next/static/chunks/node_modules_next_dist_1e8vcs8._.js:776
[  250654ms] [LOG] [Fast Refresh] done in 484ms @ http://localhost:3000/_next/static/chunks/node_modules_next_dist_1e8vcs8._.js:776
[  250704ms] [LOG] [Fast Refresh] done in 484ms @ http://localhost:3000/_next/static/chunks/node_modules_next_dist_1e8vcs8._.js:776
[  250753ms] [LOG] [Fast Refresh] done in 484ms @ http://localhost:3000/_next/static/chunks/node_modules_next_dist_1e8vcs8._.js:776
[  250806ms] [LOG] [Fast Refresh] done in 484ms @ http://localhost:3000/_next/static/chunks/node_modules_next_dist_1e8vcs8._.js:776
[  250854ms] [LOG] [Fast Refresh] done in 484ms @ http://localhost:3000/_next/static/chunks/node_modules_next_dist_1e8vcs8._.js:776
[  250920ms] [LOG] [Fast Refresh] done in 484ms @ http://localhost:3000/_next/static/chunks/node_modules_next_dist_1e8vcs8._.js:776
[  250970ms] [LOG] [Fast Refresh] done in 484ms @ http://localhost:3000/_next/static/chunks/node_modules_next_dist_1e8vcs8._.js:776
[  251025ms] [LOG] [Fast Refresh] done in 484ms @ http://localhost:3000/_next/static/chunks/node_modules_next_dist_1e8vcs8._.js:776
[  251069ms] [LOG] [Fast Refresh] done in 484ms @ http://localhost:3000/_next/static/chunks/node_modules_next_dist_1e8vcs8._.js:776
[  251130ms] [LOG] [Fast Refresh] done in 484ms @ http://localhost:3000/_next/static/chunks/node_modules_next_dist_1e8vcs8._.js:776
[  251187ms] [LOG] [Fast Refresh] done in 484ms @ http://localhost:3000/_next/static/chunks/node_modules_next_dist_1e8vcs8._.js:776
[  251238ms] [LOG] [Fast Refresh] done in 484ms @ http://localhost:3000/_next/static/chunks/node_modules_next_dist_1e8vcs8._.js:776
[  251289ms] [LOG] [Fast Refresh] done in 484ms @ http://localhost:3000/_next/static/chunks/node_modules_next_dist_1e8vcs8._.js:776
[  251338ms] [LOG] [Fast Refresh] done in 484ms @ http://localhost:3000/_next/static/chunks/node_modules_next_dist_1e8vcs8._.js:776
[  251387ms] [LOG] [Fast Refresh] done in 484ms @ http://localhost:3000/_next/static/chunks/node_modules_next_dist_1e8vcs8._.js:776
[  251442ms] [LOG] [Fast Refresh] done in 484ms @ http://localhost:3000/_next/static/chunks/node_modules_next_dist_1e8vcs8._.js:776
[  251504ms] [LOG] [Fast Refresh] done in 484ms @ http://localhost:3000/_next/static/chunks/node_modules_next_dist_1e8vcs8._.js:776
[  251555ms] [LOG] [Fast Refresh] done in 484ms @ http://localhost:3000/_next/static/chunks/node_modules_next_dist_1e8vcs8._.js:776
[  251604ms] [LOG] [Fast Refresh] done in 484ms @ http://localhost:3000/_next/static/chunks/node_modules_next_dist_1e8vcs8._.js:776
[  251654ms] [LOG] [Fast Refresh] done in 484ms @ http://localhost:3000/_next/static/chunks/node_modules_next_dist_1e8vcs8._.js:776
[  251704ms] [LOG] [Fast Refresh] done in 484ms @ http://localhost:3000/_next/static/chunks/node_modules_next_dist_1e8vcs8._.js:776
[  251754ms] [LOG] [Fast Refresh] done in 484ms @ http://localhost:3000/_next/static/chunks/node_modules_next_dist_1e8vcs8._.js:776
[  251806ms] [LOG] [Fast Refresh] done in 484ms @ http://localhost:3000/_next/static/chunks/node_modules_next_dist_1e8vcs8._.js:776
[  251854ms] [LOG] [Fast Refresh] done in 484ms @ http://localhost:3000/_next/static/chunks/node_modules_next_dist_1e8vcs8._.js:776
[  251905ms] [LOG] [Fast Refresh] done in 484ms @ http://localhost:3000/_next/static/chunks/node_modules_next_dist_1e8vcs8._.js:776
[  251955ms] [LOG] [Fast Refresh] done in 484ms @ http://localhost:3000/_next/static/chunks/node_modules_next_dist_1e8vcs8._.js:776
[  252007ms] [LOG] [Fast Refresh] done in 484ms @ http://localhost:3000/_next/static/chunks/node_modules_next_dist_1e8vcs8._.js:776
[  252060ms] [LOG] [Fast Refresh] done in 484ms @ http://localhost:3000/_next/static/chunks/node_modules_next_dist_1e8vcs8._.js:776
[  252107ms] [LOG] [Fast Refresh] done in 484ms @ http://localhost:3000/_next/static/chunks/node_modules_next_dist_1e8vcs8._.js:776
[  252171ms] [LOG] [Fast Refresh] done in 484ms @ http://localhost:3000/_next/static/chunks/node_modules_next_dist_1e8vcs8._.js:776
[  252222ms] [LOG] [Fast Refresh] done in 484ms @ http://localhost:3000/_next/static/chunks/node_modules_next_dist_1e8vcs8._.js:776
[  252271ms] [LOG] [Fast Refresh] done in 484ms @ http://localhost:3000/_next/static/chunks/node_modules_next_dist_1e8vcs8._.js:776
[  252321ms] [LOG] [Fast Refresh] done in 484ms @ http://localhost:3000/_next/static/chunks/node_modules_next_dist_1e8vcs8._.js:776
[  252371ms] [LOG] [Fast Refresh] done in 484ms @ http://localhost:3000/_next/static/chunks/node_modules_next_dist_1e8vcs8._.js:776
[  252423ms] [LOG] [Fast Refresh] done in 484ms @ http://localhost:3000/_next/static/chunks/node_modules_next_dist_1e8vcs8._.js:776
[  252488ms] [LOG] [Fast Refresh] done in 484ms @ http://localhost:3000/_next/static/chunks/node_modules_next_dist_1e8vcs8._.js:776
[  252537ms] [LOG] [Fast Refresh] done in 484ms @ http://localhost:3000/_next/static/chunks/node_modules_next_dist_1e8vcs8._.js:776
[  252604ms] [LOG] [Fast Refresh] done in 484ms @ http://localhost:3000/_next/static/chunks/node_modules_next_dist_1e8vcs8._.js:776
[  252654ms] [LOG] [Fast Refresh] done in 484ms @ http://localhost:3000/_next/static/chunks/node_modules_next_dist_1e8vcs8._.js:776
[  252704ms] [LOG] [Fast Refresh] done in 484ms @ http://localhost:3000/_next/static/chunks/node_modules_next_dist_1e8vcs8._.js:776
[  252755ms] [LOG] [Fast Refresh] done in 484ms @ http://localhost:3000/_next/static/chunks/node_modules_next_dist_1e8vcs8._.js:776
[  252805ms] [LOG] [Fast Refresh] done in 484ms @ http://localhost:3000/_next/static/chunks/node_modules_next_dist_1e8vcs8._.js:776
[  252855ms] [LOG] [Fast Refresh] done in 484ms @ http://localhost:3000/_next/static/chunks/node_modules_next_dist_1e8vcs8._.js:776
[  252905ms] [LOG] [Fast Refresh] done in 484ms @ http://localhost:3000/_next/static/chunks/node_modules_next_dist_1e8vcs8._.js:776
[  252969ms] [LOG] [Fast Refresh] done in 484ms @ http://localhost:3000/_next/static/chunks/node_modules_next_dist_1e8vcs8._.js:776
[  253023ms] [LOG] [Fast Refresh] done in 484ms @ http://localhost:3000/_next/static/chunks/node_modules_next_dist_1e8vcs8._.js:776
[  253073ms] [LOG] [Fast Refresh] done in 484ms @ http://localhost:3000/_next/static/chunks/node_modules_next_dist_1e8vcs8._.js:776
[  253129ms] [LOG] [Fast Refresh] done in 484ms @ http://localhost:3000/_next/static/chunks/node_modules_next_dist_1e8vcs8._.js:776
[  253188ms] [LOG] [Fast Refresh] done in 484ms @ http://localhost:3000/_next/static/chunks/node_modules_next_dist_1e8vcs8._.js:776
[  253237ms] [LOG] [Fast Refresh] done in 484ms @ http://localhost:3000/_next/static/chunks/node_modules_next_dist_1e8vcs8._.js:776
[  253287ms] [LOG] [Fast Refresh] done in 484ms @ http://localhost:3000/_next/static/chunks/node_modules_next_dist_1e8vcs8._.js:776
[  253338ms] [LOG] [Fast Refresh] done in 484ms @ http://localhost:3000/_next/static/chunks/node_modules_next_dist_1e8vcs8._.js:776
[  253403ms] [LOG] [Fast Refresh] done in 484ms @ http://localhost:3000/_next/static/chunks/node_modules_next_dist_1e8vcs8._.js:776
[  253454ms] [LOG] [Fast Refresh] done in 484ms @ http://localhost:3000/_next/static/chunks/node_modules_next_dist_1e8vcs8._.js:776
[  253505ms] [LOG] [Fast Refresh] done in 484ms @ http://localhost:3000/_next/static/chunks/node_modules_next_dist_1e8vcs8._.js:776
[  253554ms] [LOG] [Fast Refresh] done in 484ms @ http://localhost:3000/_next/static/chunks/node_modules_next_dist_1e8vcs8._.js:776
[  253619ms] [LOG] [Fast Refresh] done in 484ms @ http://localhost:3000/_next/static/chunks/node_modules_next_dist_1e8vcs8._.js:776
[  253670ms] [LOG] [Fast Refresh] done in 484ms @ http://localhost:3000/_next/static/chunks/node_modules_next_dist_1e8vcs8._.js:776
[  253738ms] [LOG] [Fast Refresh] done in 484ms @ http://localhost:3000/_next/static/chunks/node_modules_next_dist_1e8vcs8._.js:776
[  253788ms] [LOG] [Fast Refresh] done in 484ms @ http://localhost:3000/_next/static/chunks/node_modules_next_dist_1e8vcs8._.js:776
[  253838ms] [LOG] [Fast Refresh] done in 484ms @ http://localhost:3000/_next/static/chunks/node_modules_next_dist_1e8vcs8._.js:776
[  253888ms] [LOG] [Fast Refresh] done in 484ms @ http://localhost:3000/_next/static/chunks/node_modules_next_dist_1e8vcs8._.js:776
[  253937ms] [LOG] [Fast Refresh] done in 484ms @ http://localhost:3000/_next/static/chunks/node_modules_next_dist_1e8vcs8._.js:776
[  253989ms] [LOG] [Fast Refresh] done in 484ms @ http://localhost:3000/_next/static/chunks/node_modules_next_dist_1e8vcs8._.js:776
[  254047ms] [LOG] [Fast Refresh] done in 484ms @ http://localhost:3000/_next/static/chunks/node_modules_next_dist_1e8vcs8._.js:776
[  254105ms] [LOG] [Fast Refresh] done in 484ms @ http://localhost:3000/_next/static/chunks/node_modules_next_dist_1e8vcs8._.js:776
[  254155ms] [LOG] [Fast Refresh] done in 484ms @ http://localhost:3000/_next/static/chunks/node_modules_next_dist_1e8vcs8._.js:776
[  254204ms] [LOG] [Fast Refresh] done in 484ms @ http://localhost:3000/_next/static/chunks/node_modules_next_dist_1e8vcs8._.js:776
[  254255ms] [LOG] [Fast Refresh] done in 484ms @ http://localhost:3000/_next/static/chunks/node_modules_next_dist_1e8vcs8._.js:776
[  254309ms] [LOG] [Fast Refresh] done in 484ms @ http://localhost:3000/_next/static/chunks/node_modules_next_dist_1e8vcs8._.js:776
[  254373ms] [LOG] [Fast Refresh] done in 484ms @ http://localhost:3000/_next/static/chunks/node_modules_next_dist_1e8vcs8._.js:776
[  254437ms] [LOG] [Fast Refresh] done in 484ms @ http://localhost:3000/_next/static/chunks/node_modules_next_dist_1e8vcs8._.js:776
[  254488ms] [LOG] [Fast Refresh] done in 484ms @ http://localhost:3000/_next/static/chunks/node_modules_next_dist_1e8vcs8._.js:776
[  254538ms] [LOG] [Fast Refresh] done in 484ms @ http://localhost:3000/_next/static/chunks/node_modules_next_dist_1e8vcs8._.js:776
[  254588ms] [LOG] [Fast Refresh] done in 484ms @ http://localhost:3000/_next/static/chunks/node_modules_next_dist_1e8vcs8._.js:776
[  254637ms] [LOG] [Fast Refresh] done in 484ms @ http://localhost:3000/_next/static/chunks/node_modules_next_dist_1e8vcs8._.js:776
[  254688ms] [LOG] [Fast Refresh] done in 484ms @ http://localhost:3000/_next/static/chunks/node_modules_next_dist_1e8vcs8._.js:776
[  254737ms] [LOG] [Fast Refresh] done in 484ms @ http://localhost:3000/_next/static/chunks/node_modules_next_dist_1e8vcs8._.js:776
[  254787ms] [LOG] [Fast Refresh] done in 484ms @ http://localhost:3000/_next/static/chunks/node_modules_next_dist_1e8vcs8._.js:776
[  254848ms] [LOG] [Fast Refresh] done in 484ms @ http://localhost:3000/_next/static/chunks/node_modules_next_dist_1e8vcs8._.js:776
[  254888ms] [LOG] [Fast Refresh] done in 484ms @ http://localhost:3000/_next/static/chunks/node_modules_next_dist_1e8vcs8._.js:776
[  254939ms] [LOG] [Fast Refresh] done in 484ms @ http://localhost:3000/_next/static/chunks/node_modules_next_dist_1e8vcs8._.js:776
[  254989ms] [LOG] [Fast Refresh] done in 484ms @ http://localhost:3000/_next/static/chunks/node_modules_next_dist_1e8vcs8._.js:776
[  255055ms] [LOG] [Fast Refresh] done in 484ms @ http://localhost:3000/_next/static/chunks/node_modules_next_dist_1e8vcs8._.js:776
[  255107ms] [LOG] [Fast Refresh] done in 484ms @ http://localhost:3000/_next/static/chunks/node_modules_next_dist_1e8vcs8._.js:776
[  255155ms] [LOG] [Fast Refresh] done in 484ms @ http://localhost:3000/_next/static/chunks/node_modules_next_dist_1e8vcs8._.js:776
[  255204ms] [LOG] [Fast Refresh] done in 484ms @ http://localhost:3000/_next/static/chunks/node_modules_next_dist_1e8vcs8._.js:776
[  255272ms] [LOG] [Fast Refresh] done in 484ms @ http://localhost:3000/_next/static/chunks/node_modules_next_dist_1e8vcs8._.js:776
[  255315ms] [LOG] [Fast Refresh] done in 484ms @ http://localhost:3000/_next/static/chunks/node_modules_next_dist_1e8vcs8._.js:776
[  255371ms] [LOG] [Fast Refresh] done in 484ms @ http://localhost:3000/_next/static/chunks/node_modules_next_dist_1e8vcs8._.js:776
[  255421ms] [LOG] [Fast Refresh] done in 484ms @ http://localhost:3000/_next/static/chunks/node_modules_next_dist_1e8vcs8._.js:776
[  255471ms] [LOG] [Fast Refresh] done in 484ms @ http://localhost:3000/_next/static/chunks/node_modules_next_dist_1e8vcs8._.js:776
[  255521ms] [LOG] [Fast Refresh] done in 484ms @ http://localhost:3000/_next/static/chunks/node_modules_next_dist_1e8vcs8._.js:776
[  255586ms] [LOG] [Fast Refresh] done in 484ms @ http://localhost:3000/_next/static/chunks/node_modules_next_dist_1e8vcs8._.js:776
[  255653ms] [LOG] [Fast Refresh] done in 484ms @ http://localhost:3000/_next/static/chunks/node_modules_next_dist_1e8vcs8._.js:776
[  255721ms] [LOG] [Fast Refresh] done in 484ms @ http://localhost:3000/_next/static/chunks/node_modules_next_dist_1e8vcs8._.js:776
[  255771ms] [LOG] [Fast Refresh] done in 484ms @ http://localhost:3000/_next/static/chunks/node_modules_next_dist_1e8vcs8._.js:776
[  255837ms] [LOG] [Fast Refresh] done in 484ms @ http://localhost:3000/_next/static/chunks/node_modules_next_dist_1e8vcs8._.js:776
[  255888ms] [LOG] [Fast Refresh] done in 484ms @ http://localhost:3000/_next/static/chunks/node_modules_next_dist_1e8vcs8._.js:776
[  255937ms] [LOG] [Fast Refresh] done in 484ms @ http://localhost:3000/_next/static/chunks/node_modules_next_dist_1e8vcs8._.js:776
[  255990ms] [LOG] [Fast Refresh] done in 484ms @ http://localhost:3000/_next/static/chunks/node_modules_next_dist_1e8vcs8._.js:776
[  256044ms] [LOG] [Fast Refresh] done in 484ms @ http://localhost:3000/_next/static/chunks/node_modules_next_dist_1e8vcs8._.js:776
[  256105ms] [LOG] [Fast Refresh] done in 484ms @ http://localhost:3000/_next/static/chunks/node_modules_next_dist_1e8vcs8._.js:776
[  256155ms] [LOG] [Fast Refresh] done in 484ms @ http://localhost:3000/_next/static/chunks/node_modules_next_dist_1e8vcs8._.js:776
[  256205ms] [LOG] [Fast Refresh] done in 484ms @ http://localhost:3000/_next/static/chunks/node_modules_next_dist_1e8vcs8._.js:776
[  256266ms] [LOG] [Fast Refresh] done in 484ms @ http://localhost:3000/_next/static/chunks/node_modules_next_dist_1e8vcs8._.js:776
[  256321ms] [LOG] [Fast Refresh] done in 484ms @ http://localhost:3000/_next/static/chunks/node_modules_next_dist_1e8vcs8._.js:776
[  256371ms] [LOG] [Fast Refresh] done in 484ms @ http://localhost:3000/_next/static/chunks/node_modules_next_dist_1e8vcs8._.js:776
[  256421ms] [LOG] [Fast Refresh] done in 484ms @ http://localhost:3000/_next/static/chunks/node_modules_next_dist_1e8vcs8._.js:776
[  256470ms] [LOG] [Fast Refresh] done in 484ms @ http://localhost:3000/_next/static/chunks/node_modules_next_dist_1e8vcs8._.js:776
[  256538ms] [LOG] [Fast Refresh] done in 484ms @ http://localhost:3000/_next/static/chunks/node_modules_next_dist_1e8vcs8._.js:776
[  256604ms] [LOG] [Fast Refresh] done in 484ms @ http://localhost:3000/_next/static/chunks/node_modules_next_dist_1e8vcs8._.js:776
[  256654ms] [LOG] [Fast Refresh] done in 484ms @ http://localhost:3000/_next/static/chunks/node_modules_next_dist_1e8vcs8._.js:776
[  256704ms] [LOG] [Fast Refresh] done in 484ms @ http://localhost:3000/_next/static/chunks/node_modules_next_dist_1e8vcs8._.js:776
[  256754ms] [LOG] [Fast Refresh] done in 484ms @ http://localhost:3000/_next/static/chunks/node_modules_next_dist_1e8vcs8._.js:776
[  256805ms] [LOG] [Fast Refresh] done in 484ms @ http://localhost:3000/_next/static/chunks/node_modules_next_dist_1e8vcs8._.js:776
[  256855ms] [LOG] [Fast Refresh] done in 484ms @ http://localhost:3000/_next/static/chunks/node_modules_next_dist_1e8vcs8._.js:776
[  256904ms] [LOG] [Fast Refresh] done in 484ms @ http://localhost:3000/_next/static/chunks/node_modules_next_dist_1e8vcs8._.js:776
[  256954ms] [LOG] [Fast Refresh] done in 484ms @ http://localhost:3000/_next/static/chunks/node_modules_next_dist_1e8vcs8._.js:776
[  257007ms] [LOG] [Fast Refresh] done in 484ms @ http://localhost:3000/_next/static/chunks/node_modules_next_dist_1e8vcs8._.js:776
[  257069ms] [LOG] [Fast Refresh] done in 484ms @ http://localhost:3000/_next/static/chunks/node_modules_next_dist_1e8vcs8._.js:776
[  257109ms] [LOG] [Fast Refresh] done in 484ms @ http://localhost:3000/_next/static/chunks/node_modules_next_dist_1e8vcs8._.js:776
[  257161ms] [LOG] [Fast Refresh] done in 484ms @ http://localhost:3000/_next/static/chunks/node_modules_next_dist_1e8vcs8._.js:776
[  257218ms] [LOG] [Fast Refresh] done in 484ms @ http://localhost:3000/_next/static/chunks/node_modules_next_dist_1e8vcs8._.js:776
[  257272ms] [LOG] [Fast Refresh] done in 484ms @ http://localhost:3000/_next/static/chunks/node_modules_next_dist_1e8vcs8._.js:776
[  257320ms] [LOG] [Fast Refresh] done in 484ms @ http://localhost:3000/_next/static/chunks/node_modules_next_dist_1e8vcs8._.js:776
[  257372ms] [LOG] [Fast Refresh] done in 484ms @ http://localhost:3000/_next/static/chunks/node_modules_next_dist_1e8vcs8._.js:776
[  257421ms] [LOG] [Fast Refresh] done in 484ms @ http://localhost:3000/_next/static/chunks/node_modules_next_dist_1e8vcs8._.js:776
[  257471ms] [LOG] [Fast Refresh] done in 484ms @ http://localhost:3000/_next/static/chunks/node_modules_next_dist_1e8vcs8._.js:776
[  257537ms] [LOG] [Fast Refresh] done in 484ms @ http://localhost:3000/_next/static/chunks/node_modules_next_dist_1e8vcs8._.js:776
[  257579ms] [LOG] [Fast Refresh] done in 484ms @ http://localhost:3000/_next/static/chunks/node_modules_next_dist_1e8vcs8._.js:776
[  257636ms] [LOG] [Fast Refresh] done in 484ms @ http://localhost:3000/_next/static/chunks/node_modules_next_dist_1e8vcs8._.js:776
[  257686ms] [LOG] [Fast Refresh] done in 484ms @ http://localhost:3000/_next/static/chunks/node_modules_next_dist_1e8vcs8._.js:776
[  257765ms] [LOG] [Fast Refresh] done in 484ms @ http://localhost:3000/_next/static/chunks/node_modules_next_dist_1e8vcs8._.js:776
[  257820ms] [LOG] [Fast Refresh] done in 484ms @ http://localhost:3000/_next/static/chunks/node_modules_next_dist_1e8vcs8._.js:776
[  257869ms] [LOG] [Fast Refresh] done in 484ms @ http://localhost:3000/_next/static/chunks/node_modules_next_dist_1e8vcs8._.js:776
[  257928ms] [LOG] [Fast Refresh] done in 484ms @ http://localhost:3000/_next/static/chunks/node_modules_next_dist_1e8vcs8._.js:776
[  257990ms] [LOG] [Fast Refresh] done in 484ms @ http://localhost:3000/_next/static/chunks/node_modules_next_dist_1e8vcs8._.js:776
[  258056ms] [LOG] [Fast Refresh] done in 484ms @ http://localhost:3000/_next/static/chunks/node_modules_next_dist_1e8vcs8._.js:776
[  258105ms] [LOG] [Fast Refresh] done in 484ms @ http://localhost:3000/_next/static/chunks/node_modules_next_dist_1e8vcs8._.js:776
[  258151ms] [LOG] [Fast Refresh] done in 484ms @ http://localhost:3000/_next/static/chunks/node_modules_next_dist_1e8vcs8._.js:776
[  258203ms] [LOG] [Fast Refresh] done in 484ms @ http://localhost:3000/_next/static/chunks/node_modules_next_dist_1e8vcs8._.js:776
[  258252ms] [LOG] [Fast Refresh] done in 484ms @ http://localhost:3000/_next/static/chunks/node_modules_next_dist_1e8vcs8._.js:776
[  258305ms] [LOG] [Fast Refresh] done in 484ms @ http://localhost:3000/_next/static/chunks/node_modules_next_dist_1e8vcs8._.js:776
[  258363ms] [LOG] [Fast Refresh] done in 484ms @ http://localhost:3000/_next/static/chunks/node_modules_next_dist_1e8vcs8._.js:776
[  258420ms] [LOG] [Fast Refresh] done in 484ms @ http://localhost:3000/_next/static/chunks/node_modules_next_dist_1e8vcs8._.js:776
[  258477ms] [LOG] [Fast Refresh] done in 484ms @ http://localhost:3000/_next/static/chunks/node_modules_next_dist_1e8vcs8._.js:776
[  258537ms] [LOG] [Fast Refresh] done in 484ms @ http://localhost:3000/_next/static/chunks/node_modules_next_dist_1e8vcs8._.js:776
[  258588ms] [LOG] [Fast Refresh] done in 484ms @ http://localhost:3000/_next/static/chunks/node_modules_next_dist_1e8vcs8._.js:776
[  258652ms] [LOG] [Fast Refresh] done in 484ms @ http://localhost:3000/_next/static/chunks/node_modules_next_dist_1e8vcs8._.js:776
[  258704ms] [LOG] [Fast Refresh] done in 484ms @ http://localhost:3000/_next/static/chunks/node_modules_next_dist_1e8vcs8._.js:776
[  258755ms] [LOG] [Fast Refresh] done in 484ms @ http://localhost:3000/_next/static/chunks/node_modules_next_dist_1e8vcs8._.js:776
[  258821ms] [LOG] [Fast Refresh] done in 484ms @ http://localhost:3000/_next/static/chunks/node_modules_next_dist_1e8vcs8._.js:776
[  258878ms] [LOG] [Fast Refresh] done in 484ms @ http://localhost:3000/_next/static/chunks/node_modules_next_dist_1e8vcs8._.js:776
[  258940ms] [LOG] [Fast Refresh] done in 484ms @ http://localhost:3000/_next/static/chunks/node_modules_next_dist_1e8vcs8._.js:776
[  259005ms] [LOG] [Fast Refresh] done in 484ms @ http://localhost:3000/_next/static/chunks/node_modules_next_dist_1e8vcs8._.js:776
[  259057ms] [LOG] [Fast Refresh] done in 484ms @ http://localhost:3000/_next/static/chunks/node_modules_next_dist_1e8vcs8._.js:776
[  259107ms] [LOG] [Fast Refresh] done in 484ms @ http://localhost:3000/_next/static/chunks/node_modules_next_dist_1e8vcs8._.js:776
[  259160ms] [LOG] [Fast Refresh] done in 484ms @ http://localhost:3000/_next/static/chunks/node_modules_next_dist_1e8vcs8._.js:776
[  259208ms] [LOG] [Fast Refresh] done in 484ms @ http://localhost:3000/_next/static/chunks/node_modules_next_dist_1e8vcs8._.js:776
[  259255ms] [LOG] [Fast Refresh] done in 484ms @ http://localhost:3000/_next/static/chunks/node_modules_next_dist_1e8vcs8._.js:776
[  259305ms] [LOG] [Fast Refresh] done in 484ms @ http://localhost:3000/_next/static/chunks/node_modules_next_dist_1e8vcs8._.js:776
[  259355ms] [LOG] [Fast Refresh] done in 484ms @ http://localhost:3000/_next/static/chunks/node_modules_next_dist_1e8vcs8._.js:776
[  259405ms] [LOG] [Fast Refresh] done in 484ms @ http://localhost:3000/_next/static/chunks/node_modules_next_dist_1e8vcs8._.js:776
[  259455ms] [LOG] [Fast Refresh] done in 484ms @ http://localhost:3000/_next/static/chunks/node_modules_next_dist_1e8vcs8._.js:776
[  259504ms] [LOG] [Fast Refresh] done in 484ms @ http://localhost:3000/_next/static/chunks/node_modules_next_dist_1e8vcs8._.js:776
[  259554ms] [LOG] [Fast Refresh] done in 484ms @ http://localhost:3000/_next/static/chunks/node_modules_next_dist_1e8vcs8._.js:776
[  259606ms] [LOG] [Fast Refresh] done in 484ms @ http://localhost:3000/_next/static/chunks/node_modules_next_dist_1e8vcs8._.js:776
[  259654ms] [LOG] [Fast Refresh] done in 484ms @ http://localhost:3000/_next/static/chunks/node_modules_next_dist_1e8vcs8._.js:776
[  259704ms] [LOG] [Fast Refresh] done in 484ms @ http://localhost:3000/_next/static/chunks/node_modules_next_dist_1e8vcs8._.js:776
[  259754ms] [LOG] [Fast Refresh] done in 484ms @ http://localhost:3000/_next/static/chunks/node_modules_next_dist_1e8vcs8._.js:776
[  259805ms] [LOG] [Fast Refresh] done in 484ms @ http://localhost:3000/_next/static/chunks/node_modules_next_dist_1e8vcs8._.js:776
[  259855ms] [LOG] [Fast Refresh] done in 484ms @ http://localhost:3000/_next/static/chunks/node_modules_next_dist_1e8vcs8._.js:776
[  259905ms] [LOG] [Fast Refresh] done in 484ms @ http://localhost:3000/_next/static/chunks/node_modules_next_dist_1e8vcs8._.js:776
[  259971ms] [LOG] [Fast Refresh] done in 484ms @ http://localhost:3000/_next/static/chunks/node_modules_next_dist_1e8vcs8._.js:776
[  260023ms] [LOG] [Fast Refresh] done in 484ms @ http://localhost:3000/_next/static/chunks/node_modules_next_dist_1e8vcs8._.js:776
[  260077ms] [LOG] [Fast Refresh] done in 484ms @ http://localhost:3000/_next/static/chunks/node_modules_next_dist_1e8vcs8._.js:776
[  260154ms] [LOG] [Fast Refresh] done in 484ms @ http://localhost:3000/_next/static/chunks/node_modules_next_dist_1e8vcs8._.js:776
[  260206ms] [LOG] [Fast Refresh] done in 484ms @ http://localhost:3000/_next/static/chunks/node_modules_next_dist_1e8vcs8._.js:776
[  260254ms] [LOG] [Fast Refresh] done in 484ms @ http://localhost:3000/_next/static/chunks/node_modules_next_dist_1e8vcs8._.js:776
[  260305ms] [LOG] [Fast Refresh] done in 484ms @ http://localhost:3000/_next/static/chunks/node_modules_next_dist_1e8vcs8._.js:776
[  260355ms] [LOG] [Fast Refresh] done in 484ms @ http://localhost:3000/_next/static/chunks/node_modules_next_dist_1e8vcs8._.js:776
[  260405ms] [LOG] [Fast Refresh] done in 484ms @ http://localhost:3000/_next/static/chunks/node_modules_next_dist_1e8vcs8._.js:776
[  260456ms] [LOG] [Fast Refresh] done in 484ms @ http://localhost:3000/_next/static/chunks/node_modules_next_dist_1e8vcs8._.js:776
[  260505ms] [LOG] [Fast Refresh] done in 484ms @ http://localhost:3000/_next/static/chunks/node_modules_next_dist_1e8vcs8._.js:776
[  260572ms] [LOG] [Fast Refresh] done in 484ms @ http://localhost:3000/_next/static/chunks/node_modules_next_dist_1e8vcs8._.js:776
[  260640ms] [LOG] [Fast Refresh] done in 484ms @ http://localhost:3000/_next/static/chunks/node_modules_next_dist_1e8vcs8._.js:776
[  260706ms] [LOG] [Fast Refresh] done in 484ms @ http://localhost:3000/_next/static/chunks/node_modules_next_dist_1e8vcs8._.js:776
[  260769ms] [LOG] [Fast Refresh] done in 484ms @ http://localhost:3000/_next/static/chunks/node_modules_next_dist_1e8vcs8._.js:776
[  260821ms] [LOG] [Fast Refresh] done in 484ms @ http://localhost:3000/_next/static/chunks/node_modules_next_dist_1e8vcs8._.js:776
[  260886ms] [LOG] [Fast Refresh] done in 484ms @ http://localhost:3000/_next/static/chunks/node_modules_next_dist_1e8vcs8._.js:776
