[     643ms] [INFO] %cDownload the React DevTools for a better development experience: https://react.dev/link/react-devtools font-weight:bold @ http://localhost:3000/_next/static/chunks/node_modules_next_dist_1e8vcs8._.js:776
[     682ms] [LOG] [HMR] connected @ http://localhost:3000/_next/static/chunks/node_modules_next_dist_1e8vcs8._.js:776
[     923ms] [LOG] [Fast Refresh] rebuilding @ http://localhost:3000/_next/static/chunks/node_modules_next_dist_1e8vcs8._.js:776
[     980ms] [LOG] [Fast Refresh] done in 174ms @ http://localhost:3000/_next/static/chunks/node_modules_next_dist_1e8vcs8._.js:776
[  586022ms] [LOG] [Fast Refresh] rebuilding @ http://localhost:3000/_next/static/chunks/node_modules_next_dist_1e8vcs8._.js:776
[  586135ms] [ERROR] ./lib/games/registry.ts:6:26
Error: Module not found: Can't resolve '@/lib/games/bloque-buster'
  4 |   rocas: () => import("@/lib/games/asteroids"),
  5 |   tetris: () => import("@/lib/games/tetris"),
> 6 |   "bloque-buster": () => import("@/lib/games/bloque-buster"),
    |                          ^^^^^^^^^^^^^^^^^^^^^^^^^^^^^^^^^^^
  7 | };
  8 |

Import map: aliased to relative './lib/games/bloque-buster' inside of [project]/

Import traces:
  Client Component Browser:
    ./lib/games/registry.ts [Client Component Browser]
    ./app/components/game-player.tsx [Client Component Browser]
    ./app/components/game-player.tsx [Server Component]
    ./app/juegos/[id]/jugar/page.tsx [Server Component]

  Client Component SSR:
    ./lib/games/registry.ts [Client Component SSR]
    ./app/components/game-player.tsx [Client Component SSR]
    ./app/components/game-player.tsx [Server Component]
    ./app/juegos/[id]/jugar/page.tsx [Server Component]

https://nextjs.org/docs/messages/module-not-found @ http://localhost:3000/_next/static/chunks/node_modules_next_dist_1e8vcs8._.js:1052
[  586225ms] [ERROR] ./lib/games/registry.ts:6:26
Error: Module not found: Can't resolve '@/lib/games/bloque-buster'
  4 |   rocas: () => import("@/lib/games/asteroids"),
  5 |   tetris: () => import("@/lib/games/tetris"),
> 6 |   "bloque-buster": () => import("@/lib/games/bloque-buster"),
    |                          ^^^^^^^^^^^^^^^^^^^^^^^^^^^^^^^^^^^
  7 | };
  8 |

Import map: aliased to relative './lib/games/bloque-buster' inside of [project]/

Import traces:
  Client Component Browser:
    ./lib/games/registry.ts [Client Component Browser]
    ./app/components/game-player.tsx [Client Component Browser]
    ./app/components/game-player.tsx [Server Component]
    ./app/juegos/[id]/jugar/page.tsx [Server Component]

  Client Component SSR:
    ./lib/games/registry.ts [Client Component SSR]
    ./app/components/game-player.tsx [Client Component SSR]
    ./app/components/game-player.tsx [Server Component]
    ./app/juegos/[id]/jugar/page.tsx [Server Component]

https://nextjs.org/docs/messages/module-not-found @ http://localhost:3000/_next/static/chunks/node_modules_next_dist_1e8vcs8._.js:1052
[  586371ms] [ERROR] ./lib/games/registry.ts:6:26
Error: Module not found: Can't resolve '@/lib/games/bloque-buster'
  4 |   rocas: () => import("@/lib/games/asteroids"),
  5 |   tetris: () => import("@/lib/games/tetris"),
> 6 |   "bloque-buster": () => import("@/lib/games/bloque-buster"),
    |                          ^^^^^^^^^^^^^^^^^^^^^^^^^^^^^^^^^^^
  7 | };
  8 |

Import map: aliased to relative './lib/games/bloque-buster' inside of [project]/

Import traces:
  Client Component Browser:
    ./lib/games/registry.ts [Client Component Browser]
    ./app/components/game-player.tsx [Client Component Browser]
    ./app/components/game-player.tsx [Server Component]
    ./app/juegos/[id]/jugar/page.tsx [Server Component]

  Client Component SSR:
    ./lib/games/registry.ts [Client Component SSR]
    ./app/components/game-player.tsx [Client Component SSR]
    ./app/components/game-player.tsx [Server Component]
    ./app/juegos/[id]/jugar/page.tsx [Server Component]

https://nextjs.org/docs/messages/module-not-found @ http://localhost:3000/_next/static/chunks/node_modules_next_dist_1e8vcs8._.js:1052
[  586423ms] [ERROR] ./lib/games/registry.ts:6:26
Error: Module not found: Can't resolve '@/lib/games/bloque-buster'
  4 |   rocas: () => import("@/lib/games/asteroids"),
  5 |   tetris: () => import("@/lib/games/tetris"),
> 6 |   "bloque-buster": () => import("@/lib/games/bloque-buster"),
    |                          ^^^^^^^^^^^^^^^^^^^^^^^^^^^^^^^^^^^
  7 | };
  8 |

Import map: aliased to relative './lib/games/bloque-buster' inside of [project]/

Import traces:
  Client Component Browser:
    ./lib/games/registry.ts [Client Component Browser]
    ./app/components/game-player.tsx [Client Component Browser]
    ./app/components/game-player.tsx [Server Component]
    ./app/juegos/[id]/jugar/page.tsx [Server Component]

  Client Component SSR:
    ./lib/games/registry.ts [Client Component SSR]
    ./app/components/game-player.tsx [Client Component SSR]
    ./app/components/game-player.tsx [Server Component]
    ./app/juegos/[id]/jugar/page.tsx [Server Component]

https://nextjs.org/docs/messages/module-not-found @ http://localhost:3000/_next/static/chunks/node_modules_next_dist_1e8vcs8._.js:1052
[  586456ms] [LOG] [Fast Refresh] rebuilding @ http://localhost:3000/_next/static/chunks/node_modules_next_dist_1e8vcs8._.js:776
[  586473ms] [ERROR] ./lib/games/registry.ts:6:26
Error: Module not found: Can't resolve '@/lib/games/bloque-buster'
  4 |   rocas: () => import("@/lib/games/asteroids"),
  5 |   tetris: () => import("@/lib/games/tetris"),
> 6 |   "bloque-buster": () => import("@/lib/games/bloque-buster"),
    |                          ^^^^^^^^^^^^^^^^^^^^^^^^^^^^^^^^^^^
  7 | };
  8 |

Import map: aliased to relative './lib/games/bloque-buster' inside of [project]/

Import traces:
  Client Component Browser:
    ./lib/games/registry.ts [Client Component Browser]
    ./app/components/game-player.tsx [Client Component Browser]
    ./app/components/game-player.tsx [Server Component]
    ./app/juegos/[id]/jugar/page.tsx [Server Component]

  Client Component SSR:
    ./lib/games/registry.ts [Client Component SSR]
    ./app/components/game-player.tsx [Client Component SSR]
    ./app/components/game-player.tsx [Server Component]
    ./app/juegos/[id]/jugar/page.tsx [Server Component]

https://nextjs.org/docs/messages/module-not-found @ http://localhost:3000/_next/static/chunks/node_modules_next_dist_1e8vcs8._.js:1052
[  586538ms] [ERROR] ./lib/games/registry.ts:6:26
Error: Module not found: Can't resolve '@/lib/games/bloque-buster'
  4 |   rocas: () => import("@/lib/games/asteroids"),
  5 |   tetris: () => import("@/lib/games/tetris"),
> 6 |   "bloque-buster": () => import("@/lib/games/bloque-buster"),
    |                          ^^^^^^^^^^^^^^^^^^^^^^^^^^^^^^^^^^^
  7 | };
  8 |

Import map: aliased to relative './lib/games/bloque-buster' inside of [project]/

Import traces:
  Client Component Browser:
    ./lib/games/registry.ts [Client Component Browser]
    ./app/components/game-player.tsx [Client Component Browser]
    ./app/components/game-player.tsx [Server Component]
    ./app/juegos/[id]/jugar/page.tsx [Server Component]

  Client Component SSR:
    ./lib/games/registry.ts [Client Component SSR]
    ./app/components/game-player.tsx [Client Component SSR]
    ./app/components/game-player.tsx [Server Component]
    ./app/juegos/[id]/jugar/page.tsx [Server Component]

https://nextjs.org/docs/messages/module-not-found @ http://localhost:3000/_next/static/chunks/node_modules_next_dist_1e8vcs8._.js:1052
[  586594ms] [ERROR] ./lib/games/registry.ts:6:26
Error: Module not found: Can't resolve '@/lib/games/bloque-buster'
  4 |   rocas: () => import("@/lib/games/asteroids"),
  5 |   tetris: () => import("@/lib/games/tetris"),
> 6 |   "bloque-buster": () => import("@/lib/games/bloque-buster"),
    |                          ^^^^^^^^^^^^^^^^^^^^^^^^^^^^^^^^^^^
  7 | };
  8 |

Import map: aliased to relative './lib/games/bloque-buster' inside of [project]/

Import traces:
  Client Component Browser:
    ./lib/games/registry.ts [Client Component Browser]
    ./app/components/game-player.tsx [Client Component Browser]
    ./app/components/game-player.tsx [Server Component]
    ./app/juegos/[id]/jugar/page.tsx [Server Component]

  Client Component SSR:
    ./lib/games/registry.ts [Client Component SSR]
    ./app/components/game-player.tsx [Client Component SSR]
    ./app/components/game-player.tsx [Server Component]
    ./app/juegos/[id]/jugar/page.tsx [Server Component]

https://nextjs.org/docs/messages/module-not-found @ http://localhost:3000/_next/static/chunks/node_modules_next_dist_1e8vcs8._.js:1052
[  586656ms] [ERROR] ./lib/games/registry.ts:6:26
Error: Module not found: Can't resolve '@/lib/games/bloque-buster'
  4 |   rocas: () => import("@/lib/games/asteroids"),
  5 |   tetris: () => import("@/lib/games/tetris"),
> 6 |   "bloque-buster": () => import("@/lib/games/bloque-buster"),
    |                          ^^^^^^^^^^^^^^^^^^^^^^^^^^^^^^^^^^^
  7 | };
  8 |

Import map: aliased to relative './lib/games/bloque-buster' inside of [project]/

Import traces:
  Client Component Browser:
    ./lib/games/registry.ts [Client Component Browser]
    ./app/components/game-player.tsx [Client Component Browser]
    ./app/components/game-player.tsx [Server Component]
    ./app/juegos/[id]/jugar/page.tsx [Server Component]

  Client Component SSR:
    ./lib/games/registry.ts [Client Component SSR]
    ./app/components/game-player.tsx [Client Component SSR]
    ./app/components/game-player.tsx [Server Component]
    ./app/juegos/[id]/jugar/page.tsx [Server Component]

https://nextjs.org/docs/messages/module-not-found @ http://localhost:3000/_next/static/chunks/node_modules_next_dist_1e8vcs8._.js:1052
[  586722ms] [ERROR] ./lib/games/registry.ts:6:26
Error: Module not found: Can't resolve '@/lib/games/bloque-buster'
  4 |   rocas: () => import("@/lib/games/asteroids"),
  5 |   tetris: () => import("@/lib/games/tetris"),
> 6 |   "bloque-buster": () => import("@/lib/games/bloque-buster"),
    |                          ^^^^^^^^^^^^^^^^^^^^^^^^^^^^^^^^^^^
  7 | };
  8 |

Import map: aliased to relative './lib/games/bloque-buster' inside of [project]/

Import traces:
  Client Component Browser:
    ./lib/games/registry.ts [Client Component Browser]
    ./app/components/game-player.tsx [Client Component Browser]
    ./app/components/game-player.tsx [Server Component]
    ./app/juegos/[id]/jugar/page.tsx [Server Component]

  Client Component SSR:
    ./lib/games/registry.ts [Client Component SSR]
    ./app/components/game-player.tsx [Client Component SSR]
    ./app/components/game-player.tsx [Server Component]
    ./app/juegos/[id]/jugar/page.tsx [Server Component]

https://nextjs.org/docs/messages/module-not-found @ http://localhost:3000/_next/static/chunks/node_modules_next_dist_1e8vcs8._.js:1052
[  586797ms] [ERROR] ./lib/games/registry.ts:6:26
Error: Module not found: Can't resolve '@/lib/games/bloque-buster'
  4 |   rocas: () => import("@/lib/games/asteroids"),
  5 |   tetris: () => import("@/lib/games/tetris"),
> 6 |   "bloque-buster": () => import("@/lib/games/bloque-buster"),
    |                          ^^^^^^^^^^^^^^^^^^^^^^^^^^^^^^^^^^^
  7 | };
  8 |

Import map: aliased to relative './lib/games/bloque-buster' inside of [project]/

Import traces:
  Client Component Browser:
    ./lib/games/registry.ts [Client Component Browser]
    ./app/components/game-player.tsx [Client Component Browser]
    ./app/components/game-player.tsx [Server Component]
    ./app/juegos/[id]/jugar/page.tsx [Server Component]

  Client Component SSR:
    ./lib/games/registry.ts [Client Component SSR]
    ./app/components/game-player.tsx [Client Component SSR]
    ./app/components/game-player.tsx [Server Component]
    ./app/juegos/[id]/jugar/page.tsx [Server Component]

https://nextjs.org/docs/messages/module-not-found @ http://localhost:3000/_next/static/chunks/node_modules_next_dist_1e8vcs8._.js:1052
[  586864ms] [ERROR] ./lib/games/registry.ts:6:26
Error: Module not found: Can't resolve '@/lib/games/bloque-buster'
  4 |   rocas: () => import("@/lib/games/asteroids"),
  5 |   tetris: () => import("@/lib/games/tetris"),
> 6 |   "bloque-buster": () => import("@/lib/games/bloque-buster"),
    |                          ^^^^^^^^^^^^^^^^^^^^^^^^^^^^^^^^^^^
  7 | };
  8 |

Import map: aliased to relative './lib/games/bloque-buster' inside of [project]/

Import traces:
  Client Component Browser:
    ./lib/games/registry.ts [Client Component Browser]
    ./app/components/game-player.tsx [Client Component Browser]
    ./app/components/game-player.tsx [Server Component]
    ./app/juegos/[id]/jugar/page.tsx [Server Component]

  Client Component SSR:
    ./lib/games/registry.ts [Client Component SSR]
    ./app/components/game-player.tsx [Client Component SSR]
    ./app/components/game-player.tsx [Server Component]
    ./app/juegos/[id]/jugar/page.tsx [Server Component]

https://nextjs.org/docs/messages/module-not-found @ http://localhost:3000/_next/static/chunks/node_modules_next_dist_1e8vcs8._.js:1052
[  586924ms] [ERROR] ./lib/games/registry.ts:6:26
Error: Module not found: Can't resolve '@/lib/games/bloque-buster'
  4 |   rocas: () => import("@/lib/games/asteroids"),
  5 |   tetris: () => import("@/lib/games/tetris"),
> 6 |   "bloque-buster": () => import("@/lib/games/bloque-buster"),
    |                          ^^^^^^^^^^^^^^^^^^^^^^^^^^^^^^^^^^^
  7 | };
  8 |

Import map: aliased to relative './lib/games/bloque-buster' inside of [project]/

Import traces:
  Client Component Browser:
    ./lib/games/registry.ts [Client Component Browser]
    ./app/components/game-player.tsx [Client Component Browser]
    ./app/components/game-player.tsx [Server Component]
    ./app/juegos/[id]/jugar/page.tsx [Server Component]

  Client Component SSR:
    ./lib/games/registry.ts [Client Component SSR]
    ./app/components/game-player.tsx [Client Component SSR]
    ./app/components/game-player.tsx [Server Component]
    ./app/juegos/[id]/jugar/page.tsx [Server Component]

https://nextjs.org/docs/messages/module-not-found @ http://localhost:3000/_next/static/chunks/node_modules_next_dist_1e8vcs8._.js:1052
[  586981ms] [ERROR] ./lib/games/registry.ts:6:26
Error: Module not found: Can't resolve '@/lib/games/bloque-buster'
  4 |   rocas: () => import("@/lib/games/asteroids"),
  5 |   tetris: () => import("@/lib/games/tetris"),
> 6 |   "bloque-buster": () => import("@/lib/games/bloque-buster"),
    |                          ^^^^^^^^^^^^^^^^^^^^^^^^^^^^^^^^^^^
  7 | };
  8 |

Import map: aliased to relative './lib/games/bloque-buster' inside of [project]/

Import traces:
  Client Component Browser:
    ./lib/games/registry.ts [Client Component Browser]
    ./app/components/game-player.tsx [Client Component Browser]
    ./app/components/game-player.tsx [Server Component]
    ./app/juegos/[id]/jugar/page.tsx [Server Component]

  Client Component SSR:
    ./lib/games/registry.ts [Client Component SSR]
    ./app/components/game-player.tsx [Client Component SSR]
    ./app/components/game-player.tsx [Server Component]
    ./app/juegos/[id]/jugar/page.tsx [Server Component]

https://nextjs.org/docs/messages/module-not-found @ http://localhost:3000/_next/static/chunks/node_modules_next_dist_1e8vcs8._.js:1052
[  587044ms] [ERROR] ./lib/games/registry.ts:6:26
Error: Module not found: Can't resolve '@/lib/games/bloque-buster'
  4 |   rocas: () => import("@/lib/games/asteroids"),
  5 |   tetris: () => import("@/lib/games/tetris"),
> 6 |   "bloque-buster": () => import("@/lib/games/bloque-buster"),
    |                          ^^^^^^^^^^^^^^^^^^^^^^^^^^^^^^^^^^^
  7 | };
  8 |

Import map: aliased to relative './lib/games/bloque-buster' inside of [project]/

Import traces:
  Client Component Browser:
    ./lib/games/registry.ts [Client Component Browser]
    ./app/components/game-player.tsx [Client Component Browser]
    ./app/components/game-player.tsx [Server Component]
    ./app/juegos/[id]/jugar/page.tsx [Server Component]

  Client Component SSR:
    ./lib/games/registry.ts [Client Component SSR]
    ./app/components/game-player.tsx [Client Component SSR]
    ./app/components/game-player.tsx [Server Component]
    ./app/juegos/[id]/jugar/page.tsx [Server Component]

https://nextjs.org/docs/messages/module-not-found @ http://localhost:3000/_next/static/chunks/node_modules_next_dist_1e8vcs8._.js:1052
[  587127ms] [ERROR] ./lib/games/registry.ts:6:26
Error: Module not found: Can't resolve '@/lib/games/bloque-buster'
  4 |   rocas: () => import("@/lib/games/asteroids"),
  5 |   tetris: () => import("@/lib/games/tetris"),
> 6 |   "bloque-buster": () => import("@/lib/games/bloque-buster"),
    |                          ^^^^^^^^^^^^^^^^^^^^^^^^^^^^^^^^^^^
  7 | };
  8 |

Import map: aliased to relative './lib/games/bloque-buster' inside of [project]/

Import traces:
  Client Component Browser:
    ./lib/games/registry.ts [Client Component Browser]
    ./app/components/game-player.tsx [Client Component Browser]
    ./app/components/game-player.tsx [Server Component]
    ./app/juegos/[id]/jugar/page.tsx [Server Component]

  Client Component SSR:
    ./lib/games/registry.ts [Client Component SSR]
    ./app/components/game-player.tsx [Client Component SSR]
    ./app/components/game-player.tsx [Server Component]
    ./app/juegos/[id]/jugar/page.tsx [Server Component]

https://nextjs.org/docs/messages/module-not-found @ http://localhost:3000/_next/static/chunks/node_modules_next_dist_1e8vcs8._.js:1052
[  587208ms] [ERROR] ./lib/games/registry.ts:6:26
Error: Module not found: Can't resolve '@/lib/games/bloque-buster'
  4 |   rocas: () => import("@/lib/games/asteroids"),
  5 |   tetris: () => import("@/lib/games/tetris"),
> 6 |   "bloque-buster": () => import("@/lib/games/bloque-buster"),
    |                          ^^^^^^^^^^^^^^^^^^^^^^^^^^^^^^^^^^^
  7 | };
  8 |

Import map: aliased to relative './lib/games/bloque-buster' inside of [project]/

Import traces:
  Client Component Browser:
    ./lib/games/registry.ts [Client Component Browser]
    ./app/components/game-player.tsx [Client Component Browser]
    ./app/components/game-player.tsx [Server Component]
    ./app/juegos/[id]/jugar/page.tsx [Server Component]

  Client Component SSR:
    ./lib/games/registry.ts [Client Component SSR]
    ./app/components/game-player.tsx [Client Component SSR]
    ./app/components/game-player.tsx [Server Component]
    ./app/juegos/[id]/jugar/page.tsx [Server Component]

https://nextjs.org/docs/messages/module-not-found @ http://localhost:3000/_next/static/chunks/node_modules_next_dist_1e8vcs8._.js:1052
[  587292ms] [ERROR] ./lib/games/registry.ts:6:26
Error: Module not found: Can't resolve '@/lib/games/bloque-buster'
  4 |   rocas: () => import("@/lib/games/asteroids"),
  5 |   tetris: () => import("@/lib/games/tetris"),
> 6 |   "bloque-buster": () => import("@/lib/games/bloque-buster"),
    |                          ^^^^^^^^^^^^^^^^^^^^^^^^^^^^^^^^^^^
  7 | };
  8 |

Import map: aliased to relative './lib/games/bloque-buster' inside of [project]/

Import traces:
  Client Component Browser:
    ./lib/games/registry.ts [Client Component Browser]
    ./app/components/game-player.tsx [Client Component Browser]
    ./app/components/game-player.tsx [Server Component]
    ./app/juegos/[id]/jugar/page.tsx [Server Component]

  Client Component SSR:
    ./lib/games/registry.ts [Client Component SSR]
    ./app/components/game-player.tsx [Client Component SSR]
    ./app/components/game-player.tsx [Server Component]
    ./app/juegos/[id]/jugar/page.tsx [Server Component]

https://nextjs.org/docs/messages/module-not-found @ http://localhost:3000/_next/static/chunks/node_modules_next_dist_1e8vcs8._.js:1052
[  587360ms] [ERROR] ./lib/games/registry.ts:6:26
Error: Module not found: Can't resolve '@/lib/games/bloque-buster'
  4 |   rocas: () => import("@/lib/games/asteroids"),
  5 |   tetris: () => import("@/lib/games/tetris"),
> 6 |   "bloque-buster": () => import("@/lib/games/bloque-buster"),
    |                          ^^^^^^^^^^^^^^^^^^^^^^^^^^^^^^^^^^^
  7 | };
  8 |

Import map: aliased to relative './lib/games/bloque-buster' inside of [project]/

Import traces:
  Client Component Browser:
    ./lib/games/registry.ts [Client Component Browser]
    ./app/components/game-player.tsx [Client Component Browser]
    ./app/components/game-player.tsx [Server Component]
    ./app/juegos/[id]/jugar/page.tsx [Server Component]

  Client Component SSR:
    ./lib/games/registry.ts [Client Component SSR]
    ./app/components/game-player.tsx [Client Component SSR]
    ./app/components/game-player.tsx [Server Component]
    ./app/juegos/[id]/jugar/page.tsx [Server Component]

https://nextjs.org/docs/messages/module-not-found @ http://localhost:3000/_next/static/chunks/node_modules_next_dist_1e8vcs8._.js:1052
[  587452ms] [ERROR] ./lib/games/registry.ts:6:26
Error: Module not found: Can't resolve '@/lib/games/bloque-buster'
  4 |   rocas: () => import("@/lib/games/asteroids"),
  5 |   tetris: () => import("@/lib/games/tetris"),
> 6 |   "bloque-buster": () => import("@/lib/games/bloque-buster"),
    |                          ^^^^^^^^^^^^^^^^^^^^^^^^^^^^^^^^^^^
  7 | };
  8 |

Import map: aliased to relative './lib/games/bloque-buster' inside of [project]/

Import traces:
  Client Component Browser:
    ./lib/games/registry.ts [Client Component Browser]
    ./app/components/game-player.tsx [Client Component Browser]
    ./app/components/game-player.tsx [Server Component]
    ./app/juegos/[id]/jugar/page.tsx [Server Component]

  Client Component SSR:
    ./lib/games/registry.ts [Client Component SSR]
    ./app/components/game-player.tsx [Client Component SSR]
    ./app/components/game-player.tsx [Server Component]
    ./app/juegos/[id]/jugar/page.tsx [Server Component]

https://nextjs.org/docs/messages/module-not-found @ http://localhost:3000/_next/static/chunks/node_modules_next_dist_1e8vcs8._.js:1052
[  587549ms] [ERROR] ./lib/games/registry.ts:6:26
Error: Module not found: Can't resolve '@/lib/games/bloque-buster'
  4 |   rocas: () => import("@/lib/games/asteroids"),
  5 |   tetris: () => import("@/lib/games/tetris"),
> 6 |   "bloque-buster": () => import("@/lib/games/bloque-buster"),
    |                          ^^^^^^^^^^^^^^^^^^^^^^^^^^^^^^^^^^^
  7 | };
  8 |

Import map: aliased to relative './lib/games/bloque-buster' inside of [project]/

Import traces:
  Client Component Browser:
    ./lib/games/registry.ts [Client Component Browser]
    ./app/components/game-player.tsx [Client Component Browser]
    ./app/components/game-player.tsx [Server Component]
    ./app/juegos/[id]/jugar/page.tsx [Server Component]

  Client Component SSR:
    ./lib/games/registry.ts [Client Component SSR]
    ./app/components/game-player.tsx [Client Component SSR]
    ./app/components/game-player.tsx [Server Component]
    ./app/juegos/[id]/jugar/page.tsx [Server Component]

https://nextjs.org/docs/messages/module-not-found @ http://localhost:3000/_next/static/chunks/node_modules_next_dist_1e8vcs8._.js:1052
[  587629ms] [ERROR] ./lib/games/registry.ts:6:26
Error: Module not found: Can't resolve '@/lib/games/bloque-buster'
  4 |   rocas: () => import("@/lib/games/asteroids"),
  5 |   tetris: () => import("@/lib/games/tetris"),
> 6 |   "bloque-buster": () => import("@/lib/games/bloque-buster"),
    |                          ^^^^^^^^^^^^^^^^^^^^^^^^^^^^^^^^^^^
  7 | };
  8 |

Import map: aliased to relative './lib/games/bloque-buster' inside of [project]/

Import traces:
  Client Component Browser:
    ./lib/games/registry.ts [Client Component Browser]
    ./app/components/game-player.tsx [Client Component Browser]
    ./app/components/game-player.tsx [Server Component]
    ./app/juegos/[id]/jugar/page.tsx [Server Component]

  Client Component SSR:
    ./lib/games/registry.ts [Client Component SSR]
    ./app/components/game-player.tsx [Client Component SSR]
    ./app/components/game-player.tsx [Server Component]
    ./app/juegos/[id]/jugar/page.tsx [Server Component]

https://nextjs.org/docs/messages/module-not-found @ http://localhost:3000/_next/static/chunks/node_modules_next_dist_1e8vcs8._.js:1052
[  587721ms] [ERROR] ./lib/games/registry.ts:6:26
Error: Module not found: Can't resolve '@/lib/games/bloque-buster'
  4 |   rocas: () => import("@/lib/games/asteroids"),
  5 |   tetris: () => import("@/lib/games/tetris"),
> 6 |   "bloque-buster": () => import("@/lib/games/bloque-buster"),
    |                          ^^^^^^^^^^^^^^^^^^^^^^^^^^^^^^^^^^^
  7 | };
  8 |

Import map: aliased to relative './lib/games/bloque-buster' inside of [project]/

Import traces:
  Client Component Browser:
    ./lib/games/registry.ts [Client Component Browser]
    ./app/components/game-player.tsx [Client Component Browser]
    ./app/components/game-player.tsx [Server Component]
    ./app/juegos/[id]/jugar/page.tsx [Server Component]

  Client Component SSR:
    ./lib/games/registry.ts [Client Component SSR]
    ./app/components/game-player.tsx [Client Component SSR]
    ./app/components/game-player.tsx [Server Component]
    ./app/juegos/[id]/jugar/page.tsx [Server Component]

https://nextjs.org/docs/messages/module-not-found @ http://localhost:3000/_next/static/chunks/node_modules_next_dist_1e8vcs8._.js:1052
[  587787ms] [ERROR] ./lib/games/registry.ts:6:26
Error: Module not found: Can't resolve '@/lib/games/bloque-buster'
  4 |   rocas: () => import("@/lib/games/asteroids"),
  5 |   tetris: () => import("@/lib/games/tetris"),
> 6 |   "bloque-buster": () => import("@/lib/games/bloque-buster"),
    |                          ^^^^^^^^^^^^^^^^^^^^^^^^^^^^^^^^^^^
  7 | };
  8 |

Import map: aliased to relative './lib/games/bloque-buster' inside of [project]/

Import traces:
  Client Component Browser:
    ./lib/games/registry.ts [Client Component Browser]
    ./app/components/game-player.tsx [Client Component Browser]
    ./app/components/game-player.tsx [Server Component]
    ./app/juegos/[id]/jugar/page.tsx [Server Component]

  Client Component SSR:
    ./lib/games/registry.ts [Client Component SSR]
    ./app/components/game-player.tsx [Client Component SSR]
    ./app/components/game-player.tsx [Server Component]
    ./app/juegos/[id]/jugar/page.tsx [Server Component]

https://nextjs.org/docs/messages/module-not-found @ http://localhost:3000/_next/static/chunks/node_modules_next_dist_1e8vcs8._.js:1052
[  587863ms] [ERROR] ./lib/games/registry.ts:6:26
Error: Module not found: Can't resolve '@/lib/games/bloque-buster'
  4 |   rocas: () => import("@/lib/games/asteroids"),
  5 |   tetris: () => import("@/lib/games/tetris"),
> 6 |   "bloque-buster": () => import("@/lib/games/bloque-buster"),
    |                          ^^^^^^^^^^^^^^^^^^^^^^^^^^^^^^^^^^^
  7 | };
  8 |

Import map: aliased to relative './lib/games/bloque-buster' inside of [project]/

Import traces:
  Client Component Browser:
    ./lib/games/registry.ts [Client Component Browser]
    ./app/components/game-player.tsx [Client Component Browser]
    ./app/components/game-player.tsx [Server Component]
    ./app/juegos/[id]/jugar/page.tsx [Server Component]

  Client Component SSR:
    ./lib/games/registry.ts [Client Component SSR]
    ./app/components/game-player.tsx [Client Component SSR]
    ./app/components/game-player.tsx [Server Component]
    ./app/juegos/[id]/jugar/page.tsx [Server Component]

https://nextjs.org/docs/messages/module-not-found @ http://localhost:3000/_next/static/chunks/node_modules_next_dist_1e8vcs8._.js:1052
[  587940ms] [ERROR] ./lib/games/registry.ts:6:26
Error: Module not found: Can't resolve '@/lib/games/bloque-buster'
  4 |   rocas: () => import("@/lib/games/asteroids"),
  5 |   tetris: () => import("@/lib/games/tetris"),
> 6 |   "bloque-buster": () => import("@/lib/games/bloque-buster"),
    |                          ^^^^^^^^^^^^^^^^^^^^^^^^^^^^^^^^^^^
  7 | };
  8 |

Import map: aliased to relative './lib/games/bloque-buster' inside of [project]/

Import traces:
  Client Component Browser:
    ./lib/games/registry.ts [Client Component Browser]
    ./app/components/game-player.tsx [Client Component Browser]
    ./app/components/game-player.tsx [Server Component]
    ./app/juegos/[id]/jugar/page.tsx [Server Component]

  Client Component SSR:
    ./lib/games/registry.ts [Client Component SSR]
    ./app/components/game-player.tsx [Client Component SSR]
    ./app/components/game-player.tsx [Server Component]
    ./app/juegos/[id]/jugar/page.tsx [Server Component]

https://nextjs.org/docs/messages/module-not-found @ http://localhost:3000/_next/static/chunks/node_modules_next_dist_1e8vcs8._.js:1052
[  588040ms] [ERROR] ./lib/games/registry.ts:6:26
Error: Module not found: Can't resolve '@/lib/games/bloque-buster'
  4 |   rocas: () => import("@/lib/games/asteroids"),
  5 |   tetris: () => import("@/lib/games/tetris"),
> 6 |   "bloque-buster": () => import("@/lib/games/bloque-buster"),
    |                          ^^^^^^^^^^^^^^^^^^^^^^^^^^^^^^^^^^^
  7 | };
  8 |

Import map: aliased to relative './lib/games/bloque-buster' inside of [project]/

Import traces:
  Client Component Browser:
    ./lib/games/registry.ts [Client Component Browser]
    ./app/components/game-player.tsx [Client Component Browser]
    ./app/components/game-player.tsx [Server Component]
    ./app/juegos/[id]/jugar/page.tsx [Server Component]

  Client Component SSR:
    ./lib/games/registry.ts [Client Component SSR]
    ./app/components/game-player.tsx [Client Component SSR]
    ./app/components/game-player.tsx [Server Component]
    ./app/juegos/[id]/jugar/page.tsx [Server Component]

https://nextjs.org/docs/messages/module-not-found @ http://localhost:3000/_next/static/chunks/node_modules_next_dist_1e8vcs8._.js:1052
[  588128ms] [ERROR] ./lib/games/registry.ts:6:26
Error: Module not found: Can't resolve '@/lib/games/bloque-buster'
  4 |   rocas: () => import("@/lib/games/asteroids"),
  5 |   tetris: () => import("@/lib/games/tetris"),
> 6 |   "bloque-buster": () => import("@/lib/games/bloque-buster"),
    |                          ^^^^^^^^^^^^^^^^^^^^^^^^^^^^^^^^^^^
  7 | };
  8 |

Import map: aliased to relative './lib/games/bloque-buster' inside of [project]/

Import traces:
  Client Component Browser:
    ./lib/games/registry.ts [Client Component Browser]
    ./app/components/game-player.tsx [Client Component Browser]
    ./app/components/game-player.tsx [Server Component]
    ./app/juegos/[id]/jugar/page.tsx [Server Component]

  Client Component SSR:
    ./lib/games/registry.ts [Client Component SSR]
    ./app/components/game-player.tsx [Client Component SSR]
    ./app/components/game-player.tsx [Server Component]
    ./app/juegos/[id]/jugar/page.tsx [Server Component]

https://nextjs.org/docs/messages/module-not-found @ http://localhost:3000/_next/static/chunks/node_modules_next_dist_1e8vcs8._.js:1052
[  588202ms] [ERROR] ./lib/games/registry.ts:6:26
Error: Module not found: Can't resolve '@/lib/games/bloque-buster'
  4 |   rocas: () => import("@/lib/games/asteroids"),
  5 |   tetris: () => import("@/lib/games/tetris"),
> 6 |   "bloque-buster": () => import("@/lib/games/bloque-buster"),
    |                          ^^^^^^^^^^^^^^^^^^^^^^^^^^^^^^^^^^^
  7 | };
  8 |

Import map: aliased to relative './lib/games/bloque-buster' inside of [project]/

Import traces:
  Client Component Browser:
    ./lib/games/registry.ts [Client Component Browser]
    ./app/components/game-player.tsx [Client Component Browser]
    ./app/components/game-player.tsx [Server Component]
    ./app/juegos/[id]/jugar/page.tsx [Server Component]

  Client Component SSR:
    ./lib/games/registry.ts [Client Component SSR]
    ./app/components/game-player.tsx [Client Component SSR]
    ./app/components/game-player.tsx [Server Component]
    ./app/juegos/[id]/jugar/page.tsx [Server Component]

https://nextjs.org/docs/messages/module-not-found @ http://localhost:3000/_next/static/chunks/node_modules_next_dist_1e8vcs8._.js:1052
[  588277ms] [ERROR] ./lib/games/registry.ts:6:26
Error: Module not found: Can't resolve '@/lib/games/bloque-buster'
  4 |   rocas: () => import("@/lib/games/asteroids"),
  5 |   tetris: () => import("@/lib/games/tetris"),
> 6 |   "bloque-buster": () => import("@/lib/games/bloque-buster"),
    |                          ^^^^^^^^^^^^^^^^^^^^^^^^^^^^^^^^^^^
  7 | };
  8 |

Import map: aliased to relative './lib/games/bloque-buster' inside of [project]/

Import traces:
  Client Component Browser:
    ./lib/games/registry.ts [Client Component Browser]
    ./app/components/game-player.tsx [Client Component Browser]
    ./app/components/game-player.tsx [Server Component]
    ./app/juegos/[id]/jugar/page.tsx [Server Component]

  Client Component SSR:
    ./lib/games/registry.ts [Client Component SSR]
    ./app/components/game-player.tsx [Client Component SSR]
    ./app/components/game-player.tsx [Server Component]
    ./app/juegos/[id]/jugar/page.tsx [Server Component]

https://nextjs.org/docs/messages/module-not-found @ http://localhost:3000/_next/static/chunks/node_modules_next_dist_1e8vcs8._.js:1052
[  588362ms] [ERROR] ./lib/games/registry.ts:6:26
Error: Module not found: Can't resolve '@/lib/games/bloque-buster'
  4 |   rocas: () => import("@/lib/games/asteroids"),
  5 |   tetris: () => import("@/lib/games/tetris"),
> 6 |   "bloque-buster": () => import("@/lib/games/bloque-buster"),
    |                          ^^^^^^^^^^^^^^^^^^^^^^^^^^^^^^^^^^^
  7 | };
  8 |

Import map: aliased to relative './lib/games/bloque-buster' inside of [project]/

Import traces:
  Client Component Browser:
    ./lib/games/registry.ts [Client Component Browser]
    ./app/components/game-player.tsx [Client Component Browser]
    ./app/components/game-player.tsx [Server Component]
    ./app/juegos/[id]/jugar/page.tsx [Server Component]

  Client Component SSR:
    ./lib/games/registry.ts [Client Component SSR]
    ./app/components/game-player.tsx [Client Component SSR]
    ./app/components/game-player.tsx [Server Component]
    ./app/juegos/[id]/jugar/page.tsx [Server Component]

https://nextjs.org/docs/messages/module-not-found @ http://localhost:3000/_next/static/chunks/node_modules_next_dist_1e8vcs8._.js:1052
[  588428ms] [ERROR] ./lib/games/registry.ts:6:26
Error: Module not found: Can't resolve '@/lib/games/bloque-buster'
  4 |   rocas: () => import("@/lib/games/asteroids"),
  5 |   tetris: () => import("@/lib/games/tetris"),
> 6 |   "bloque-buster": () => import("@/lib/games/bloque-buster"),
    |                          ^^^^^^^^^^^^^^^^^^^^^^^^^^^^^^^^^^^
  7 | };
  8 |

Import map: aliased to relative './lib/games/bloque-buster' inside of [project]/

Import traces:
  Client Component Browser:
    ./lib/games/registry.ts [Client Component Browser]
    ./app/components/game-player.tsx [Client Component Browser]
    ./app/components/game-player.tsx [Server Component]
    ./app/juegos/[id]/jugar/page.tsx [Server Component]

  Client Component SSR:
    ./lib/games/registry.ts [Client Component SSR]
    ./app/components/game-player.tsx [Client Component SSR]
    ./app/components/game-player.tsx [Server Component]
    ./app/juegos/[id]/jugar/page.tsx [Server Component]

https://nextjs.org/docs/messages/module-not-found @ http://localhost:3000/_next/static/chunks/node_modules_next_dist_1e8vcs8._.js:1052
[  588514ms] [ERROR] ./lib/games/registry.ts:6:26
Error: Module not found: Can't resolve '@/lib/games/bloque-buster'
  4 |   rocas: () => import("@/lib/games/asteroids"),
  5 |   tetris: () => import("@/lib/games/tetris"),
> 6 |   "bloque-buster": () => import("@/lib/games/bloque-buster"),
    |                          ^^^^^^^^^^^^^^^^^^^^^^^^^^^^^^^^^^^
  7 | };
  8 |

Import map: aliased to relative './lib/games/bloque-buster' inside of [project]/

Import traces:
  Client Component Browser:
    ./lib/games/registry.ts [Client Component Browser]
    ./app/components/game-player.tsx [Client Component Browser]
    ./app/components/game-player.tsx [Server Component]
    ./app/juegos/[id]/jugar/page.tsx [Server Component]

  Client Component SSR:
    ./lib/games/registry.ts [Client Component SSR]
    ./app/components/game-player.tsx [Client Component SSR]
    ./app/components/game-player.tsx [Server Component]
    ./app/juegos/[id]/jugar/page.tsx [Server Component]

https://nextjs.org/docs/messages/module-not-found @ http://localhost:3000/_next/static/chunks/node_modules_next_dist_1e8vcs8._.js:1052
[  588585ms] [ERROR] ./lib/games/registry.ts:6:26
Error: Module not found: Can't resolve '@/lib/games/bloque-buster'
  4 |   rocas: () => import("@/lib/games/asteroids"),
  5 |   tetris: () => import("@/lib/games/tetris"),
> 6 |   "bloque-buster": () => import("@/lib/games/bloque-buster"),
    |                          ^^^^^^^^^^^^^^^^^^^^^^^^^^^^^^^^^^^
  7 | };
  8 |

Import map: aliased to relative './lib/games/bloque-buster' inside of [project]/

Import traces:
  Client Component Browser:
    ./lib/games/registry.ts [Client Component Browser]
    ./app/components/game-player.tsx [Client Component Browser]
    ./app/components/game-player.tsx [Server Component]
    ./app/juegos/[id]/jugar/page.tsx [Server Component]

  Client Component SSR:
    ./lib/games/registry.ts [Client Component SSR]
    ./app/components/game-player.tsx [Client Component SSR]
    ./app/components/game-player.tsx [Server Component]
    ./app/juegos/[id]/jugar/page.tsx [Server Component]

https://nextjs.org/docs/messages/module-not-found @ http://localhost:3000/_next/static/chunks/node_modules_next_dist_1e8vcs8._.js:1052
[  588645ms] [ERROR] ./lib/games/registry.ts:6:26
Error: Module not found: Can't resolve '@/lib/games/bloque-buster'
  4 |   rocas: () => import("@/lib/games/asteroids"),
  5 |   tetris: () => import("@/lib/games/tetris"),
> 6 |   "bloque-buster": () => import("@/lib/games/bloque-buster"),
    |                          ^^^^^^^^^^^^^^^^^^^^^^^^^^^^^^^^^^^
  7 | };
  8 |

Import map: aliased to relative './lib/games/bloque-buster' inside of [project]/

Import traces:
  Client Component Browser:
    ./lib/games/registry.ts [Client Component Browser]
    ./app/components/game-player.tsx [Client Component Browser]
    ./app/components/game-player.tsx [Server Component]
    ./app/juegos/[id]/jugar/page.tsx [Server Component]

  Client Component SSR:
    ./lib/games/registry.ts [Client Component SSR]
    ./app/components/game-player.tsx [Client Component SSR]
    ./app/components/game-player.tsx [Server Component]
    ./app/juegos/[id]/jugar/page.tsx [Server Component]

https://nextjs.org/docs/messages/module-not-found @ http://localhost:3000/_next/static/chunks/node_modules_next_dist_1e8vcs8._.js:1052
[  588709ms] [ERROR] ./lib/games/registry.ts:6:26
Error: Module not found: Can't resolve '@/lib/games/bloque-buster'
  4 |   rocas: () => import("@/lib/games/asteroids"),
  5 |   tetris: () => import("@/lib/games/tetris"),
> 6 |   "bloque-buster": () => import("@/lib/games/bloque-buster"),
    |                          ^^^^^^^^^^^^^^^^^^^^^^^^^^^^^^^^^^^
  7 | };
  8 |

Import map: aliased to relative './lib/games/bloque-buster' inside of [project]/

Import traces:
  Client Component Browser:
    ./lib/games/registry.ts [Client Component Browser]
    ./app/components/game-player.tsx [Client Component Browser]
    ./app/components/game-player.tsx [Server Component]
    ./app/juegos/[id]/jugar/page.tsx [Server Component]

  Client Component SSR:
    ./lib/games/registry.ts [Client Component SSR]
    ./app/components/game-player.tsx [Client Component SSR]
    ./app/components/game-player.tsx [Server Component]
    ./app/juegos/[id]/jugar/page.tsx [Server Component]

https://nextjs.org/docs/messages/module-not-found @ http://localhost:3000/_next/static/chunks/node_modules_next_dist_1e8vcs8._.js:1052
[  588787ms] [ERROR] ./lib/games/registry.ts:6:26
Error: Module not found: Can't resolve '@/lib/games/bloque-buster'
  4 |   rocas: () => import("@/lib/games/asteroids"),
  5 |   tetris: () => import("@/lib/games/tetris"),
> 6 |   "bloque-buster": () => import("@/lib/games/bloque-buster"),
    |                          ^^^^^^^^^^^^^^^^^^^^^^^^^^^^^^^^^^^
  7 | };
  8 |

Import map: aliased to relative './lib/games/bloque-buster' inside of [project]/

Import traces:
  Client Component Browser:
    ./lib/games/registry.ts [Client Component Browser]
    ./app/components/game-player.tsx [Client Component Browser]
    ./app/components/game-player.tsx [Server Component]
    ./app/juegos/[id]/jugar/page.tsx [Server Component]

  Client Component SSR:
    ./lib/games/registry.ts [Client Component SSR]
    ./app/components/game-player.tsx [Client Component SSR]
    ./app/components/game-player.tsx [Server Component]
    ./app/juegos/[id]/jugar/page.tsx [Server Component]

https://nextjs.org/docs/messages/module-not-found @ http://localhost:3000/_next/static/chunks/node_modules_next_dist_1e8vcs8._.js:1052
[  588850ms] [ERROR] ./lib/games/registry.ts:6:26
Error: Module not found: Can't resolve '@/lib/games/bloque-buster'
  4 |   rocas: () => import("@/lib/games/asteroids"),
  5 |   tetris: () => import("@/lib/games/tetris"),
> 6 |   "bloque-buster": () => import("@/lib/games/bloque-buster"),
    |                          ^^^^^^^^^^^^^^^^^^^^^^^^^^^^^^^^^^^
  7 | };
  8 |

Import map: aliased to relative './lib/games/bloque-buster' inside of [project]/

Import traces:
  Client Component Browser:
    ./lib/games/registry.ts [Client Component Browser]
    ./app/components/game-player.tsx [Client Component Browser]
    ./app/components/game-player.tsx [Server Component]
    ./app/juegos/[id]/jugar/page.tsx [Server Component]

  Client Component SSR:
    ./lib/games/registry.ts [Client Component SSR]
    ./app/components/game-player.tsx [Client Component SSR]
    ./app/components/game-player.tsx [Server Component]
    ./app/juegos/[id]/jugar/page.tsx [Server Component]

https://nextjs.org/docs/messages/module-not-found @ http://localhost:3000/_next/static/chunks/node_modules_next_dist_1e8vcs8._.js:1052
[  588909ms] [ERROR] ./lib/games/registry.ts:6:26
Error: Module not found: Can't resolve '@/lib/games/bloque-buster'
  4 |   rocas: () => import("@/lib/games/asteroids"),
  5 |   tetris: () => import("@/lib/games/tetris"),
> 6 |   "bloque-buster": () => import("@/lib/games/bloque-buster"),
    |                          ^^^^^^^^^^^^^^^^^^^^^^^^^^^^^^^^^^^
  7 | };
  8 |

Import map: aliased to relative './lib/games/bloque-buster' inside of [project]/

Import traces:
  Client Component Browser:
    ./lib/games/registry.ts [Client Component Browser]
    ./app/components/game-player.tsx [Client Component Browser]
    ./app/components/game-player.tsx [Server Component]
    ./app/juegos/[id]/jugar/page.tsx [Server Component]

  Client Component SSR:
    ./lib/games/registry.ts [Client Component SSR]
    ./app/components/game-player.tsx [Client Component SSR]
    ./app/components/game-player.tsx [Server Component]
    ./app/juegos/[id]/jugar/page.tsx [Server Component]

https://nextjs.org/docs/messages/module-not-found @ http://localhost:3000/_next/static/chunks/node_modules_next_dist_1e8vcs8._.js:1052
[  588978ms] [ERROR] ./lib/games/registry.ts:6:26
Error: Module not found: Can't resolve '@/lib/games/bloque-buster'
  4 |   rocas: () => import("@/lib/games/asteroids"),
  5 |   tetris: () => import("@/lib/games/tetris"),
> 6 |   "bloque-buster": () => import("@/lib/games/bloque-buster"),
    |                          ^^^^^^^^^^^^^^^^^^^^^^^^^^^^^^^^^^^
  7 | };
  8 |

Import map: aliased to relative './lib/games/bloque-buster' inside of [project]/

Import traces:
  Client Component Browser:
    ./lib/games/registry.ts [Client Component Browser]
    ./app/components/game-player.tsx [Client Component Browser]
    ./app/components/game-player.tsx [Server Component]
    ./app/juegos/[id]/jugar/page.tsx [Server Component]

  Client Component SSR:
    ./lib/games/registry.ts [Client Component SSR]
    ./app/components/game-player.tsx [Client Component SSR]
    ./app/components/game-player.tsx [Server Component]
    ./app/juegos/[id]/jugar/page.tsx [Server Component]

https://nextjs.org/docs/messages/module-not-found @ http://localhost:3000/_next/static/chunks/node_modules_next_dist_1e8vcs8._.js:1052
[  589042ms] [ERROR] ./lib/games/registry.ts:6:26
Error: Module not found: Can't resolve '@/lib/games/bloque-buster'
  4 |   rocas: () => import("@/lib/games/asteroids"),
  5 |   tetris: () => import("@/lib/games/tetris"),
> 6 |   "bloque-buster": () => import("@/lib/games/bloque-buster"),
    |                          ^^^^^^^^^^^^^^^^^^^^^^^^^^^^^^^^^^^
  7 | };
  8 |

Import map: aliased to relative './lib/games/bloque-buster' inside of [project]/

Import traces:
  Client Component Browser:
    ./lib/games/registry.ts [Client Component Browser]
    ./app/components/game-player.tsx [Client Component Browser]
    ./app/components/game-player.tsx [Server Component]
    ./app/juegos/[id]/jugar/page.tsx [Server Component]

  Client Component SSR:
    ./lib/games/registry.ts [Client Component SSR]
    ./app/components/game-player.tsx [Client Component SSR]
    ./app/components/game-player.tsx [Server Component]
    ./app/juegos/[id]/jugar/page.tsx [Server Component]

https://nextjs.org/docs/messages/module-not-found @ http://localhost:3000/_next/static/chunks/node_modules_next_dist_1e8vcs8._.js:1052
[  589109ms] [ERROR] ./lib/games/registry.ts:6:26
Error: Module not found: Can't resolve '@/lib/games/bloque-buster'
  4 |   rocas: () => import("@/lib/games/asteroids"),
  5 |   tetris: () => import("@/lib/games/tetris"),
> 6 |   "bloque-buster": () => import("@/lib/games/bloque-buster"),
    |                          ^^^^^^^^^^^^^^^^^^^^^^^^^^^^^^^^^^^
  7 | };
  8 |

Import map: aliased to relative './lib/games/bloque-buster' inside of [project]/

Import traces:
  Client Component Browser:
    ./lib/games/registry.ts [Client Component Browser]
    ./app/components/game-player.tsx [Client Component Browser]
    ./app/components/game-player.tsx [Server Component]
    ./app/juegos/[id]/jugar/page.tsx [Server Component]

  Client Component SSR:
    ./lib/games/registry.ts [Client Component SSR]
    ./app/components/game-player.tsx [Client Component SSR]
    ./app/components/game-player.tsx [Server Component]
    ./app/juegos/[id]/jugar/page.tsx [Server Component]

https://nextjs.org/docs/messages/module-not-found @ http://localhost:3000/_next/static/chunks/node_modules_next_dist_1e8vcs8._.js:1052
[  589174ms] [ERROR] ./lib/games/registry.ts:6:26
Error: Module not found: Can't resolve '@/lib/games/bloque-buster'
  4 |   rocas: () => import("@/lib/games/asteroids"),
  5 |   tetris: () => import("@/lib/games/tetris"),
> 6 |   "bloque-buster": () => import("@/lib/games/bloque-buster"),
    |                          ^^^^^^^^^^^^^^^^^^^^^^^^^^^^^^^^^^^
  7 | };
  8 |

Import map: aliased to relative './lib/games/bloque-buster' inside of [project]/

Import traces:
  Client Component Browser:
    ./lib/games/registry.ts [Client Component Browser]
    ./app/components/game-player.tsx [Client Component Browser]
    ./app/components/game-player.tsx [Server Component]
    ./app/juegos/[id]/jugar/page.tsx [Server Component]

  Client Component SSR:
    ./lib/games/registry.ts [Client Component SSR]
    ./app/components/game-player.tsx [Client Component SSR]
    ./app/components/game-player.tsx [Server Component]
    ./app/juegos/[id]/jugar/page.tsx [Server Component]

https://nextjs.org/docs/messages/module-not-found @ http://localhost:3000/_next/static/chunks/node_modules_next_dist_1e8vcs8._.js:1052
[  589244ms] [ERROR] ./lib/games/registry.ts:6:26
Error: Module not found: Can't resolve '@/lib/games/bloque-buster'
  4 |   rocas: () => import("@/lib/games/asteroids"),
  5 |   tetris: () => import("@/lib/games/tetris"),
> 6 |   "bloque-buster": () => import("@/lib/games/bloque-buster"),
    |                          ^^^^^^^^^^^^^^^^^^^^^^^^^^^^^^^^^^^
  7 | };
  8 |

Import map: aliased to relative './lib/games/bloque-buster' inside of [project]/

Import traces:
  Client Component Browser:
    ./lib/games/registry.ts [Client Component Browser]
    ./app/components/game-player.tsx [Client Component Browser]
    ./app/components/game-player.tsx [Server Component]
    ./app/juegos/[id]/jugar/page.tsx [Server Component]

  Client Component SSR:
    ./lib/games/registry.ts [Client Component SSR]
    ./app/components/game-player.tsx [Client Component SSR]
    ./app/components/game-player.tsx [Server Component]
    ./app/juegos/[id]/jugar/page.tsx [Server Component]

https://nextjs.org/docs/messages/module-not-found @ http://localhost:3000/_next/static/chunks/node_modules_next_dist_1e8vcs8._.js:1052
[  589311ms] [ERROR] ./lib/games/registry.ts:6:26
Error: Module not found: Can't resolve '@/lib/games/bloque-buster'
  4 |   rocas: () => import("@/lib/games/asteroids"),
  5 |   tetris: () => import("@/lib/games/tetris"),
> 6 |   "bloque-buster": () => import("@/lib/games/bloque-buster"),
    |                          ^^^^^^^^^^^^^^^^^^^^^^^^^^^^^^^^^^^
  7 | };
  8 |

Import map: aliased to relative './lib/games/bloque-buster' inside of [project]/

Import traces:
  Client Component Browser:
    ./lib/games/registry.ts [Client Component Browser]
    ./app/components/game-player.tsx [Client Component Browser]
    ./app/components/game-player.tsx [Server Component]
    ./app/juegos/[id]/jugar/page.tsx [Server Component]

  Client Component SSR:
    ./lib/games/registry.ts [Client Component SSR]
    ./app/components/game-player.tsx [Client Component SSR]
    ./app/components/game-player.tsx [Server Component]
    ./app/juegos/[id]/jugar/page.tsx [Server Component]

https://nextjs.org/docs/messages/module-not-found @ http://localhost:3000/_next/static/chunks/node_modules_next_dist_1e8vcs8._.js:1052
[  589381ms] [ERROR] ./lib/games/registry.ts:6:26
Error: Module not found: Can't resolve '@/lib/games/bloque-buster'
  4 |   rocas: () => import("@/lib/games/asteroids"),
  5 |   tetris: () => import("@/lib/games/tetris"),
> 6 |   "bloque-buster": () => import("@/lib/games/bloque-buster"),
    |                          ^^^^^^^^^^^^^^^^^^^^^^^^^^^^^^^^^^^
  7 | };
  8 |

Import map: aliased to relative './lib/games/bloque-buster' inside of [project]/

Import traces:
  Client Component Browser:
    ./lib/games/registry.ts [Client Component Browser]
    ./app/components/game-player.tsx [Client Component Browser]
    ./app/components/game-player.tsx [Server Component]
    ./app/juegos/[id]/jugar/page.tsx [Server Component]

  Client Component SSR:
    ./lib/games/registry.ts [Client Component SSR]
    ./app/components/game-player.tsx [Client Component SSR]
    ./app/components/game-player.tsx [Server Component]
    ./app/juegos/[id]/jugar/page.tsx [Server Component]

https://nextjs.org/docs/messages/module-not-found @ http://localhost:3000/_next/static/chunks/node_modules_next_dist_1e8vcs8._.js:1052
[  589443ms] [ERROR] ./lib/games/registry.ts:6:26
Error: Module not found: Can't resolve '@/lib/games/bloque-buster'
  4 |   rocas: () => import("@/lib/games/asteroids"),
  5 |   tetris: () => import("@/lib/games/tetris"),
> 6 |   "bloque-buster": () => import("@/lib/games/bloque-buster"),
    |                          ^^^^^^^^^^^^^^^^^^^^^^^^^^^^^^^^^^^
  7 | };
  8 |

Import map: aliased to relative './lib/games/bloque-buster' inside of [project]/

Import traces:
  Client Component Browser:
    ./lib/games/registry.ts [Client Component Browser]
    ./app/components/game-player.tsx [Client Component Browser]
    ./app/components/game-player.tsx [Server Component]
    ./app/juegos/[id]/jugar/page.tsx [Server Component]

  Client Component SSR:
    ./lib/games/registry.ts [Client Component SSR]
    ./app/components/game-player.tsx [Client Component SSR]
    ./app/components/game-player.tsx [Server Component]
    ./app/juegos/[id]/jugar/page.tsx [Server Component]

https://nextjs.org/docs/messages/module-not-found @ http://localhost:3000/_next/static/chunks/node_modules_next_dist_1e8vcs8._.js:1052
[  589518ms] [ERROR] ./lib/games/registry.ts:6:26
Error: Module not found: Can't resolve '@/lib/games/bloque-buster'
  4 |   rocas: () => import("@/lib/games/asteroids"),
  5 |   tetris: () => import("@/lib/games/tetris"),
> 6 |   "bloque-buster": () => import("@/lib/games/bloque-buster"),
    |                          ^^^^^^^^^^^^^^^^^^^^^^^^^^^^^^^^^^^
  7 | };
  8 |

Import map: aliased to relative './lib/games/bloque-buster' inside of [project]/

Import traces:
  Client Component Browser:
    ./lib/games/registry.ts [Client Component Browser]
    ./app/components/game-player.tsx [Client Component Browser]
    ./app/components/game-player.tsx [Server Component]
    ./app/juegos/[id]/jugar/page.tsx [Server Component]

  Client Component SSR:
    ./lib/games/registry.ts [Client Component SSR]
    ./app/components/game-player.tsx [Client Component SSR]
    ./app/components/game-player.tsx [Server Component]
    ./app/juegos/[id]/jugar/page.tsx [Server Component]

https://nextjs.org/docs/messages/module-not-found @ http://localhost:3000/_next/static/chunks/node_modules_next_dist_1e8vcs8._.js:1052
[  589610ms] [ERROR] ./lib/games/registry.ts:6:26
Error: Module not found: Can't resolve '@/lib/games/bloque-buster'
  4 |   rocas: () => import("@/lib/games/asteroids"),
  5 |   tetris: () => import("@/lib/games/tetris"),
> 6 |   "bloque-buster": () => import("@/lib/games/bloque-buster"),
    |                          ^^^^^^^^^^^^^^^^^^^^^^^^^^^^^^^^^^^
  7 | };
  8 |

Import map: aliased to relative './lib/games/bloque-buster' inside of [project]/

Import traces:
  Client Component Browser:
    ./lib/games/registry.ts [Client Component Browser]
    ./app/components/game-player.tsx [Client Component Browser]
    ./app/components/game-player.tsx [Server Component]
    ./app/juegos/[id]/jugar/page.tsx [Server Component]

  Client Component SSR:
    ./lib/games/registry.ts [Client Component SSR]
    ./app/components/game-player.tsx [Client Component SSR]
    ./app/components/game-player.tsx [Server Component]
    ./app/juegos/[id]/jugar/page.tsx [Server Component]

https://nextjs.org/docs/messages/module-not-found @ http://localhost:3000/_next/static/chunks/node_modules_next_dist_1e8vcs8._.js:1052
[  589677ms] [ERROR] ./lib/games/registry.ts:6:26
Error: Module not found: Can't resolve '@/lib/games/bloque-buster'
  4 |   rocas: () => import("@/lib/games/asteroids"),
  5 |   tetris: () => import("@/lib/games/tetris"),
> 6 |   "bloque-buster": () => import("@/lib/games/bloque-buster"),
    |                          ^^^^^^^^^^^^^^^^^^^^^^^^^^^^^^^^^^^
  7 | };
  8 |

Import map: aliased to relative './lib/games/bloque-buster' inside of [project]/

Import traces:
  Client Component Browser:
    ./lib/games/registry.ts [Client Component Browser]
    ./app/components/game-player.tsx [Client Component Browser]
    ./app/components/game-player.tsx [Server Component]
    ./app/juegos/[id]/jugar/page.tsx [Server Component]

  Client Component SSR:
    ./lib/games/registry.ts [Client Component SSR]
    ./app/components/game-player.tsx [Client Component SSR]
    ./app/components/game-player.tsx [Server Component]
    ./app/juegos/[id]/jugar/page.tsx [Server Component]

https://nextjs.org/docs/messages/module-not-found @ http://localhost:3000/_next/static/chunks/node_modules_next_dist_1e8vcs8._.js:1052
[  589765ms] [ERROR] ./lib/games/registry.ts:6:26
Error: Module not found: Can't resolve '@/lib/games/bloque-buster'
  4 |   rocas: () => import("@/lib/games/asteroids"),
  5 |   tetris: () => import("@/lib/games/tetris"),
> 6 |   "bloque-buster": () => import("@/lib/games/bloque-buster"),
    |                          ^^^^^^^^^^^^^^^^^^^^^^^^^^^^^^^^^^^
  7 | };
  8 |

Import map: aliased to relative './lib/games/bloque-buster' inside of [project]/

Import traces:
  Client Component Browser:
    ./lib/games/registry.ts [Client Component Browser]
    ./app/components/game-player.tsx [Client Component Browser]
    ./app/components/game-player.tsx [Server Component]
    ./app/juegos/[id]/jugar/page.tsx [Server Component]

  Client Component SSR:
    ./lib/games/registry.ts [Client Component SSR]
    ./app/components/game-player.tsx [Client Component SSR]
    ./app/components/game-player.tsx [Server Component]
    ./app/juegos/[id]/jugar/page.tsx [Server Component]

https://nextjs.org/docs/messages/module-not-found @ http://localhost:3000/_next/static/chunks/node_modules_next_dist_1e8vcs8._.js:1052
[  589846ms] [ERROR] ./lib/games/registry.ts:6:26
Error: Module not found: Can't resolve '@/lib/games/bloque-buster'
  4 |   rocas: () => import("@/lib/games/asteroids"),
  5 |   tetris: () => import("@/lib/games/tetris"),
> 6 |   "bloque-buster": () => import("@/lib/games/bloque-buster"),
    |                          ^^^^^^^^^^^^^^^^^^^^^^^^^^^^^^^^^^^
  7 | };
  8 |

Import map: aliased to relative './lib/games/bloque-buster' inside of [project]/

Import traces:
  Client Component Browser:
    ./lib/games/registry.ts [Client Component Browser]
    ./app/components/game-player.tsx [Client Component Browser]
    ./app/components/game-player.tsx [Server Component]
    ./app/juegos/[id]/jugar/page.tsx [Server Component]

  Client Component SSR:
    ./lib/games/registry.ts [Client Component SSR]
    ./app/components/game-player.tsx [Client Component SSR]
    ./app/components/game-player.tsx [Server Component]
    ./app/juegos/[id]/jugar/page.tsx [Server Component]

https://nextjs.org/docs/messages/module-not-found @ http://localhost:3000/_next/static/chunks/node_modules_next_dist_1e8vcs8._.js:1052
[  589917ms] [ERROR] ./lib/games/registry.ts:6:26
Error: Module not found: Can't resolve '@/lib/games/bloque-buster'
  4 |   rocas: () => import("@/lib/games/asteroids"),
  5 |   tetris: () => import("@/lib/games/tetris"),
> 6 |   "bloque-buster": () => import("@/lib/games/bloque-buster"),
    |                          ^^^^^^^^^^^^^^^^^^^^^^^^^^^^^^^^^^^
  7 | };
  8 |

Import map: aliased to relative './lib/games/bloque-buster' inside of [project]/

Import traces:
  Client Component Browser:
    ./lib/games/registry.ts [Client Component Browser]
    ./app/components/game-player.tsx [Client Component Browser]
    ./app/components/game-player.tsx [Server Component]
    ./app/juegos/[id]/jugar/page.tsx [Server Component]

  Client Component SSR:
    ./lib/games/registry.ts [Client Component SSR]
    ./app/components/game-player.tsx [Client Component SSR]
    ./app/components/game-player.tsx [Server Component]
    ./app/juegos/[id]/jugar/page.tsx [Server Component]

https://nextjs.org/docs/messages/module-not-found @ http://localhost:3000/_next/static/chunks/node_modules_next_dist_1e8vcs8._.js:1052
[  589996ms] [ERROR] ./lib/games/registry.ts:6:26
Error: Module not found: Can't resolve '@/lib/games/bloque-buster'
  4 |   rocas: () => import("@/lib/games/asteroids"),
  5 |   tetris: () => import("@/lib/games/tetris"),
> 6 |   "bloque-buster": () => import("@/lib/games/bloque-buster"),
    |                          ^^^^^^^^^^^^^^^^^^^^^^^^^^^^^^^^^^^
  7 | };
  8 |

Import map: aliased to relative './lib/games/bloque-buster' inside of [project]/

Import traces:
  Client Component Browser:
    ./lib/games/registry.ts [Client Component Browser]
    ./app/components/game-player.tsx [Client Component Browser]
    ./app/components/game-player.tsx [Server Component]
    ./app/juegos/[id]/jugar/page.tsx [Server Component]

  Client Component SSR:
    ./lib/games/registry.ts [Client Component SSR]
    ./app/components/game-player.tsx [Client Component SSR]
    ./app/components/game-player.tsx [Server Component]
    ./app/juegos/[id]/jugar/page.tsx [Server Component]

https://nextjs.org/docs/messages/module-not-found @ http://localhost:3000/_next/static/chunks/node_modules_next_dist_1e8vcs8._.js:1052
[  590095ms] [ERROR] ./lib/games/registry.ts:6:26
Error: Module not found: Can't resolve '@/lib/games/bloque-buster'
  4 |   rocas: () => import("@/lib/games/asteroids"),
  5 |   tetris: () => import("@/lib/games/tetris"),
> 6 |   "bloque-buster": () => import("@/lib/games/bloque-buster"),
    |                          ^^^^^^^^^^^^^^^^^^^^^^^^^^^^^^^^^^^
  7 | };
  8 |

Import map: aliased to relative './lib/games/bloque-buster' inside of [project]/

Import traces:
  Client Component Browser:
    ./lib/games/registry.ts [Client Component Browser]
    ./app/components/game-player.tsx [Client Component Browser]
    ./app/components/game-player.tsx [Server Component]
    ./app/juegos/[id]/jugar/page.tsx [Server Component]

  Client Component SSR:
    ./lib/games/registry.ts [Client Component SSR]
    ./app/components/game-player.tsx [Client Component SSR]
    ./app/components/game-player.tsx [Server Component]
    ./app/juegos/[id]/jugar/page.tsx [Server Component]

https://nextjs.org/docs/messages/module-not-found @ http://localhost:3000/_next/static/chunks/node_modules_next_dist_1e8vcs8._.js:1052
[  590186ms] [ERROR] ./lib/games/registry.ts:6:26
Error: Module not found: Can't resolve '@/lib/games/bloque-buster'
  4 |   rocas: () => import("@/lib/games/asteroids"),
  5 |   tetris: () => import("@/lib/games/tetris"),
> 6 |   "bloque-buster": () => import("@/lib/games/bloque-buster"),
    |                          ^^^^^^^^^^^^^^^^^^^^^^^^^^^^^^^^^^^
  7 | };
  8 |

Import map: aliased to relative './lib/games/bloque-buster' inside of [project]/

Import traces:
  Client Component Browser:
    ./lib/games/registry.ts [Client Component Browser]
    ./app/components/game-player.tsx [Client Component Browser]
    ./app/components/game-player.tsx [Server Component]
    ./app/juegos/[id]/jugar/page.tsx [Server Component]

  Client Component SSR:
    ./lib/games/registry.ts [Client Component SSR]
    ./app/components/game-player.tsx [Client Component SSR]
    ./app/components/game-player.tsx [Server Component]
    ./app/juegos/[id]/jugar/page.tsx [Server Component]

https://nextjs.org/docs/messages/module-not-found @ http://localhost:3000/_next/static/chunks/node_modules_next_dist_1e8vcs8._.js:1052
[  590285ms] [ERROR] ./lib/games/registry.ts:6:26
Error: Module not found: Can't resolve '@/lib/games/bloque-buster'
  4 |   rocas: () => import("@/lib/games/asteroids"),
  5 |   tetris: () => import("@/lib/games/tetris"),
> 6 |   "bloque-buster": () => import("@/lib/games/bloque-buster"),
    |                          ^^^^^^^^^^^^^^^^^^^^^^^^^^^^^^^^^^^
  7 | };
  8 |

Import map: aliased to relative './lib/games/bloque-buster' inside of [project]/

Import traces:
  Client Component Browser:
    ./lib/games/registry.ts [Client Component Browser]
    ./app/components/game-player.tsx [Client Component Browser]
    ./app/components/game-player.tsx [Server Component]
    ./app/juegos/[id]/jugar/page.tsx [Server Component]

  Client Component SSR:
    ./lib/games/registry.ts [Client Component SSR]
    ./app/components/game-player.tsx [Client Component SSR]
    ./app/components/game-player.tsx [Server Component]
    ./app/juegos/[id]/jugar/page.tsx [Server Component]

https://nextjs.org/docs/messages/module-not-found @ http://localhost:3000/_next/static/chunks/node_modules_next_dist_1e8vcs8._.js:1052
[  590380ms] [ERROR] ./lib/games/registry.ts:6:26
Error: Module not found: Can't resolve '@/lib/games/bloque-buster'
  4 |   rocas: () => import("@/lib/games/asteroids"),
  5 |   tetris: () => import("@/lib/games/tetris"),
> 6 |   "bloque-buster": () => import("@/lib/games/bloque-buster"),
    |                          ^^^^^^^^^^^^^^^^^^^^^^^^^^^^^^^^^^^
  7 | };
  8 |

Import map: aliased to relative './lib/games/bloque-buster' inside of [project]/

Import traces:
  Client Component Browser:
    ./lib/games/registry.ts [Client Component Browser]
    ./app/components/game-player.tsx [Client Component Browser]
    ./app/components/game-player.tsx [Server Component]
    ./app/juegos/[id]/jugar/page.tsx [Server Component]

  Client Component SSR:
    ./lib/games/registry.ts [Client Component SSR]
    ./app/components/game-player.tsx [Client Component SSR]
    ./app/components/game-player.tsx [Server Component]
    ./app/juegos/[id]/jugar/page.tsx [Server Component]

https://nextjs.org/docs/messages/module-not-found @ http://localhost:3000/_next/static/chunks/node_modules_next_dist_1e8vcs8._.js:1052
[  590498ms] [ERROR] ./lib/games/registry.ts:6:26
Error: Module not found: Can't resolve '@/lib/games/bloque-buster'
  4 |   rocas: () => import("@/lib/games/asteroids"),
  5 |   tetris: () => import("@/lib/games/tetris"),
> 6 |   "bloque-buster": () => import("@/lib/games/bloque-buster"),
    |                          ^^^^^^^^^^^^^^^^^^^^^^^^^^^^^^^^^^^
  7 | };
  8 |

Import map: aliased to relative './lib/games/bloque-buster' inside of [project]/

Import traces:
  Client Component Browser:
    ./lib/games/registry.ts [Client Component Browser]
    ./app/components/game-player.tsx [Client Component Browser]
    ./app/components/game-player.tsx [Server Component]
    ./app/juegos/[id]/jugar/page.tsx [Server Component]

  Client Component SSR:
    ./lib/games/registry.ts [Client Component SSR]
    ./app/components/game-player.tsx [Client Component SSR]
    ./app/components/game-player.tsx [Server Component]
    ./app/juegos/[id]/jugar/page.tsx [Server Component]

https://nextjs.org/docs/messages/module-not-found @ http://localhost:3000/_next/static/chunks/node_modules_next_dist_1e8vcs8._.js:1052
[  590611ms] [ERROR] ./lib/games/registry.ts:6:26
Error: Module not found: Can't resolve '@/lib/games/bloque-buster'
  4 |   rocas: () => import("@/lib/games/asteroids"),
  5 |   tetris: () => import("@/lib/games/tetris"),
> 6 |   "bloque-buster": () => import("@/lib/games/bloque-buster"),
    |                          ^^^^^^^^^^^^^^^^^^^^^^^^^^^^^^^^^^^
  7 | };
  8 |

Import map: aliased to relative './lib/games/bloque-buster' inside of [project]/

Import traces:
  Client Component Browser:
    ./lib/games/registry.ts [Client Component Browser]
    ./app/components/game-player.tsx [Client Component Browser]
    ./app/components/game-player.tsx [Server Component]
    ./app/juegos/[id]/jugar/page.tsx [Server Component]

  Client Component SSR:
    ./lib/games/registry.ts [Client Component SSR]
    ./app/components/game-player.tsx [Client Component SSR]
    ./app/components/game-player.tsx [Server Component]
    ./app/juegos/[id]/jugar/page.tsx [Server Component]

https://nextjs.org/docs/messages/module-not-found @ http://localhost:3000/_next/static/chunks/node_modules_next_dist_1e8vcs8._.js:1052
[  590780ms] [ERROR] ./lib/games/registry.ts:6:26
Error: Module not found: Can't resolve '@/lib/games/bloque-buster'
  4 |   rocas: () => import("@/lib/games/asteroids"),
  5 |   tetris: () => import("@/lib/games/tetris"),
> 6 |   "bloque-buster": () => import("@/lib/games/bloque-buster"),
    |                          ^^^^^^^^^^^^^^^^^^^^^^^^^^^^^^^^^^^
  7 | };
  8 |

Import map: aliased to relative './lib/games/bloque-buster' inside of [project]/

Import traces:
  Client Component Browser:
    ./lib/games/registry.ts [Client Component Browser]
    ./app/components/game-player.tsx [Client Component Browser]
    ./app/components/game-player.tsx [Server Component]
    ./app/juegos/[id]/jugar/page.tsx [Server Component]

  Client Component SSR:
    ./lib/games/registry.ts [Client Component SSR]
    ./app/components/game-player.tsx [Client Component SSR]
    ./app/components/game-player.tsx [Server Component]
    ./app/juegos/[id]/jugar/page.tsx [Server Component]

https://nextjs.org/docs/messages/module-not-found @ http://localhost:3000/_next/static/chunks/node_modules_next_dist_1e8vcs8._.js:1052
[  590871ms] [ERROR] ./lib/games/registry.ts:6:26
Error: Module not found: Can't resolve '@/lib/games/bloque-buster'
  4 |   rocas: () => import("@/lib/games/asteroids"),
  5 |   tetris: () => import("@/lib/games/tetris"),
> 6 |   "bloque-buster": () => import("@/lib/games/bloque-buster"),
    |                          ^^^^^^^^^^^^^^^^^^^^^^^^^^^^^^^^^^^
  7 | };
  8 |

Import map: aliased to relative './lib/games/bloque-buster' inside of [project]/

Import traces:
  Client Component Browser:
    ./lib/games/registry.ts [Client Component Browser]
    ./app/components/game-player.tsx [Client Component Browser]
    ./app/components/game-player.tsx [Server Component]
    ./app/juegos/[id]/jugar/page.tsx [Server Component]

  Client Component SSR:
    ./lib/games/registry.ts [Client Component SSR]
    ./app/components/game-player.tsx [Client Component SSR]
    ./app/components/game-player.tsx [Server Component]
    ./app/juegos/[id]/jugar/page.tsx [Server Component]

https://nextjs.org/docs/messages/module-not-found @ http://localhost:3000/_next/static/chunks/node_modules_next_dist_1e8vcs8._.js:1052
[  590980ms] [ERROR] ./lib/games/registry.ts:6:26
Error: Module not found: Can't resolve '@/lib/games/bloque-buster'
  4 |   rocas: () => import("@/lib/games/asteroids"),
  5 |   tetris: () => import("@/lib/games/tetris"),
> 6 |   "bloque-buster": () => import("@/lib/games/bloque-buster"),
    |                          ^^^^^^^^^^^^^^^^^^^^^^^^^^^^^^^^^^^
  7 | };
  8 |

Import map: aliased to relative './lib/games/bloque-buster' inside of [project]/

Import traces:
  Client Component Browser:
    ./lib/games/registry.ts [Client Component Browser]
    ./app/components/game-player.tsx [Client Component Browser]
    ./app/components/game-player.tsx [Server Component]
    ./app/juegos/[id]/jugar/page.tsx [Server Component]

  Client Component SSR:
    ./lib/games/registry.ts [Client Component SSR]
    ./app/components/game-player.tsx [Client Component SSR]
    ./app/components/game-player.tsx [Server Component]
    ./app/juegos/[id]/jugar/page.tsx [Server Component]

https://nextjs.org/docs/messages/module-not-found @ http://localhost:3000/_next/static/chunks/node_modules_next_dist_1e8vcs8._.js:1052
[  591109ms] [ERROR] ./lib/games/registry.ts:6:26
Error: Module not found: Can't resolve '@/lib/games/bloque-buster'
  4 |   rocas: () => import("@/lib/games/asteroids"),
  5 |   tetris: () => import("@/lib/games/tetris"),
> 6 |   "bloque-buster": () => import("@/lib/games/bloque-buster"),
    |                          ^^^^^^^^^^^^^^^^^^^^^^^^^^^^^^^^^^^
  7 | };
  8 |

Import map: aliased to relative './lib/games/bloque-buster' inside of [project]/

Import traces:
  Client Component Browser:
    ./lib/games/registry.ts [Client Component Browser]
    ./app/components/game-player.tsx [Client Component Browser]
    ./app/components/game-player.tsx [Server Component]
    ./app/juegos/[id]/jugar/page.tsx [Server Component]

  Client Component SSR:
    ./lib/games/registry.ts [Client Component SSR]
    ./app/components/game-player.tsx [Client Component SSR]
    ./app/components/game-player.tsx [Server Component]
    ./app/juegos/[id]/jugar/page.tsx [Server Component]

https://nextjs.org/docs/messages/module-not-found @ http://localhost:3000/_next/static/chunks/node_modules_next_dist_1e8vcs8._.js:1052
[  591747ms] [ERROR] ./lib/games/registry.ts:6:26
Error: Module not found: Can't resolve '@/lib/games/bloque-buster'
  4 |   rocas: () => import("@/lib/games/asteroids"),
  5 |   tetris: () => import("@/lib/games/tetris"),
> 6 |   "bloque-buster": () => import("@/lib/games/bloque-buster"),
    |                          ^^^^^^^^^^^^^^^^^^^^^^^^^^^^^^^^^^^
  7 | };
  8 |

Import map: aliased to relative './lib/games/bloque-buster' inside of [project]/

Import traces:
  Client Component Browser:
    ./lib/games/registry.ts [Client Component Browser]
    ./app/components/game-player.tsx [Client Component Browser]
    ./app/components/game-player.tsx [Server Component]
    ./app/juegos/[id]/jugar/page.tsx [Server Component]

  Client Component SSR:
    ./lib/games/registry.ts [Client Component SSR]
    ./app/components/game-player.tsx [Client Component SSR]
    ./app/components/game-player.tsx [Server Component]
    ./app/juegos/[id]/jugar/page.tsx [Server Component]

https://nextjs.org/docs/messages/module-not-found @ http://localhost:3000/_next/static/chunks/node_modules_next_dist_1e8vcs8._.js:1052
[  591947ms] [ERROR] ./lib/games/registry.ts:6:26
Error: Module not found: Can't resolve '@/lib/games/bloque-buster'
  4 |   rocas: () => import("@/lib/games/asteroids"),
  5 |   tetris: () => import("@/lib/games/tetris"),
> 6 |   "bloque-buster": () => import("@/lib/games/bloque-buster"),
    |                          ^^^^^^^^^^^^^^^^^^^^^^^^^^^^^^^^^^^
  7 | };
  8 |

Import map: aliased to relative './lib/games/bloque-buster' inside of [project]/

Import traces:
  Client Component Browser:
    ./lib/games/registry.ts [Client Component Browser]
    ./app/components/game-player.tsx [Client Component Browser]
    ./app/components/game-player.tsx [Server Component]
    ./app/juegos/[id]/jugar/page.tsx [Server Component]

  Client Component SSR:
    ./lib/games/registry.ts [Client Component SSR]
    ./app/components/game-player.tsx [Client Component SSR]
    ./app/components/game-player.tsx [Server Component]
    ./app/juegos/[id]/jugar/page.tsx [Server Component]

https://nextjs.org/docs/messages/module-not-found @ http://localhost:3000/_next/static/chunks/node_modules_next_dist_1e8vcs8._.js:1052
[  592021ms] [ERROR] ./lib/games/registry.ts:6:26
Error: Module not found: Can't resolve '@/lib/games/bloque-buster'
  4 |   rocas: () => import("@/lib/games/asteroids"),
  5 |   tetris: () => import("@/lib/games/tetris"),
> 6 |   "bloque-buster": () => import("@/lib/games/bloque-buster"),
    |                          ^^^^^^^^^^^^^^^^^^^^^^^^^^^^^^^^^^^
  7 | };
  8 |

Import map: aliased to relative './lib/games/bloque-buster' inside of [project]/

Import traces:
  Client Component Browser:
    ./lib/games/registry.ts [Client Component Browser]
    ./app/components/game-player.tsx [Client Component Browser]
    ./app/components/game-player.tsx [Server Component]
    ./app/juegos/[id]/jugar/page.tsx [Server Component]

  Client Component SSR:
    ./lib/games/registry.ts [Client Component SSR]
    ./app/components/game-player.tsx [Client Component SSR]
    ./app/components/game-player.tsx [Server Component]
    ./app/juegos/[id]/jugar/page.tsx [Server Component]

https://nextjs.org/docs/messages/module-not-found @ http://localhost:3000/_next/static/chunks/node_modules_next_dist_1e8vcs8._.js:1052
[  592115ms] [ERROR] ./lib/games/registry.ts:6:26
Error: Module not found: Can't resolve '@/lib/games/bloque-buster'
  4 |   rocas: () => import("@/lib/games/asteroids"),
  5 |   tetris: () => import("@/lib/games/tetris"),
> 6 |   "bloque-buster": () => import("@/lib/games/bloque-buster"),
    |                          ^^^^^^^^^^^^^^^^^^^^^^^^^^^^^^^^^^^
  7 | };
  8 |

Import map: aliased to relative './lib/games/bloque-buster' inside of [project]/

Import traces:
  Client Component Browser:
    ./lib/games/registry.ts [Client Component Browser]
    ./app/components/game-player.tsx [Client Component Browser]
    ./app/components/game-player.tsx [Server Component]
    ./app/juegos/[id]/jugar/page.tsx [Server Component]

  Client Component SSR:
    ./lib/games/registry.ts [Client Component SSR]
    ./app/components/game-player.tsx [Client Component SSR]
    ./app/components/game-player.tsx [Server Component]
    ./app/juegos/[id]/jugar/page.tsx [Server Component]

https://nextjs.org/docs/messages/module-not-found @ http://localhost:3000/_next/static/chunks/node_modules_next_dist_1e8vcs8._.js:1052
[  592248ms] [ERROR] ./lib/games/registry.ts:6:26
Error: Module not found: Can't resolve '@/lib/games/bloque-buster'
  4 |   rocas: () => import("@/lib/games/asteroids"),
  5 |   tetris: () => import("@/lib/games/tetris"),
> 6 |   "bloque-buster": () => import("@/lib/games/bloque-buster"),
    |                          ^^^^^^^^^^^^^^^^^^^^^^^^^^^^^^^^^^^
  7 | };
  8 |

Import map: aliased to relative './lib/games/bloque-buster' inside of [project]/

Import traces:
  Client Component Browser:
    ./lib/games/registry.ts [Client Component Browser]
    ./app/components/game-player.tsx [Client Component Browser]
    ./app/components/game-player.tsx [Server Component]
    ./app/juegos/[id]/jugar/page.tsx [Server Component]

  Client Component SSR:
    ./lib/games/registry.ts [Client Component SSR]
    ./app/components/game-player.tsx [Client Component SSR]
    ./app/components/game-player.tsx [Server Component]
    ./app/juegos/[id]/jugar/page.tsx [Server Component]

https://nextjs.org/docs/messages/module-not-found @ http://localhost:3000/_next/static/chunks/node_modules_next_dist_1e8vcs8._.js:1052
[  592378ms] [ERROR] ./lib/games/registry.ts:6:26
Error: Module not found: Can't resolve '@/lib/games/bloque-buster'
  4 |   rocas: () => import("@/lib/games/asteroids"),
  5 |   tetris: () => import("@/lib/games/tetris"),
> 6 |   "bloque-buster": () => import("@/lib/games/bloque-buster"),
    |                          ^^^^^^^^^^^^^^^^^^^^^^^^^^^^^^^^^^^
  7 | };
  8 |

Import map: aliased to relative './lib/games/bloque-buster' inside of [project]/

Import traces:
  Client Component Browser:
    ./lib/games/registry.ts [Client Component Browser]
    ./app/components/game-player.tsx [Client Component Browser]
    ./app/components/game-player.tsx [Server Component]
    ./app/juegos/[id]/jugar/page.tsx [Server Component]

  Client Component SSR:
    ./lib/games/registry.ts [Client Component SSR]
    ./app/components/game-player.tsx [Client Component SSR]
    ./app/components/game-player.tsx [Server Component]
    ./app/juegos/[id]/jugar/page.tsx [Server Component]

https://nextjs.org/docs/messages/module-not-found @ http://localhost:3000/_next/static/chunks/node_modules_next_dist_1e8vcs8._.js:1052
[  592497ms] [ERROR] ./lib/games/registry.ts:6:26
Error: Module not found: Can't resolve '@/lib/games/bloque-buster'
  4 |   rocas: () => import("@/lib/games/asteroids"),
  5 |   tetris: () => import("@/lib/games/tetris"),
> 6 |   "bloque-buster": () => import("@/lib/games/bloque-buster"),
    |                          ^^^^^^^^^^^^^^^^^^^^^^^^^^^^^^^^^^^
  7 | };
  8 |

Import map: aliased to relative './lib/games/bloque-buster' inside of [project]/

Import traces:
  Client Component Browser:
    ./lib/games/registry.ts [Client Component Browser]
    ./app/components/game-player.tsx [Client Component Browser]
    ./app/components/game-player.tsx [Server Component]
    ./app/juegos/[id]/jugar/page.tsx [Server Component]

  Client Component SSR:
    ./lib/games/registry.ts [Client Component SSR]
    ./app/components/game-player.tsx [Client Component SSR]
    ./app/components/game-player.tsx [Server Component]
    ./app/juegos/[id]/jugar/page.tsx [Server Component]

https://nextjs.org/docs/messages/module-not-found @ http://localhost:3000/_next/static/chunks/node_modules_next_dist_1e8vcs8._.js:1052
[  592673ms] [ERROR] ./lib/games/registry.ts:6:26
Error: Module not found: Can't resolve '@/lib/games/bloque-buster'
  4 |   rocas: () => import("@/lib/games/asteroids"),
  5 |   tetris: () => import("@/lib/games/tetris"),
> 6 |   "bloque-buster": () => import("@/lib/games/bloque-buster"),
    |                          ^^^^^^^^^^^^^^^^^^^^^^^^^^^^^^^^^^^
  7 | };
  8 |

Import map: aliased to relative './lib/games/bloque-buster' inside of [project]/

Import traces:
  Client Component Browser:
    ./lib/games/registry.ts [Client Component Browser]
    ./app/components/game-player.tsx [Client Component Browser]
    ./app/components/game-player.tsx [Server Component]
    ./app/juegos/[id]/jugar/page.tsx [Server Component]

  Client Component SSR:
    ./lib/games/registry.ts [Client Component SSR]
    ./app/components/game-player.tsx [Client Component SSR]
    ./app/components/game-player.tsx [Server Component]
    ./app/juegos/[id]/jugar/page.tsx [Server Component]

https://nextjs.org/docs/messages/module-not-found @ http://localhost:3000/_next/static/chunks/node_modules_next_dist_1e8vcs8._.js:1052
[  592822ms] [ERROR] ./lib/games/registry.ts:6:26
Error: Module not found: Can't resolve '@/lib/games/bloque-buster'
  4 |   rocas: () => import("@/lib/games/asteroids"),
  5 |   tetris: () => import("@/lib/games/tetris"),
> 6 |   "bloque-buster": () => import("@/lib/games/bloque-buster"),
    |                          ^^^^^^^^^^^^^^^^^^^^^^^^^^^^^^^^^^^
  7 | };
  8 |

Import map: aliased to relative './lib/games/bloque-buster' inside of [project]/

Import traces:
  Client Component Browser:
    ./lib/games/registry.ts [Client Component Browser]
    ./app/components/game-player.tsx [Client Component Browser]
    ./app/components/game-player.tsx [Server Component]
    ./app/juegos/[id]/jugar/page.tsx [Server Component]

  Client Component SSR:
    ./lib/games/registry.ts [Client Component SSR]
    ./app/components/game-player.tsx [Client Component SSR]
    ./app/components/game-player.tsx [Server Component]
    ./app/juegos/[id]/jugar/page.tsx [Server Component]

https://nextjs.org/docs/messages/module-not-found @ http://localhost:3000/_next/static/chunks/node_modules_next_dist_1e8vcs8._.js:1052
[  592913ms] [ERROR] ./lib/games/registry.ts:6:26
Error: Module not found: Can't resolve '@/lib/games/bloque-buster'
  4 |   rocas: () => import("@/lib/games/asteroids"),
  5 |   tetris: () => import("@/lib/games/tetris"),
> 6 |   "bloque-buster": () => import("@/lib/games/bloque-buster"),
    |                          ^^^^^^^^^^^^^^^^^^^^^^^^^^^^^^^^^^^
  7 | };
  8 |

Import map: aliased to relative './lib/games/bloque-buster' inside of [project]/

Import traces:
  Client Component Browser:
    ./lib/games/registry.ts [Client Component Browser]
    ./app/components/game-player.tsx [Client Component Browser]
    ./app/components/game-player.tsx [Server Component]
    ./app/juegos/[id]/jugar/page.tsx [Server Component]

  Client Component SSR:
    ./lib/games/registry.ts [Client Component SSR]
    ./app/components/game-player.tsx [Client Component SSR]
    ./app/components/game-player.tsx [Server Component]
    ./app/juegos/[id]/jugar/page.tsx [Server Component]

https://nextjs.org/docs/messages/module-not-found @ http://localhost:3000/_next/static/chunks/node_modules_next_dist_1e8vcs8._.js:1052
[  593096ms] [ERROR] ./lib/games/registry.ts:6:26
Error: Module not found: Can't resolve '@/lib/games/bloque-buster'
  4 |   rocas: () => import("@/lib/games/asteroids"),
  5 |   tetris: () => import("@/lib/games/tetris"),
> 6 |   "bloque-buster": () => import("@/lib/games/bloque-buster"),
    |                          ^^^^^^^^^^^^^^^^^^^^^^^^^^^^^^^^^^^
  7 | };
  8 |

Import map: aliased to relative './lib/games/bloque-buster' inside of [project]/

Import traces:
  Client Component Browser:
    ./lib/games/registry.ts [Client Component Browser]
    ./app/components/game-player.tsx [Client Component Browser]
    ./app/components/game-player.tsx [Server Component]
    ./app/juegos/[id]/jugar/page.tsx [Server Component]

  Client Component SSR:
    ./lib/games/registry.ts [Client Component SSR]
    ./app/components/game-player.tsx [Client Component SSR]
    ./app/components/game-player.tsx [Server Component]
    ./app/juegos/[id]/jugar/page.tsx [Server Component]

https://nextjs.org/docs/messages/module-not-found @ http://localhost:3000/_next/static/chunks/node_modules_next_dist_1e8vcs8._.js:1052
[  593192ms] [ERROR] ./lib/games/registry.ts:6:26
Error: Module not found: Can't resolve '@/lib/games/bloque-buster'
  4 |   rocas: () => import("@/lib/games/asteroids"),
  5 |   tetris: () => import("@/lib/games/tetris"),
> 6 |   "bloque-buster": () => import("@/lib/games/bloque-buster"),
    |                          ^^^^^^^^^^^^^^^^^^^^^^^^^^^^^^^^^^^
  7 | };
  8 |

Import map: aliased to relative './lib/games/bloque-buster' inside of [project]/

Import traces:
  Client Component Browser:
    ./lib/games/registry.ts [Client Component Browser]
    ./app/components/game-player.tsx [Client Component Browser]
    ./app/components/game-player.tsx [Server Component]
    ./app/juegos/[id]/jugar/page.tsx [Server Component]

  Client Component SSR:
    ./lib/games/registry.ts [Client Component SSR]
    ./app/components/game-player.tsx [Client Component SSR]
    ./app/components/game-player.tsx [Server Component]
    ./app/juegos/[id]/jugar/page.tsx [Server Component]

https://nextjs.org/docs/messages/module-not-found @ http://localhost:3000/_next/static/chunks/node_modules_next_dist_1e8vcs8._.js:1052
[  593271ms] [ERROR] ./lib/games/registry.ts:6:26
Error: Module not found: Can't resolve '@/lib/games/bloque-buster'
  4 |   rocas: () => import("@/lib/games/asteroids"),
  5 |   tetris: () => import("@/lib/games/tetris"),
> 6 |   "bloque-buster": () => import("@/lib/games/bloque-buster"),
    |                          ^^^^^^^^^^^^^^^^^^^^^^^^^^^^^^^^^^^
  7 | };
  8 |

Import map: aliased to relative './lib/games/bloque-buster' inside of [project]/

Import traces:
  Client Component Browser:
    ./lib/games/registry.ts [Client Component Browser]
    ./app/components/game-player.tsx [Client Component Browser]
    ./app/components/game-player.tsx [Server Component]
    ./app/juegos/[id]/jugar/page.tsx [Server Component]

  Client Component SSR:
    ./lib/games/registry.ts [Client Component SSR]
    ./app/components/game-player.tsx [Client Component SSR]
    ./app/components/game-player.tsx [Server Component]
    ./app/juegos/[id]/jugar/page.tsx [Server Component]

https://nextjs.org/docs/messages/module-not-found @ http://localhost:3000/_next/static/chunks/node_modules_next_dist_1e8vcs8._.js:1052
[  593400ms] [ERROR] ./lib/games/registry.ts:6:26
Error: Module not found: Can't resolve '@/lib/games/bloque-buster'
  4 |   rocas: () => import("@/lib/games/asteroids"),
  5 |   tetris: () => import("@/lib/games/tetris"),
> 6 |   "bloque-buster": () => import("@/lib/games/bloque-buster"),
    |                          ^^^^^^^^^^^^^^^^^^^^^^^^^^^^^^^^^^^
  7 | };
  8 |

Import map: aliased to relative './lib/games/bloque-buster' inside of [project]/

Import traces:
  Client Component Browser:
    ./lib/games/registry.ts [Client Component Browser]
    ./app/components/game-player.tsx [Client Component Browser]
    ./app/components/game-player.tsx [Server Component]
    ./app/juegos/[id]/jugar/page.tsx [Server Component]

  Client Component SSR:
    ./lib/games/registry.ts [Client Component SSR]
    ./app/components/game-player.tsx [Client Component SSR]
    ./app/components/game-player.tsx [Server Component]
    ./app/juegos/[id]/jugar/page.tsx [Server Component]

https://nextjs.org/docs/messages/module-not-found @ http://localhost:3000/_next/static/chunks/node_modules_next_dist_1e8vcs8._.js:1052
[  593588ms] [ERROR] ./lib/games/registry.ts:6:26
Error: Module not found: Can't resolve '@/lib/games/bloque-buster'
  4 |   rocas: () => import("@/lib/games/asteroids"),
  5 |   tetris: () => import("@/lib/games/tetris"),
> 6 |   "bloque-buster": () => import("@/lib/games/bloque-buster"),
    |                          ^^^^^^^^^^^^^^^^^^^^^^^^^^^^^^^^^^^
  7 | };
  8 |

Import map: aliased to relative './lib/games/bloque-buster' inside of [project]/

Import traces:
  Client Component Browser:
    ./lib/games/registry.ts [Client Component Browser]
    ./app/components/game-player.tsx [Client Component Browser]
    ./app/components/game-player.tsx [Server Component]
    ./app/juegos/[id]/jugar/page.tsx [Server Component]

  Client Component SSR:
    ./lib/games/registry.ts [Client Component SSR]
    ./app/components/game-player.tsx [Client Component SSR]
    ./app/components/game-player.tsx [Server Component]
    ./app/juegos/[id]/jugar/page.tsx [Server Component]

https://nextjs.org/docs/messages/module-not-found @ http://localhost:3000/_next/static/chunks/node_modules_next_dist_1e8vcs8._.js:1052
[  593711ms] [ERROR] ./lib/games/registry.ts:6:26
Error: Module not found: Can't resolve '@/lib/games/bloque-buster'
  4 |   rocas: () => import("@/lib/games/asteroids"),
  5 |   tetris: () => import("@/lib/games/tetris"),
> 6 |   "bloque-buster": () => import("@/lib/games/bloque-buster"),
    |                          ^^^^^^^^^^^^^^^^^^^^^^^^^^^^^^^^^^^
  7 | };
  8 |

Import map: aliased to relative './lib/games/bloque-buster' inside of [project]/

Import traces:
  Client Component Browser:
    ./lib/games/registry.ts [Client Component Browser]
    ./app/components/game-player.tsx [Client Component Browser]
    ./app/components/game-player.tsx [Server Component]
    ./app/juegos/[id]/jugar/page.tsx [Server Component]

  Client Component SSR:
    ./lib/games/registry.ts [Client Component SSR]
    ./app/components/game-player.tsx [Client Component SSR]
    ./app/components/game-player.tsx [Server Component]
    ./app/juegos/[id]/jugar/page.tsx [Server Component]

https://nextjs.org/docs/messages/module-not-found @ http://localhost:3000/_next/static/chunks/node_modules_next_dist_1e8vcs8._.js:1052
[  593834ms] [ERROR] ./lib/games/registry.ts:6:26
Error: Module not found: Can't resolve '@/lib/games/bloque-buster'
  4 |   rocas: () => import("@/lib/games/asteroids"),
  5 |   tetris: () => import("@/lib/games/tetris"),
> 6 |   "bloque-buster": () => import("@/lib/games/bloque-buster"),
    |                          ^^^^^^^^^^^^^^^^^^^^^^^^^^^^^^^^^^^
  7 | };
  8 |

Import map: aliased to relative './lib/games/bloque-buster' inside of [project]/

Import traces:
  Client Component Browser:
    ./lib/games/registry.ts [Client Component Browser]
    ./app/components/game-player.tsx [Client Component Browser]
    ./app/components/game-player.tsx [Server Component]
    ./app/juegos/[id]/jugar/page.tsx [Server Component]

  Client Component SSR:
    ./lib/games/registry.ts [Client Component SSR]
    ./app/components/game-player.tsx [Client Component SSR]
    ./app/components/game-player.tsx [Server Component]
    ./app/juegos/[id]/jugar/page.tsx [Server Component]

https://nextjs.org/docs/messages/module-not-found @ http://localhost:3000/_next/static/chunks/node_modules_next_dist_1e8vcs8._.js:1052
[  593909ms] [ERROR] ./lib/games/registry.ts:6:26
Error: Module not found: Can't resolve '@/lib/games/bloque-buster'
  4 |   rocas: () => import("@/lib/games/asteroids"),
  5 |   tetris: () => import("@/lib/games/tetris"),
> 6 |   "bloque-buster": () => import("@/lib/games/bloque-buster"),
    |                          ^^^^^^^^^^^^^^^^^^^^^^^^^^^^^^^^^^^
  7 | };
  8 |

Import map: aliased to relative './lib/games/bloque-buster' inside of [project]/

Import traces:
  Client Component Browser:
    ./lib/games/registry.ts [Client Component Browser]
    ./app/components/game-player.tsx [Client Component Browser]
    ./app/components/game-player.tsx [Server Component]
    ./app/juegos/[id]/jugar/page.tsx [Server Component]

  Client Component SSR:
    ./lib/games/registry.ts [Client Component SSR]
    ./app/components/game-player.tsx [Client Component SSR]
    ./app/components/game-player.tsx [Server Component]
    ./app/juegos/[id]/jugar/page.tsx [Server Component]

https://nextjs.org/docs/messages/module-not-found @ http://localhost:3000/_next/static/chunks/node_modules_next_dist_1e8vcs8._.js:1052
[  594002ms] [ERROR] ./lib/games/registry.ts:6:26
Error: Module not found: Can't resolve '@/lib/games/bloque-buster'
  4 |   rocas: () => import("@/lib/games/asteroids"),
  5 |   tetris: () => import("@/lib/games/tetris"),
> 6 |   "bloque-buster": () => import("@/lib/games/bloque-buster"),
    |                          ^^^^^^^^^^^^^^^^^^^^^^^^^^^^^^^^^^^
  7 | };
  8 |

Import map: aliased to relative './lib/games/bloque-buster' inside of [project]/

Import traces:
  Client Component Browser:
    ./lib/games/registry.ts [Client Component Browser]
    ./app/components/game-player.tsx [Client Component Browser]
    ./app/components/game-player.tsx [Server Component]
    ./app/juegos/[id]/jugar/page.tsx [Server Component]

  Client Component SSR:
    ./lib/games/registry.ts [Client Component SSR]
    ./app/components/game-player.tsx [Client Component SSR]
    ./app/components/game-player.tsx [Server Component]
    ./app/juegos/[id]/jugar/page.tsx [Server Component]

https://nextjs.org/docs/messages/module-not-found @ http://localhost:3000/_next/static/chunks/node_modules_next_dist_1e8vcs8._.js:1052
[  594146ms] [ERROR] ./lib/games/registry.ts:6:26
Error: Module not found: Can't resolve '@/lib/games/bloque-buster'
  4 |   rocas: () => import("@/lib/games/asteroids"),
  5 |   tetris: () => import("@/lib/games/tetris"),
> 6 |   "bloque-buster": () => import("@/lib/games/bloque-buster"),
    |                          ^^^^^^^^^^^^^^^^^^^^^^^^^^^^^^^^^^^
  7 | };
  8 |

Import map: aliased to relative './lib/games/bloque-buster' inside of [project]/

Import traces:
  Client Component Browser:
    ./lib/games/registry.ts [Client Component Browser]
    ./app/components/game-player.tsx [Client Component Browser]
    ./app/components/game-player.tsx [Server Component]
    ./app/juegos/[id]/jugar/page.tsx [Server Component]

  Client Component SSR:
    ./lib/games/registry.ts [Client Component SSR]
    ./app/components/game-player.tsx [Client Component SSR]
    ./app/components/game-player.tsx [Server Component]
    ./app/juegos/[id]/jugar/page.tsx [Server Component]

https://nextjs.org/docs/messages/module-not-found @ http://localhost:3000/_next/static/chunks/node_modules_next_dist_1e8vcs8._.js:1052
[  594344ms] [ERROR] ./lib/games/registry.ts:6:26
Error: Module not found: Can't resolve '@/lib/games/bloque-buster'
  4 |   rocas: () => import("@/lib/games/asteroids"),
  5 |   tetris: () => import("@/lib/games/tetris"),
> 6 |   "bloque-buster": () => import("@/lib/games/bloque-buster"),
    |                          ^^^^^^^^^^^^^^^^^^^^^^^^^^^^^^^^^^^
  7 | };
  8 |

Import map: aliased to relative './lib/games/bloque-buster' inside of [project]/

Import traces:
  Client Component Browser:
    ./lib/games/registry.ts [Client Component Browser]
    ./app/components/game-player.tsx [Client Component Browser]
    ./app/components/game-player.tsx [Server Component]
    ./app/juegos/[id]/jugar/page.tsx [Server Component]

  Client Component SSR:
    ./lib/games/registry.ts [Client Component SSR]
    ./app/components/game-player.tsx [Client Component SSR]
    ./app/components/game-player.tsx [Server Component]
    ./app/juegos/[id]/jugar/page.tsx [Server Component]

https://nextjs.org/docs/messages/module-not-found @ http://localhost:3000/_next/static/chunks/node_modules_next_dist_1e8vcs8._.js:1052
[  594464ms] [ERROR] ./lib/games/registry.ts:6:26
Error: Module not found: Can't resolve '@/lib/games/bloque-buster'
  4 |   rocas: () => import("@/lib/games/asteroids"),
  5 |   tetris: () => import("@/lib/games/tetris"),
> 6 |   "bloque-buster": () => import("@/lib/games/bloque-buster"),
    |                          ^^^^^^^^^^^^^^^^^^^^^^^^^^^^^^^^^^^
  7 | };
  8 |

Import map: aliased to relative './lib/games/bloque-buster' inside of [project]/

Import traces:
  Client Component Browser:
    ./lib/games/registry.ts [Client Component Browser]
    ./app/components/game-player.tsx [Client Component Browser]
    ./app/components/game-player.tsx [Server Component]
    ./app/juegos/[id]/jugar/page.tsx [Server Component]

  Client Component SSR:
    ./lib/games/registry.ts [Client Component SSR]
    ./app/components/game-player.tsx [Client Component SSR]
    ./app/components/game-player.tsx [Server Component]
    ./app/juegos/[id]/jugar/page.tsx [Server Component]

https://nextjs.org/docs/messages/module-not-found @ http://localhost:3000/_next/static/chunks/node_modules_next_dist_1e8vcs8._.js:1052
[  594557ms] [ERROR] ./lib/games/registry.ts:6:26
Error: Module not found: Can't resolve '@/lib/games/bloque-buster'
  4 |   rocas: () => import("@/lib/games/asteroids"),
  5 |   tetris: () => import("@/lib/games/tetris"),
> 6 |   "bloque-buster": () => import("@/lib/games/bloque-buster"),
    |                          ^^^^^^^^^^^^^^^^^^^^^^^^^^^^^^^^^^^
  7 | };
  8 |

Import map: aliased to relative './lib/games/bloque-buster' inside of [project]/

Import traces:
  Client Component Browser:
    ./lib/games/registry.ts [Client Component Browser]
    ./app/components/game-player.tsx [Client Component Browser]
    ./app/components/game-player.tsx [Server Component]
    ./app/juegos/[id]/jugar/page.tsx [Server Component]

  Client Component SSR:
    ./lib/games/registry.ts [Client Component SSR]
    ./app/components/game-player.tsx [Client Component SSR]
    ./app/components/game-player.tsx [Server Component]
    ./app/juegos/[id]/jugar/page.tsx [Server Component]

https://nextjs.org/docs/messages/module-not-found @ http://localhost:3000/_next/static/chunks/node_modules_next_dist_1e8vcs8._.js:1052
[  594629ms] [ERROR] ./lib/games/registry.ts:6:26
Error: Module not found: Can't resolve '@/lib/games/bloque-buster'
  4 |   rocas: () => import("@/lib/games/asteroids"),
  5 |   tetris: () => import("@/lib/games/tetris"),
> 6 |   "bloque-buster": () => import("@/lib/games/bloque-buster"),
    |                          ^^^^^^^^^^^^^^^^^^^^^^^^^^^^^^^^^^^
  7 | };
  8 |

Import map: aliased to relative './lib/games/bloque-buster' inside of [project]/

Import traces:
  Client Component Browser:
    ./lib/games/registry.ts [Client Component Browser]
    ./app/components/game-player.tsx [Client Component Browser]
    ./app/components/game-player.tsx [Server Component]
    ./app/juegos/[id]/jugar/page.tsx [Server Component]

  Client Component SSR:
    ./lib/games/registry.ts [Client Component SSR]
    ./app/components/game-player.tsx [Client Component SSR]
    ./app/components/game-player.tsx [Server Component]
    ./app/juegos/[id]/jugar/page.tsx [Server Component]

https://nextjs.org/docs/messages/module-not-found @ http://localhost:3000/_next/static/chunks/node_modules_next_dist_1e8vcs8._.js:1052
[  594710ms] [ERROR] ./lib/games/registry.ts:6:26
Error: Module not found: Can't resolve '@/lib/games/bloque-buster'
  4 |   rocas: () => import("@/lib/games/asteroids"),
  5 |   tetris: () => import("@/lib/games/tetris"),
> 6 |   "bloque-buster": () => import("@/lib/games/bloque-buster"),
    |                          ^^^^^^^^^^^^^^^^^^^^^^^^^^^^^^^^^^^
  7 | };
  8 |

Import map: aliased to relative './lib/games/bloque-buster' inside of [project]/

Import traces:
  Client Component Browser:
    ./lib/games/registry.ts [Client Component Browser]
    ./app/components/game-player.tsx [Client Component Browser]
    ./app/components/game-player.tsx [Server Component]
    ./app/juegos/[id]/jugar/page.tsx [Server Component]

  Client Component SSR:
    ./lib/games/registry.ts [Client Component SSR]
    ./app/components/game-player.tsx [Client Component SSR]
    ./app/components/game-player.tsx [Server Component]
    ./app/juegos/[id]/jugar/page.tsx [Server Component]

https://nextjs.org/docs/messages/module-not-found @ http://localhost:3000/_next/static/chunks/node_modules_next_dist_1e8vcs8._.js:1052
[  594800ms] [ERROR] ./lib/games/registry.ts:6:26
Error: Module not found: Can't resolve '@/lib/games/bloque-buster'
  4 |   rocas: () => import("@/lib/games/asteroids"),
  5 |   tetris: () => import("@/lib/games/tetris"),
> 6 |   "bloque-buster": () => import("@/lib/games/bloque-buster"),
    |                          ^^^^^^^^^^^^^^^^^^^^^^^^^^^^^^^^^^^
  7 | };
  8 |

Import map: aliased to relative './lib/games/bloque-buster' inside of [project]/

Import traces:
  Client Component Browser:
    ./lib/games/registry.ts [Client Component Browser]
    ./app/components/game-player.tsx [Client Component Browser]
    ./app/components/game-player.tsx [Server Component]
    ./app/juegos/[id]/jugar/page.tsx [Server Component]

  Client Component SSR:
    ./lib/games/registry.ts [Client Component SSR]
    ./app/components/game-player.tsx [Client Component SSR]
    ./app/components/game-player.tsx [Server Component]
    ./app/juegos/[id]/jugar/page.tsx [Server Component]

https://nextjs.org/docs/messages/module-not-found @ http://localhost:3000/_next/static/chunks/node_modules_next_dist_1e8vcs8._.js:1052
[  594900ms] [ERROR] ./lib/games/registry.ts:6:26
Error: Module not found: Can't resolve '@/lib/games/bloque-buster'
  4 |   rocas: () => import("@/lib/games/asteroids"),
  5 |   tetris: () => import("@/lib/games/tetris"),
> 6 |   "bloque-buster": () => import("@/lib/games/bloque-buster"),
    |                          ^^^^^^^^^^^^^^^^^^^^^^^^^^^^^^^^^^^
  7 | };
  8 |

Import map: aliased to relative './lib/games/bloque-buster' inside of [project]/

Import traces:
  Client Component Browser:
    ./lib/games/registry.ts [Client Component Browser]
    ./app/components/game-player.tsx [Client Component Browser]
    ./app/components/game-player.tsx [Server Component]
    ./app/juegos/[id]/jugar/page.tsx [Server Component]

  Client Component SSR:
    ./lib/games/registry.ts [Client Component SSR]
    ./app/components/game-player.tsx [Client Component SSR]
    ./app/components/game-player.tsx [Server Component]
    ./app/juegos/[id]/jugar/page.tsx [Server Component]

https://nextjs.org/docs/messages/module-not-found @ http://localhost:3000/_next/static/chunks/node_modules_next_dist_1e8vcs8._.js:1052
[  594980ms] [ERROR] ./lib/games/registry.ts:6:26
Error: Module not found: Can't resolve '@/lib/games/bloque-buster'
  4 |   rocas: () => import("@/lib/games/asteroids"),
  5 |   tetris: () => import("@/lib/games/tetris"),
> 6 |   "bloque-buster": () => import("@/lib/games/bloque-buster"),
    |                          ^^^^^^^^^^^^^^^^^^^^^^^^^^^^^^^^^^^
  7 | };
  8 |

Import map: aliased to relative './lib/games/bloque-buster' inside of [project]/

Import traces:
  Client Component Browser:
    ./lib/games/registry.ts [Client Component Browser]
    ./app/components/game-player.tsx [Client Component Browser]
    ./app/components/game-player.tsx [Server Component]
    ./app/juegos/[id]/jugar/page.tsx [Server Component]

  Client Component SSR:
    ./lib/games/registry.ts [Client Component SSR]
    ./app/components/game-player.tsx [Client Component SSR]
    ./app/components/game-player.tsx [Server Component]
    ./app/juegos/[id]/jugar/page.tsx [Server Component]

https://nextjs.org/docs/messages/module-not-found @ http://localhost:3000/_next/static/chunks/node_modules_next_dist_1e8vcs8._.js:1052
[  595054ms] [ERROR] ./lib/games/registry.ts:6:26
Error: Module not found: Can't resolve '@/lib/games/bloque-buster'
  4 |   rocas: () => import("@/lib/games/asteroids"),
  5 |   tetris: () => import("@/lib/games/tetris"),
> 6 |   "bloque-buster": () => import("@/lib/games/bloque-buster"),
    |                          ^^^^^^^^^^^^^^^^^^^^^^^^^^^^^^^^^^^
  7 | };
  8 |

Import map: aliased to relative './lib/games/bloque-buster' inside of [project]/

Import traces:
  Client Component Browser:
    ./lib/games/registry.ts [Client Component Browser]
    ./app/components/game-player.tsx [Client Component Browser]
    ./app/components/game-player.tsx [Server Component]
    ./app/juegos/[id]/jugar/page.tsx [Server Component]

  Client Component SSR:
    ./lib/games/registry.ts [Client Component SSR]
    ./app/components/game-player.tsx [Client Component SSR]
    ./app/components/game-player.tsx [Server Component]
    ./app/juegos/[id]/jugar/page.tsx [Server Component]

https://nextjs.org/docs/messages/module-not-found @ http://localhost:3000/_next/static/chunks/node_modules_next_dist_1e8vcs8._.js:1052
[  595127ms] [ERROR] ./lib/games/registry.ts:6:26
Error: Module not found: Can't resolve '@/lib/games/bloque-buster'
  4 |   rocas: () => import("@/lib/games/asteroids"),
  5 |   tetris: () => import("@/lib/games/tetris"),
> 6 |   "bloque-buster": () => import("@/lib/games/bloque-buster"),
    |                          ^^^^^^^^^^^^^^^^^^^^^^^^^^^^^^^^^^^
  7 | };
  8 |

Import map: aliased to relative './lib/games/bloque-buster' inside of [project]/

Import traces:
  Client Component Browser:
    ./lib/games/registry.ts [Client Component Browser]
    ./app/components/game-player.tsx [Client Component Browser]
    ./app/components/game-player.tsx [Server Component]
    ./app/juegos/[id]/jugar/page.tsx [Server Component]

  Client Component SSR:
    ./lib/games/registry.ts [Client Component SSR]
    ./app/components/game-player.tsx [Client Component SSR]
    ./app/components/game-player.tsx [Server Component]
    ./app/juegos/[id]/jugar/page.tsx [Server Component]

https://nextjs.org/docs/messages/module-not-found @ http://localhost:3000/_next/static/chunks/node_modules_next_dist_1e8vcs8._.js:1052
[  595227ms] [ERROR] ./lib/games/registry.ts:6:26
Error: Module not found: Can't resolve '@/lib/games/bloque-buster'
  4 |   rocas: () => import("@/lib/games/asteroids"),
  5 |   tetris: () => import("@/lib/games/tetris"),
> 6 |   "bloque-buster": () => import("@/lib/games/bloque-buster"),
    |                          ^^^^^^^^^^^^^^^^^^^^^^^^^^^^^^^^^^^
  7 | };
  8 |

Import map: aliased to relative './lib/games/bloque-buster' inside of [project]/

Import traces:
  Client Component Browser:
    ./lib/games/registry.ts [Client Component Browser]
    ./app/components/game-player.tsx [Client Component Browser]
    ./app/components/game-player.tsx [Server Component]
    ./app/juegos/[id]/jugar/page.tsx [Server Component]

  Client Component SSR:
    ./lib/games/registry.ts [Client Component SSR]
    ./app/components/game-player.tsx [Client Component SSR]
    ./app/components/game-player.tsx [Server Component]
    ./app/juegos/[id]/jugar/page.tsx [Server Component]

https://nextjs.org/docs/messages/module-not-found @ http://localhost:3000/_next/static/chunks/node_modules_next_dist_1e8vcs8._.js:1052
[  595314ms] [ERROR] ./lib/games/registry.ts:6:26
Error: Module not found: Can't resolve '@/lib/games/bloque-buster'
  4 |   rocas: () => import("@/lib/games/asteroids"),
  5 |   tetris: () => import("@/lib/games/tetris"),
> 6 |   "bloque-buster": () => import("@/lib/games/bloque-buster"),
    |                          ^^^^^^^^^^^^^^^^^^^^^^^^^^^^^^^^^^^
  7 | };
  8 |

Import map: aliased to relative './lib/games/bloque-buster' inside of [project]/

Import traces:
  Client Component Browser:
    ./lib/games/registry.ts [Client Component Browser]
    ./app/components/game-player.tsx [Client Component Browser]
    ./app/components/game-player.tsx [Server Component]
    ./app/juegos/[id]/jugar/page.tsx [Server Component]

  Client Component SSR:
    ./lib/games/registry.ts [Client Component SSR]
    ./app/components/game-player.tsx [Client Component SSR]
    ./app/components/game-player.tsx [Server Component]
    ./app/juegos/[id]/jugar/page.tsx [Server Component]

https://nextjs.org/docs/messages/module-not-found @ http://localhost:3000/_next/static/chunks/node_modules_next_dist_1e8vcs8._.js:1052
[  595398ms] [ERROR] ./lib/games/registry.ts:6:26
Error: Module not found: Can't resolve '@/lib/games/bloque-buster'
  4 |   rocas: () => import("@/lib/games/asteroids"),
  5 |   tetris: () => import("@/lib/games/tetris"),
> 6 |   "bloque-buster": () => import("@/lib/games/bloque-buster"),
    |                          ^^^^^^^^^^^^^^^^^^^^^^^^^^^^^^^^^^^
  7 | };
  8 |

Import map: aliased to relative './lib/games/bloque-buster' inside of [project]/

Import traces:
  Client Component Browser:
    ./lib/games/registry.ts [Client Component Browser]
    ./app/components/game-player.tsx [Client Component Browser]
    ./app/components/game-player.tsx [Server Component]
    ./app/juegos/[id]/jugar/page.tsx [Server Component]

  Client Component SSR:
    ./lib/games/registry.ts [Client Component SSR]
    ./app/components/game-player.tsx [Client Component SSR]
    ./app/components/game-player.tsx [Server Component]
    ./app/juegos/[id]/jugar/page.tsx [Server Component]

https://nextjs.org/docs/messages/module-not-found @ http://localhost:3000/_next/static/chunks/node_modules_next_dist_1e8vcs8._.js:1052
[  595489ms] [ERROR] ./lib/games/registry.ts:6:26
Error: Module not found: Can't resolve '@/lib/games/bloque-buster'
  4 |   rocas: () => import("@/lib/games/asteroids"),
  5 |   tetris: () => import("@/lib/games/tetris"),
> 6 |   "bloque-buster": () => import("@/lib/games/bloque-buster"),
    |                          ^^^^^^^^^^^^^^^^^^^^^^^^^^^^^^^^^^^
  7 | };
  8 |

Import map: aliased to relative './lib/games/bloque-buster' inside of [project]/

Import traces:
  Client Component Browser:
    ./lib/games/registry.ts [Client Component Browser]
    ./app/components/game-player.tsx [Client Component Browser]
    ./app/components/game-player.tsx [Server Component]
    ./app/juegos/[id]/jugar/page.tsx [Server Component]

  Client Component SSR:
    ./lib/games/registry.ts [Client Component SSR]
    ./app/components/game-player.tsx [Client Component SSR]
    ./app/components/game-player.tsx [Server Component]
    ./app/juegos/[id]/jugar/page.tsx [Server Component]

https://nextjs.org/docs/messages/module-not-found @ http://localhost:3000/_next/static/chunks/node_modules_next_dist_1e8vcs8._.js:1052
[  595560ms] [ERROR] ./lib/games/registry.ts:6:26
Error: Module not found: Can't resolve '@/lib/games/bloque-buster'
  4 |   rocas: () => import("@/lib/games/asteroids"),
  5 |   tetris: () => import("@/lib/games/tetris"),
> 6 |   "bloque-buster": () => import("@/lib/games/bloque-buster"),
    |                          ^^^^^^^^^^^^^^^^^^^^^^^^^^^^^^^^^^^
  7 | };
  8 |

Import map: aliased to relative './lib/games/bloque-buster' inside of [project]/

Import traces:
  Client Component Browser:
    ./lib/games/registry.ts [Client Component Browser]
    ./app/components/game-player.tsx [Client Component Browser]
    ./app/components/game-player.tsx [Server Component]
    ./app/juegos/[id]/jugar/page.tsx [Server Component]

  Client Component SSR:
    ./lib/games/registry.ts [Client Component SSR]
    ./app/components/game-player.tsx [Client Component SSR]
    ./app/components/game-player.tsx [Server Component]
    ./app/juegos/[id]/jugar/page.tsx [Server Component]

https://nextjs.org/docs/messages/module-not-found @ http://localhost:3000/_next/static/chunks/node_modules_next_dist_1e8vcs8._.js:1052
[  595637ms] [ERROR] ./lib/games/registry.ts:6:26
Error: Module not found: Can't resolve '@/lib/games/bloque-buster'
  4 |   rocas: () => import("@/lib/games/asteroids"),
  5 |   tetris: () => import("@/lib/games/tetris"),
> 6 |   "bloque-buster": () => import("@/lib/games/bloque-buster"),
    |                          ^^^^^^^^^^^^^^^^^^^^^^^^^^^^^^^^^^^
  7 | };
  8 |

Import map: aliased to relative './lib/games/bloque-buster' inside of [project]/

Import traces:
  Client Component Browser:
    ./lib/games/registry.ts [Client Component Browser]
    ./app/components/game-player.tsx [Client Component Browser]
    ./app/components/game-player.tsx [Server Component]
    ./app/juegos/[id]/jugar/page.tsx [Server Component]

  Client Component SSR:
    ./lib/games/registry.ts [Client Component SSR]
    ./app/components/game-player.tsx [Client Component SSR]
    ./app/components/game-player.tsx [Server Component]
    ./app/juegos/[id]/jugar/page.tsx [Server Component]

https://nextjs.org/docs/messages/module-not-found @ http://localhost:3000/_next/static/chunks/node_modules_next_dist_1e8vcs8._.js:1052
[  595704ms] [ERROR] ./lib/games/registry.ts:6:26
Error: Module not found: Can't resolve '@/lib/games/bloque-buster'
  4 |   rocas: () => import("@/lib/games/asteroids"),
  5 |   tetris: () => import("@/lib/games/tetris"),
> 6 |   "bloque-buster": () => import("@/lib/games/bloque-buster"),
    |                          ^^^^^^^^^^^^^^^^^^^^^^^^^^^^^^^^^^^
  7 | };
  8 |

Import map: aliased to relative './lib/games/bloque-buster' inside of [project]/

Import traces:
  Client Component Browser:
    ./lib/games/registry.ts [Client Component Browser]
    ./app/components/game-player.tsx [Client Component Browser]
    ./app/components/game-player.tsx [Server Component]
    ./app/juegos/[id]/jugar/page.tsx [Server Component]

  Client Component SSR:
    ./lib/games/registry.ts [Client Component SSR]
    ./app/components/game-player.tsx [Client Component SSR]
    ./app/components/game-player.tsx [Server Component]
    ./app/juegos/[id]/jugar/page.tsx [Server Component]

https://nextjs.org/docs/messages/module-not-found @ http://localhost:3000/_next/static/chunks/node_modules_next_dist_1e8vcs8._.js:1052
[  595784ms] [ERROR] ./lib/games/registry.ts:6:26
Error: Module not found: Can't resolve '@/lib/games/bloque-buster'
  4 |   rocas: () => import("@/lib/games/asteroids"),
  5 |   tetris: () => import("@/lib/games/tetris"),
> 6 |   "bloque-buster": () => import("@/lib/games/bloque-buster"),
    |                          ^^^^^^^^^^^^^^^^^^^^^^^^^^^^^^^^^^^
  7 | };
  8 |

Import map: aliased to relative './lib/games/bloque-buster' inside of [project]/

Import traces:
  Client Component Browser:
    ./lib/games/registry.ts [Client Component Browser]
    ./app/components/game-player.tsx [Client Component Browser]
    ./app/components/game-player.tsx [Server Component]
    ./app/juegos/[id]/jugar/page.tsx [Server Component]

  Client Component SSR:
    ./lib/games/registry.ts [Client Component SSR]
    ./app/components/game-player.tsx [Client Component SSR]
    ./app/components/game-player.tsx [Server Component]
    ./app/juegos/[id]/jugar/page.tsx [Server Component]

https://nextjs.org/docs/messages/module-not-found @ http://localhost:3000/_next/static/chunks/node_modules_next_dist_1e8vcs8._.js:1052
[  595861ms] [ERROR] ./lib/games/registry.ts:6:26
Error: Module not found: Can't resolve '@/lib/games/bloque-buster'
  4 |   rocas: () => import("@/lib/games/asteroids"),
  5 |   tetris: () => import("@/lib/games/tetris"),
> 6 |   "bloque-buster": () => import("@/lib/games/bloque-buster"),
    |                          ^^^^^^^^^^^^^^^^^^^^^^^^^^^^^^^^^^^
  7 | };
  8 |

Import map: aliased to relative './lib/games/bloque-buster' inside of [project]/

Import traces:
  Client Component Browser:
    ./lib/games/registry.ts [Client Component Browser]
    ./app/components/game-player.tsx [Client Component Browser]
    ./app/components/game-player.tsx [Server Component]
    ./app/juegos/[id]/jugar/page.tsx [Server Component]

  Client Component SSR:
    ./lib/games/registry.ts [Client Component SSR]
    ./app/components/game-player.tsx [Client Component SSR]
    ./app/components/game-player.tsx [Server Component]
    ./app/juegos/[id]/jugar/page.tsx [Server Component]

https://nextjs.org/docs/messages/module-not-found @ http://localhost:3000/_next/static/chunks/node_modules_next_dist_1e8vcs8._.js:1052
[  595963ms] [ERROR] ./lib/games/registry.ts:6:26
Error: Module not found: Can't resolve '@/lib/games/bloque-buster'
  4 |   rocas: () => import("@/lib/games/asteroids"),
  5 |   tetris: () => import("@/lib/games/tetris"),
> 6 |   "bloque-buster": () => import("@/lib/games/bloque-buster"),
    |                          ^^^^^^^^^^^^^^^^^^^^^^^^^^^^^^^^^^^
  7 | };
  8 |

Import map: aliased to relative './lib/games/bloque-buster' inside of [project]/

Import traces:
  Client Component Browser:
    ./lib/games/registry.ts [Client Component Browser]
    ./app/components/game-player.tsx [Client Component Browser]
    ./app/components/game-player.tsx [Server Component]
    ./app/juegos/[id]/jugar/page.tsx [Server Component]

  Client Component SSR:
    ./lib/games/registry.ts [Client Component SSR]
    ./app/components/game-player.tsx [Client Component SSR]
    ./app/components/game-player.tsx [Server Component]
    ./app/juegos/[id]/jugar/page.tsx [Server Component]

https://nextjs.org/docs/messages/module-not-found @ http://localhost:3000/_next/static/chunks/node_modules_next_dist_1e8vcs8._.js:1052
[  596064ms] [ERROR] ./lib/games/registry.ts:6:26
Error: Module not found: Can't resolve '@/lib/games/bloque-buster'
  4 |   rocas: () => import("@/lib/games/asteroids"),
  5 |   tetris: () => import("@/lib/games/tetris"),
> 6 |   "bloque-buster": () => import("@/lib/games/bloque-buster"),
    |                          ^^^^^^^^^^^^^^^^^^^^^^^^^^^^^^^^^^^
  7 | };
  8 |

Import map: aliased to relative './lib/games/bloque-buster' inside of [project]/

Import traces:
  Client Component Browser:
    ./lib/games/registry.ts [Client Component Browser]
    ./app/components/game-player.tsx [Client Component Browser]
    ./app/components/game-player.tsx [Server Component]
    ./app/juegos/[id]/jugar/page.tsx [Server Component]

  Client Component SSR:
    ./lib/games/registry.ts [Client Component SSR]
    ./app/components/game-player.tsx [Client Component SSR]
    ./app/components/game-player.tsx [Server Component]
    ./app/juegos/[id]/jugar/page.tsx [Server Component]

https://nextjs.org/docs/messages/module-not-found @ http://localhost:3000/_next/static/chunks/node_modules_next_dist_1e8vcs8._.js:1052
[  596137ms] [ERROR] ./lib/games/registry.ts:6:26
Error: Module not found: Can't resolve '@/lib/games/bloque-buster'
  4 |   rocas: () => import("@/lib/games/asteroids"),
  5 |   tetris: () => import("@/lib/games/tetris"),
> 6 |   "bloque-buster": () => import("@/lib/games/bloque-buster"),
    |                          ^^^^^^^^^^^^^^^^^^^^^^^^^^^^^^^^^^^
  7 | };
  8 |

Import map: aliased to relative './lib/games/bloque-buster' inside of [project]/

Import traces:
  Client Component Browser:
    ./lib/games/registry.ts [Client Component Browser]
    ./app/components/game-player.tsx [Client Component Browser]
    ./app/components/game-player.tsx [Server Component]
    ./app/juegos/[id]/jugar/page.tsx [Server Component]

  Client Component SSR:
    ./lib/games/registry.ts [Client Component SSR]
    ./app/components/game-player.tsx [Client Component SSR]
    ./app/components/game-player.tsx [Server Component]
    ./app/juegos/[id]/jugar/page.tsx [Server Component]

https://nextjs.org/docs/messages/module-not-found @ http://localhost:3000/_next/static/chunks/node_modules_next_dist_1e8vcs8._.js:1052
[  596207ms] [ERROR] ./lib/games/registry.ts:6:26
Error: Module not found: Can't resolve '@/lib/games/bloque-buster'
  4 |   rocas: () => import("@/lib/games/asteroids"),
  5 |   tetris: () => import("@/lib/games/tetris"),
> 6 |   "bloque-buster": () => import("@/lib/games/bloque-buster"),
    |                          ^^^^^^^^^^^^^^^^^^^^^^^^^^^^^^^^^^^
  7 | };
  8 |

Import map: aliased to relative './lib/games/bloque-buster' inside of [project]/

Import traces:
  Client Component Browser:
    ./lib/games/registry.ts [Client Component Browser]
    ./app/components/game-player.tsx [Client Component Browser]
    ./app/components/game-player.tsx [Server Component]
    ./app/juegos/[id]/jugar/page.tsx [Server Component]

  Client Component SSR:
    ./lib/games/registry.ts [Client Component SSR]
    ./app/components/game-player.tsx [Client Component SSR]
    ./app/components/game-player.tsx [Server Component]
    ./app/juegos/[id]/jugar/page.tsx [Server Component]

https://nextjs.org/docs/messages/module-not-found @ http://localhost:3000/_next/static/chunks/node_modules_next_dist_1e8vcs8._.js:1052
[  596311ms] [ERROR] ./lib/games/registry.ts:6:26
Error: Module not found: Can't resolve '@/lib/games/bloque-buster'
  4 |   rocas: () => import("@/lib/games/asteroids"),
  5 |   tetris: () => import("@/lib/games/tetris"),
> 6 |   "bloque-buster": () => import("@/lib/games/bloque-buster"),
    |                          ^^^^^^^^^^^^^^^^^^^^^^^^^^^^^^^^^^^
  7 | };
  8 |

Import map: aliased to relative './lib/games/bloque-buster' inside of [project]/

Import traces:
  Client Component Browser:
    ./lib/games/registry.ts [Client Component Browser]
    ./app/components/game-player.tsx [Client Component Browser]
    ./app/components/game-player.tsx [Server Component]
    ./app/juegos/[id]/jugar/page.tsx [Server Component]

  Client Component SSR:
    ./lib/games/registry.ts [Client Component SSR]
    ./app/components/game-player.tsx [Client Component SSR]
    ./app/components/game-player.tsx [Server Component]
    ./app/juegos/[id]/jugar/page.tsx [Server Component]

https://nextjs.org/docs/messages/module-not-found @ http://localhost:3000/_next/static/chunks/node_modules_next_dist_1e8vcs8._.js:1052
[  596410ms] [ERROR] ./lib/games/registry.ts:6:26
Error: Module not found: Can't resolve '@/lib/games/bloque-buster'
  4 |   rocas: () => import("@/lib/games/asteroids"),
  5 |   tetris: () => import("@/lib/games/tetris"),
> 6 |   "bloque-buster": () => import("@/lib/games/bloque-buster"),
    |                          ^^^^^^^^^^^^^^^^^^^^^^^^^^^^^^^^^^^
  7 | };
  8 |

Import map: aliased to relative './lib/games/bloque-buster' inside of [project]/

Import traces:
  Client Component Browser:
    ./lib/games/registry.ts [Client Component Browser]
    ./app/components/game-player.tsx [Client Component Browser]
    ./app/components/game-player.tsx [Server Component]
    ./app/juegos/[id]/jugar/page.tsx [Server Component]

  Client Component SSR:
    ./lib/games/registry.ts [Client Component SSR]
    ./app/components/game-player.tsx [Client Component SSR]
    ./app/components/game-player.tsx [Server Component]
    ./app/juegos/[id]/jugar/page.tsx [Server Component]

https://nextjs.org/docs/messages/module-not-found @ http://localhost:3000/_next/static/chunks/node_modules_next_dist_1e8vcs8._.js:1052
[  596495ms] [ERROR] ./lib/games/registry.ts:6:26
Error: Module not found: Can't resolve '@/lib/games/bloque-buster'
  4 |   rocas: () => import("@/lib/games/asteroids"),
  5 |   tetris: () => import("@/lib/games/tetris"),
> 6 |   "bloque-buster": () => import("@/lib/games/bloque-buster"),
    |                          ^^^^^^^^^^^^^^^^^^^^^^^^^^^^^^^^^^^
  7 | };
  8 |

Import map: aliased to relative './lib/games/bloque-buster' inside of [project]/

Import traces:
  Client Component Browser:
    ./lib/games/registry.ts [Client Component Browser]
    ./app/components/game-player.tsx [Client Component Browser]
    ./app/components/game-player.tsx [Server Component]
    ./app/juegos/[id]/jugar/page.tsx [Server Component]

  Client Component SSR:
    ./lib/games/registry.ts [Client Component SSR]
    ./app/components/game-player.tsx [Client Component SSR]
    ./app/components/game-player.tsx [Server Component]
    ./app/juegos/[id]/jugar/page.tsx [Server Component]

https://nextjs.org/docs/messages/module-not-found @ http://localhost:3000/_next/static/chunks/node_modules_next_dist_1e8vcs8._.js:1052
[  596579ms] [ERROR] ./lib/games/registry.ts:6:26
Error: Module not found: Can't resolve '@/lib/games/bloque-buster'
  4 |   rocas: () => import("@/lib/games/asteroids"),
  5 |   tetris: () => import("@/lib/games/tetris"),
> 6 |   "bloque-buster": () => import("@/lib/games/bloque-buster"),
    |                          ^^^^^^^^^^^^^^^^^^^^^^^^^^^^^^^^^^^
  7 | };
  8 |

Import map: aliased to relative './lib/games/bloque-buster' inside of [project]/

Import traces:
  Client Component Browser:
    ./lib/games/registry.ts [Client Component Browser]
    ./app/components/game-player.tsx [Client Component Browser]
    ./app/components/game-player.tsx [Server Component]
    ./app/juegos/[id]/jugar/page.tsx [Server Component]

  Client Component SSR:
    ./lib/games/registry.ts [Client Component SSR]
    ./app/components/game-player.tsx [Client Component SSR]
    ./app/components/game-player.tsx [Server Component]
    ./app/juegos/[id]/jugar/page.tsx [Server Component]

https://nextjs.org/docs/messages/module-not-found @ http://localhost:3000/_next/static/chunks/node_modules_next_dist_1e8vcs8._.js:1052
[  596663ms] [ERROR] ./lib/games/registry.ts:6:26
Error: Module not found: Can't resolve '@/lib/games/bloque-buster'
  4 |   rocas: () => import("@/lib/games/asteroids"),
  5 |   tetris: () => import("@/lib/games/tetris"),
> 6 |   "bloque-buster": () => import("@/lib/games/bloque-buster"),
    |                          ^^^^^^^^^^^^^^^^^^^^^^^^^^^^^^^^^^^
  7 | };
  8 |

Import map: aliased to relative './lib/games/bloque-buster' inside of [project]/

Import traces:
  Client Component Browser:
    ./lib/games/registry.ts [Client Component Browser]
    ./app/components/game-player.tsx [Client Component Browser]
    ./app/components/game-player.tsx [Server Component]
    ./app/juegos/[id]/jugar/page.tsx [Server Component]

  Client Component SSR:
    ./lib/games/registry.ts [Client Component SSR]
    ./app/components/game-player.tsx [Client Component SSR]
    ./app/components/game-player.tsx [Server Component]
    ./app/juegos/[id]/jugar/page.tsx [Server Component]

https://nextjs.org/docs/messages/module-not-found @ http://localhost:3000/_next/static/chunks/node_modules_next_dist_1e8vcs8._.js:1052
[  596737ms] [ERROR] ./lib/games/registry.ts:6:26
Error: Module not found: Can't resolve '@/lib/games/bloque-buster'
  4 |   rocas: () => import("@/lib/games/asteroids"),
  5 |   tetris: () => import("@/lib/games/tetris"),
> 6 |   "bloque-buster": () => import("@/lib/games/bloque-buster"),
    |                          ^^^^^^^^^^^^^^^^^^^^^^^^^^^^^^^^^^^
  7 | };
  8 |

Import map: aliased to relative './lib/games/bloque-buster' inside of [project]/

Import traces:
  Client Component Browser:
    ./lib/games/registry.ts [Client Component Browser]
    ./app/components/game-player.tsx [Client Component Browser]
    ./app/components/game-player.tsx [Server Component]
    ./app/juegos/[id]/jugar/page.tsx [Server Component]

  Client Component SSR:
    ./lib/games/registry.ts [Client Component SSR]
    ./app/components/game-player.tsx [Client Component SSR]
    ./app/components/game-player.tsx [Server Component]
    ./app/juegos/[id]/jugar/page.tsx [Server Component]

https://nextjs.org/docs/messages/module-not-found @ http://localhost:3000/_next/static/chunks/node_modules_next_dist_1e8vcs8._.js:1052
[  596820ms] [ERROR] ./lib/games/registry.ts:6:26
Error: Module not found: Can't resolve '@/lib/games/bloque-buster'
  4 |   rocas: () => import("@/lib/games/asteroids"),
  5 |   tetris: () => import("@/lib/games/tetris"),
> 6 |   "bloque-buster": () => import("@/lib/games/bloque-buster"),
    |                          ^^^^^^^^^^^^^^^^^^^^^^^^^^^^^^^^^^^
  7 | };
  8 |

Import map: aliased to relative './lib/games/bloque-buster' inside of [project]/

Import traces:
  Client Component Browser:
    ./lib/games/registry.ts [Client Component Browser]
    ./app/components/game-player.tsx [Client Component Browser]
    ./app/components/game-player.tsx [Server Component]
    ./app/juegos/[id]/jugar/page.tsx [Server Component]

  Client Component SSR:
    ./lib/games/registry.ts [Client Component SSR]
    ./app/components/game-player.tsx [Client Component SSR]
    ./app/components/game-player.tsx [Server Component]
    ./app/juegos/[id]/jugar/page.tsx [Server Component]

https://nextjs.org/docs/messages/module-not-found @ http://localhost:3000/_next/static/chunks/node_modules_next_dist_1e8vcs8._.js:1052
[  596896ms] [ERROR] ./lib/games/registry.ts:6:26
Error: Module not found: Can't resolve '@/lib/games/bloque-buster'
  4 |   rocas: () => import("@/lib/games/asteroids"),
  5 |   tetris: () => import("@/lib/games/tetris"),
> 6 |   "bloque-buster": () => import("@/lib/games/bloque-buster"),
    |                          ^^^^^^^^^^^^^^^^^^^^^^^^^^^^^^^^^^^
  7 | };
  8 |

Import map: aliased to relative './lib/games/bloque-buster' inside of [project]/

Import traces:
  Client Component Browser:
    ./lib/games/registry.ts [Client Component Browser]
    ./app/components/game-player.tsx [Client Component Browser]
    ./app/components/game-player.tsx [Server Component]
    ./app/juegos/[id]/jugar/page.tsx [Server Component]

  Client Component SSR:
    ./lib/games/registry.ts [Client Component SSR]
    ./app/components/game-player.tsx [Client Component SSR]
    ./app/components/game-player.tsx [Server Component]
    ./app/juegos/[id]/jugar/page.tsx [Server Component]

https://nextjs.org/docs/messages/module-not-found @ http://localhost:3000/_next/static/chunks/node_modules_next_dist_1e8vcs8._.js:1052
[  596981ms] [ERROR] ./lib/games/registry.ts:6:26
Error: Module not found: Can't resolve '@/lib/games/bloque-buster'
  4 |   rocas: () => import("@/lib/games/asteroids"),
  5 |   tetris: () => import("@/lib/games/tetris"),
> 6 |   "bloque-buster": () => import("@/lib/games/bloque-buster"),
    |                          ^^^^^^^^^^^^^^^^^^^^^^^^^^^^^^^^^^^
  7 | };
  8 |

Import map: aliased to relative './lib/games/bloque-buster' inside of [project]/

Import traces:
  Client Component Browser:
    ./lib/games/registry.ts [Client Component Browser]
    ./app/components/game-player.tsx [Client Component Browser]
    ./app/components/game-player.tsx [Server Component]
    ./app/juegos/[id]/jugar/page.tsx [Server Component]

  Client Component SSR:
    ./lib/games/registry.ts [Client Component SSR]
    ./app/components/game-player.tsx [Client Component SSR]
    ./app/components/game-player.tsx [Server Component]
    ./app/juegos/[id]/jugar/page.tsx [Server Component]

https://nextjs.org/docs/messages/module-not-found @ http://localhost:3000/_next/static/chunks/node_modules_next_dist_1e8vcs8._.js:1052
[  597093ms] [ERROR] ./lib/games/registry.ts:6:26
Error: Module not found: Can't resolve '@/lib/games/bloque-buster'
  4 |   rocas: () => import("@/lib/games/asteroids"),
  5 |   tetris: () => import("@/lib/games/tetris"),
> 6 |   "bloque-buster": () => import("@/lib/games/bloque-buster"),
    |                          ^^^^^^^^^^^^^^^^^^^^^^^^^^^^^^^^^^^
  7 | };
  8 |

Import map: aliased to relative './lib/games/bloque-buster' inside of [project]/

Import traces:
  Client Component Browser:
    ./lib/games/registry.ts [Client Component Browser]
    ./app/components/game-player.tsx [Client Component Browser]
    ./app/components/game-player.tsx [Server Component]
    ./app/juegos/[id]/jugar/page.tsx [Server Component]

  Client Component SSR:
    ./lib/games/registry.ts [Client Component SSR]
    ./app/components/game-player.tsx [Client Component SSR]
    ./app/components/game-player.tsx [Server Component]
    ./app/juegos/[id]/jugar/page.tsx [Server Component]

https://nextjs.org/docs/messages/module-not-found @ http://localhost:3000/_next/static/chunks/node_modules_next_dist_1e8vcs8._.js:1052
[  597322ms] [LOG] [Fast Refresh] rebuilding @ http://localhost:3000/_next/static/chunks/node_modules_next_dist_1e8vcs8._.js:776
[  601888ms] [ERROR] ./lib/games/registry.ts:6:26
Error: Module not found: Can't resolve '@/lib/games/bloque-buster'
  4 |   rocas: () => import("@/lib/games/asteroids"),
  5 |   tetris: () => import("@/lib/games/tetris"),
> 6 |   "bloque-buster": () => import("@/lib/games/bloque-buster"),
    |                          ^^^^^^^^^^^^^^^^^^^^^^^^^^^^^^^^^^^
  7 | };
  8 |

Import map: aliased to relative './lib/games/bloque-buster' inside of [project]/

Import traces:
  Client Component Browser:
    ./lib/games/registry.ts [Client Component Browser]
    ./app/components/game-player.tsx [Client Component Browser]
    ./app/components/game-player.tsx [Server Component]
    ./app/juegos/[id]/jugar/page.tsx [Server Component]

  Client Component SSR:
    ./lib/games/registry.ts [Client Component SSR]
    ./app/components/game-player.tsx [Client Component SSR]
    ./app/components/game-player.tsx [Server Component]
    ./app/juegos/[id]/jugar/page.tsx [Server Component]

https://nextjs.org/docs/messages/module-not-found @ http://localhost:3000/_next/static/chunks/node_modules_next_dist_1e8vcs8._.js:1052
[  602100ms] [ERROR] ./lib/games/registry.ts:6:26
Error: Module not found: Can't resolve '@/lib/games/bloque-buster'
  4 |   rocas: () => import("@/lib/games/asteroids"),
  5 |   tetris: () => import("@/lib/games/tetris"),
> 6 |   "bloque-buster": () => import("@/lib/games/bloque-buster"),
    |                          ^^^^^^^^^^^^^^^^^^^^^^^^^^^^^^^^^^^
  7 | };
  8 |

Import map: aliased to relative './lib/games/bloque-buster' inside of [project]/

Import traces:
  Client Component Browser:
    ./lib/games/registry.ts [Client Component Browser]
    ./app/components/game-player.tsx [Client Component Browser]
    ./app/components/game-player.tsx [Server Component]
    ./app/juegos/[id]/jugar/page.tsx [Server Component]

  Client Component SSR:
    ./lib/games/registry.ts [Client Component SSR]
    ./app/components/game-player.tsx [Client Component SSR]
    ./app/components/game-player.tsx [Server Component]
    ./app/juegos/[id]/jugar/page.tsx [Server Component]

https://nextjs.org/docs/messages/module-not-found @ http://localhost:3000/_next/static/chunks/node_modules_next_dist_1e8vcs8._.js:1052
[  602178ms] [LOG] [Fast Refresh] rebuilding @ http://localhost:3000/_next/static/chunks/node_modules_next_dist_1e8vcs8._.js:776
[  602389ms] [LOG] [Fast Refresh] rebuilding @ http://localhost:3000/_next/static/chunks/node_modules_next_dist_1e8vcs8._.js:776
[  608384ms] [ERROR] ./lib/games/registry.ts:6:26
Error: Module not found: Can't resolve '@/lib/games/bloque-buster'
  4 |   rocas: () => import("@/lib/games/asteroids"),
  5 |   tetris: () => import("@/lib/games/tetris"),
> 6 |   "bloque-buster": () => import("@/lib/games/bloque-buster"),
    |                          ^^^^^^^^^^^^^^^^^^^^^^^^^^^^^^^^^^^
  7 | };
  8 |

Import map: aliased to relative './lib/games/bloque-buster' inside of [project]/

Import traces:
  Client Component Browser:
    ./lib/games/registry.ts [Client Component Browser]
    ./app/components/game-player.tsx [Client Component Browser]
    ./app/components/game-player.tsx [Server Component]
    ./app/juegos/[id]/jugar/page.tsx [Server Component]

  Client Component SSR:
    ./lib/games/registry.ts [Client Component SSR]
    ./app/components/game-player.tsx [Client Component SSR]
    ./app/components/game-player.tsx [Server Component]
    ./app/juegos/[id]/jugar/page.tsx [Server Component]

https://nextjs.org/docs/messages/module-not-found @ http://localhost:3000/_next/static/chunks/node_modules_next_dist_1e8vcs8._.js:1052
[  608408ms] [ERROR] ./lib/games/registry.ts:6:26
Error: Module not found: Can't resolve '@/lib/games/bloque-buster'
  4 |   rocas: () => import("@/lib/games/asteroids"),
  5 |   tetris: () => import("@/lib/games/tetris"),
> 6 |   "bloque-buster": () => import("@/lib/games/bloque-buster"),
    |                          ^^^^^^^^^^^^^^^^^^^^^^^^^^^^^^^^^^^
  7 | };
  8 |

Import map: aliased to relative './lib/games/bloque-buster' inside of [project]/

Import traces:
  Client Component Browser:
    ./lib/games/registry.ts [Client Component Browser]
    ./app/components/game-player.tsx [Client Component Browser]
    ./app/components/game-player.tsx [Server Component]
    ./app/juegos/[id]/jugar/page.tsx [Server Component]

  Client Component SSR:
    ./lib/games/registry.ts [Client Component SSR]
    ./app/components/game-player.tsx [Client Component SSR]
    ./app/components/game-player.tsx [Server Component]
    ./app/juegos/[id]/jugar/page.tsx [Server Component]

https://nextjs.org/docs/messages/module-not-found @ http://localhost:3000/_next/static/chunks/node_modules_next_dist_1e8vcs8._.js:1052
[  608608ms] [ERROR] ./lib/games/registry.ts:6:26
Error: Module not found: Can't resolve '@/lib/games/bloque-buster'
  4 |   rocas: () => import("@/lib/games/asteroids"),
  5 |   tetris: () => import("@/lib/games/tetris"),
> 6 |   "bloque-buster": () => import("@/lib/games/bloque-buster"),
    |                          ^^^^^^^^^^^^^^^^^^^^^^^^^^^^^^^^^^^
  7 | };
  8 |

Import map: aliased to relative './lib/games/bloque-buster' inside of [project]/

Import traces:
  Client Component Browser:
    ./lib/games/registry.ts [Client Component Browser]
    ./app/components/game-player.tsx [Client Component Browser]
    ./app/components/game-player.tsx [Server Component]
    ./app/juegos/[id]/jugar/page.tsx [Server Component]

  Client Component SSR:
    ./lib/games/registry.ts [Client Component SSR]
    ./app/components/game-player.tsx [Client Component SSR]
    ./app/components/game-player.tsx [Server Component]
    ./app/juegos/[id]/jugar/page.tsx [Server Component]

https://nextjs.org/docs/messages/module-not-found @ http://localhost:3000/_next/static/chunks/node_modules_next_dist_1e8vcs8._.js:1052
[  608793ms] [ERROR] ./lib/games/registry.ts:6:26
Error: Module not found: Can't resolve '@/lib/games/bloque-buster'
  4 |   rocas: () => import("@/lib/games/asteroids"),
  5 |   tetris: () => import("@/lib/games/tetris"),
> 6 |   "bloque-buster": () => import("@/lib/games/bloque-buster"),
    |                          ^^^^^^^^^^^^^^^^^^^^^^^^^^^^^^^^^^^
  7 | };
  8 |

Import map: aliased to relative './lib/games/bloque-buster' inside of [project]/

Import traces:
  Client Component Browser:
    ./lib/games/registry.ts [Client Component Browser]
    ./app/components/game-player.tsx [Client Component Browser]
    ./app/components/game-player.tsx [Server Component]
    ./app/juegos/[id]/jugar/page.tsx [Server Component]

  Client Component SSR:
    ./lib/games/registry.ts [Client Component SSR]
    ./app/components/game-player.tsx [Client Component SSR]
    ./app/components/game-player.tsx [Server Component]
    ./app/juegos/[id]/jugar/page.tsx [Server Component]

https://nextjs.org/docs/messages/module-not-found @ http://localhost:3000/_next/static/chunks/node_modules_next_dist_1e8vcs8._.js:1052
[  608861ms] [ERROR] ./lib/games/registry.ts:6:26
Error: Module not found: Can't resolve '@/lib/games/bloque-buster'
  4 |   rocas: () => import("@/lib/games/asteroids"),
  5 |   tetris: () => import("@/lib/games/tetris"),
> 6 |   "bloque-buster": () => import("@/lib/games/bloque-buster"),
    |                          ^^^^^^^^^^^^^^^^^^^^^^^^^^^^^^^^^^^
  7 | };
  8 |

Import map: aliased to relative './lib/games/bloque-buster' inside of [project]/

Import traces:
  Client Component Browser:
    ./lib/games/registry.ts [Client Component Browser]
    ./app/components/game-player.tsx [Client Component Browser]
    ./app/components/game-player.tsx [Server Component]
    ./app/juegos/[id]/jugar/page.tsx [Server Component]

  Client Component SSR:
    ./lib/games/registry.ts [Client Component SSR]
    ./app/components/game-player.tsx [Client Component SSR]
    ./app/components/game-player.tsx [Server Component]
    ./app/juegos/[id]/jugar/page.tsx [Server Component]

https://nextjs.org/docs/messages/module-not-found @ http://localhost:3000/_next/static/chunks/node_modules_next_dist_1e8vcs8._.js:1052
[  609045ms] [ERROR] ./lib/games/registry.ts:6:26
Error: Module not found: Can't resolve '@/lib/games/bloque-buster'
  4 |   rocas: () => import("@/lib/games/asteroids"),
  5 |   tetris: () => import("@/lib/games/tetris"),
> 6 |   "bloque-buster": () => import("@/lib/games/bloque-buster"),
    |                          ^^^^^^^^^^^^^^^^^^^^^^^^^^^^^^^^^^^
  7 | };
  8 |

Import map: aliased to relative './lib/games/bloque-buster' inside of [project]/

Import traces:
  Client Component Browser:
    ./lib/games/registry.ts [Client Component Browser]
    ./app/components/game-player.tsx [Client Component Browser]
    ./app/components/game-player.tsx [Server Component]
    ./app/juegos/[id]/jugar/page.tsx [Server Component]

  Client Component SSR:
    ./lib/games/registry.ts [Client Component SSR]
    ./app/components/game-player.tsx [Client Component SSR]
    ./app/components/game-player.tsx [Server Component]
    ./app/juegos/[id]/jugar/page.tsx [Server Component]

https://nextjs.org/docs/messages/module-not-found @ http://localhost:3000/_next/static/chunks/node_modules_next_dist_1e8vcs8._.js:1052
[  609128ms] [ERROR] ./lib/games/registry.ts:6:26
Error: Module not found: Can't resolve '@/lib/games/bloque-buster'
  4 |   rocas: () => import("@/lib/games/asteroids"),
  5 |   tetris: () => import("@/lib/games/tetris"),
> 6 |   "bloque-buster": () => import("@/lib/games/bloque-buster"),
    |                          ^^^^^^^^^^^^^^^^^^^^^^^^^^^^^^^^^^^
  7 | };
  8 |

Import map: aliased to relative './lib/games/bloque-buster' inside of [project]/

Import traces:
  Client Component Browser:
    ./lib/games/registry.ts [Client Component Browser]
    ./app/components/game-player.tsx [Client Component Browser]
    ./app/components/game-player.tsx [Server Component]
    ./app/juegos/[id]/jugar/page.tsx [Server Component]

  Client Component SSR:
    ./lib/games/registry.ts [Client Component SSR]
    ./app/components/game-player.tsx [Client Component SSR]
    ./app/components/game-player.tsx [Server Component]
    ./app/juegos/[id]/jugar/page.tsx [Server Component]

https://nextjs.org/docs/messages/module-not-found @ http://localhost:3000/_next/static/chunks/node_modules_next_dist_1e8vcs8._.js:1052
[  609203ms] [ERROR] ./lib/games/registry.ts:6:26
Error: Module not found: Can't resolve '@/lib/games/bloque-buster'
  4 |   rocas: () => import("@/lib/games/asteroids"),
  5 |   tetris: () => import("@/lib/games/tetris"),
> 6 |   "bloque-buster": () => import("@/lib/games/bloque-buster"),
    |                          ^^^^^^^^^^^^^^^^^^^^^^^^^^^^^^^^^^^
  7 | };
  8 |

Import map: aliased to relative './lib/games/bloque-buster' inside of [project]/

Import traces:
  Client Component Browser:
    ./lib/games/registry.ts [Client Component Browser]
    ./app/components/game-player.tsx [Client Component Browser]
    ./app/components/game-player.tsx [Server Component]
    ./app/juegos/[id]/jugar/page.tsx [Server Component]

  Client Component SSR:
    ./lib/games/registry.ts [Client Component SSR]
    ./app/components/game-player.tsx [Client Component SSR]
    ./app/components/game-player.tsx [Server Component]
    ./app/juegos/[id]/jugar/page.tsx [Server Component]

https://nextjs.org/docs/messages/module-not-found @ http://localhost:3000/_next/static/chunks/node_modules_next_dist_1e8vcs8._.js:1052
[  609291ms] [ERROR] ./lib/games/registry.ts:6:26
Error: Module not found: Can't resolve '@/lib/games/bloque-buster'
  4 |   rocas: () => import("@/lib/games/asteroids"),
  5 |   tetris: () => import("@/lib/games/tetris"),
> 6 |   "bloque-buster": () => import("@/lib/games/bloque-buster"),
    |                          ^^^^^^^^^^^^^^^^^^^^^^^^^^^^^^^^^^^
  7 | };
  8 |

Import map: aliased to relative './lib/games/bloque-buster' inside of [project]/

Import traces:
  Client Component Browser:
    ./lib/games/registry.ts [Client Component Browser]
    ./app/components/game-player.tsx [Client Component Browser]
    ./app/components/game-player.tsx [Server Component]
    ./app/juegos/[id]/jugar/page.tsx [Server Component]

  Client Component SSR:
    ./lib/games/registry.ts [Client Component SSR]
    ./app/components/game-player.tsx [Client Component SSR]
    ./app/components/game-player.tsx [Server Component]
    ./app/juegos/[id]/jugar/page.tsx [Server Component]

https://nextjs.org/docs/messages/module-not-found @ http://localhost:3000/_next/static/chunks/node_modules_next_dist_1e8vcs8._.js:1052
[  609358ms] [ERROR] ./lib/games/registry.ts:6:26
Error: Module not found: Can't resolve '@/lib/games/bloque-buster'
  4 |   rocas: () => import("@/lib/games/asteroids"),
  5 |   tetris: () => import("@/lib/games/tetris"),
> 6 |   "bloque-buster": () => import("@/lib/games/bloque-buster"),
    |                          ^^^^^^^^^^^^^^^^^^^^^^^^^^^^^^^^^^^
  7 | };
  8 |

Import map: aliased to relative './lib/games/bloque-buster' inside of [project]/

Import traces:
  Client Component Browser:
    ./lib/games/registry.ts [Client Component Browser]
    ./app/components/game-player.tsx [Client Component Browser]
    ./app/components/game-player.tsx [Server Component]
    ./app/juegos/[id]/jugar/page.tsx [Server Component]

  Client Component SSR:
    ./lib/games/registry.ts [Client Component SSR]
    ./app/components/game-player.tsx [Client Component SSR]
    ./app/components/game-player.tsx [Server Component]
    ./app/juegos/[id]/jugar/page.tsx [Server Component]

https://nextjs.org/docs/messages/module-not-found @ http://localhost:3000/_next/static/chunks/node_modules_next_dist_1e8vcs8._.js:1052
[  609435ms] [ERROR] ./lib/games/registry.ts:6:26
Error: Module not found: Can't resolve '@/lib/games/bloque-buster'
  4 |   rocas: () => import("@/lib/games/asteroids"),
  5 |   tetris: () => import("@/lib/games/tetris"),
> 6 |   "bloque-buster": () => import("@/lib/games/bloque-buster"),
    |                          ^^^^^^^^^^^^^^^^^^^^^^^^^^^^^^^^^^^
  7 | };
  8 |

Import map: aliased to relative './lib/games/bloque-buster' inside of [project]/

Import traces:
  Client Component Browser:
    ./lib/games/registry.ts [Client Component Browser]
    ./app/components/game-player.tsx [Client Component Browser]
    ./app/components/game-player.tsx [Server Component]
    ./app/juegos/[id]/jugar/page.tsx [Server Component]

  Client Component SSR:
    ./lib/games/registry.ts [Client Component SSR]
    ./app/components/game-player.tsx [Client Component SSR]
    ./app/components/game-player.tsx [Server Component]
    ./app/juegos/[id]/jugar/page.tsx [Server Component]

https://nextjs.org/docs/messages/module-not-found @ http://localhost:3000/_next/static/chunks/node_modules_next_dist_1e8vcs8._.js:1052
[  609569ms] [ERROR] ./lib/games/registry.ts:6:26
Error: Module not found: Can't resolve '@/lib/games/bloque-buster'
  4 |   rocas: () => import("@/lib/games/asteroids"),
  5 |   tetris: () => import("@/lib/games/tetris"),
> 6 |   "bloque-buster": () => import("@/lib/games/bloque-buster"),
    |                          ^^^^^^^^^^^^^^^^^^^^^^^^^^^^^^^^^^^
  7 | };
  8 |

Import map: aliased to relative './lib/games/bloque-buster' inside of [project]/

Import traces:
  Client Component Browser:
    ./lib/games/registry.ts [Client Component Browser]
    ./app/components/game-player.tsx [Client Component Browser]
    ./app/components/game-player.tsx [Server Component]
    ./app/juegos/[id]/jugar/page.tsx [Server Component]

  Client Component SSR:
    ./lib/games/registry.ts [Client Component SSR]
    ./app/components/game-player.tsx [Client Component SSR]
    ./app/components/game-player.tsx [Server Component]
    ./app/juegos/[id]/jugar/page.tsx [Server Component]

https://nextjs.org/docs/messages/module-not-found @ http://localhost:3000/_next/static/chunks/node_modules_next_dist_1e8vcs8._.js:1052
[  609653ms] [ERROR] ./lib/games/registry.ts:6:26
Error: Module not found: Can't resolve '@/lib/games/bloque-buster'
  4 |   rocas: () => import("@/lib/games/asteroids"),
  5 |   tetris: () => import("@/lib/games/tetris"),
> 6 |   "bloque-buster": () => import("@/lib/games/bloque-buster"),
    |                          ^^^^^^^^^^^^^^^^^^^^^^^^^^^^^^^^^^^
  7 | };
  8 |

Import map: aliased to relative './lib/games/bloque-buster' inside of [project]/

Import traces:
  Client Component Browser:
    ./lib/games/registry.ts [Client Component Browser]
    ./app/components/game-player.tsx [Client Component Browser]
    ./app/components/game-player.tsx [Server Component]
    ./app/juegos/[id]/jugar/page.tsx [Server Component]

  Client Component SSR:
    ./lib/games/registry.ts [Client Component SSR]
    ./app/components/game-player.tsx [Client Component SSR]
    ./app/components/game-player.tsx [Server Component]
    ./app/juegos/[id]/jugar/page.tsx [Server Component]

https://nextjs.org/docs/messages/module-not-found @ http://localhost:3000/_next/static/chunks/node_modules_next_dist_1e8vcs8._.js:1052
[  609671ms] [LOG] [Fast Refresh] rebuilding @ http://localhost:3000/_next/static/chunks/node_modules_next_dist_1e8vcs8._.js:776
[  609734ms] [ERROR] ./lib/games/registry.ts:6:26
Error: Module not found: Can't resolve '@/lib/games/bloque-buster'
  4 |   rocas: () => import("@/lib/games/asteroids"),
  5 |   tetris: () => import("@/lib/games/tetris"),
> 6 |   "bloque-buster": () => import("@/lib/games/bloque-buster"),
    |                          ^^^^^^^^^^^^^^^^^^^^^^^^^^^^^^^^^^^
  7 | };
  8 |

Import map: aliased to relative './lib/games/bloque-buster' inside of [project]/

Import traces:
  Client Component Browser:
    ./lib/games/registry.ts [Client Component Browser]
    ./app/components/game-player.tsx [Client Component Browser]
    ./app/components/game-player.tsx [Server Component]
    ./app/juegos/[id]/jugar/page.tsx [Server Component]

  Client Component SSR:
    ./lib/games/registry.ts [Client Component SSR]
    ./app/components/game-player.tsx [Client Component SSR]
    ./app/components/game-player.tsx [Server Component]
    ./app/juegos/[id]/jugar/page.tsx [Server Component]

https://nextjs.org/docs/messages/module-not-found @ http://localhost:3000/_next/static/chunks/node_modules_next_dist_1e8vcs8._.js:1052
[  609800ms] [ERROR] ./lib/games/registry.ts:6:26
Error: Module not found: Can't resolve '@/lib/games/bloque-buster'
  4 |   rocas: () => import("@/lib/games/asteroids"),
  5 |   tetris: () => import("@/lib/games/tetris"),
> 6 |   "bloque-buster": () => import("@/lib/games/bloque-buster"),
    |                          ^^^^^^^^^^^^^^^^^^^^^^^^^^^^^^^^^^^
  7 | };
  8 |

Import map: aliased to relative './lib/games/bloque-buster' inside of [project]/

Import traces:
  Client Component Browser:
    ./lib/games/registry.ts [Client Component Browser]
    ./app/components/game-player.tsx [Client Component Browser]
    ./app/components/game-player.tsx [Server Component]
    ./app/juegos/[id]/jugar/page.tsx [Server Component]

  Client Component SSR:
    ./lib/games/registry.ts [Client Component SSR]
    ./app/components/game-player.tsx [Client Component SSR]
    ./app/components/game-player.tsx [Server Component]
    ./app/juegos/[id]/jugar/page.tsx [Server Component]

https://nextjs.org/docs/messages/module-not-found @ http://localhost:3000/_next/static/chunks/node_modules_next_dist_1e8vcs8._.js:1052
[  609854ms] [ERROR] ./lib/games/registry.ts:6:26
Error: Module not found: Can't resolve '@/lib/games/bloque-buster'
  4 |   rocas: () => import("@/lib/games/asteroids"),
  5 |   tetris: () => import("@/lib/games/tetris"),
> 6 |   "bloque-buster": () => import("@/lib/games/bloque-buster"),
    |                          ^^^^^^^^^^^^^^^^^^^^^^^^^^^^^^^^^^^
  7 | };
  8 |

Import map: aliased to relative './lib/games/bloque-buster' inside of [project]/

Import traces:
  Client Component Browser:
    ./lib/games/registry.ts [Client Component Browser]
    ./app/components/game-player.tsx [Client Component Browser]
    ./app/components/game-player.tsx [Server Component]
    ./app/juegos/[id]/jugar/page.tsx [Server Component]

  Client Component SSR:
    ./lib/games/registry.ts [Client Component SSR]
    ./app/components/game-player.tsx [Client Component SSR]
    ./app/components/game-player.tsx [Server Component]
    ./app/juegos/[id]/jugar/page.tsx [Server Component]

https://nextjs.org/docs/messages/module-not-found @ http://localhost:3000/_next/static/chunks/node_modules_next_dist_1e8vcs8._.js:1052
[  609925ms] [ERROR] ./lib/games/registry.ts:6:26
Error: Module not found: Can't resolve '@/lib/games/bloque-buster'
  4 |   rocas: () => import("@/lib/games/asteroids"),
  5 |   tetris: () => import("@/lib/games/tetris"),
> 6 |   "bloque-buster": () => import("@/lib/games/bloque-buster"),
    |                          ^^^^^^^^^^^^^^^^^^^^^^^^^^^^^^^^^^^
  7 | };
  8 |

Import map: aliased to relative './lib/games/bloque-buster' inside of [project]/

Import traces:
  Client Component Browser:
    ./lib/games/registry.ts [Client Component Browser]
    ./app/components/game-player.tsx [Client Component Browser]
    ./app/components/game-player.tsx [Server Component]
    ./app/juegos/[id]/jugar/page.tsx [Server Component]

  Client Component SSR:
    ./lib/games/registry.ts [Client Component SSR]
    ./app/components/game-player.tsx [Client Component SSR]
    ./app/components/game-player.tsx [Server Component]
    ./app/juegos/[id]/jugar/page.tsx [Server Component]

https://nextjs.org/docs/messages/module-not-found @ http://localhost:3000/_next/static/chunks/node_modules_next_dist_1e8vcs8._.js:1052
[  609990ms] [ERROR] ./lib/games/registry.ts:6:26
Error: Module not found: Can't resolve '@/lib/games/bloque-buster'
  4 |   rocas: () => import("@/lib/games/asteroids"),
  5 |   tetris: () => import("@/lib/games/tetris"),
> 6 |   "bloque-buster": () => import("@/lib/games/bloque-buster"),
    |                          ^^^^^^^^^^^^^^^^^^^^^^^^^^^^^^^^^^^
  7 | };
  8 |

Import map: aliased to relative './lib/games/bloque-buster' inside of [project]/

Import traces:
  Client Component Browser:
    ./lib/games/registry.ts [Client Component Browser]
    ./app/components/game-player.tsx [Client Component Browser]
    ./app/components/game-player.tsx [Server Component]
    ./app/juegos/[id]/jugar/page.tsx [Server Component]

  Client Component SSR:
    ./lib/games/registry.ts [Client Component SSR]
    ./app/components/game-player.tsx [Client Component SSR]
    ./app/components/game-player.tsx [Server Component]
    ./app/juegos/[id]/jugar/page.tsx [Server Component]

https://nextjs.org/docs/messages/module-not-found @ http://localhost:3000/_next/static/chunks/node_modules_next_dist_1e8vcs8._.js:1052
[  610044ms] [ERROR] ./lib/games/registry.ts:6:26
Error: Module not found: Can't resolve '@/lib/games/bloque-buster'
  4 |   rocas: () => import("@/lib/games/asteroids"),
  5 |   tetris: () => import("@/lib/games/tetris"),
> 6 |   "bloque-buster": () => import("@/lib/games/bloque-buster"),
    |                          ^^^^^^^^^^^^^^^^^^^^^^^^^^^^^^^^^^^
  7 | };
  8 |

Import map: aliased to relative './lib/games/bloque-buster' inside of [project]/

Import traces:
  Client Component Browser:
    ./lib/games/registry.ts [Client Component Browser]
    ./app/components/game-player.tsx [Client Component Browser]
    ./app/components/game-player.tsx [Server Component]
    ./app/juegos/[id]/jugar/page.tsx [Server Component]

  Client Component SSR:
    ./lib/games/registry.ts [Client Component SSR]
    ./app/components/game-player.tsx [Client Component SSR]
    ./app/components/game-player.tsx [Server Component]
    ./app/juegos/[id]/jugar/page.tsx [Server Component]

https://nextjs.org/docs/messages/module-not-found @ http://localhost:3000/_next/static/chunks/node_modules_next_dist_1e8vcs8._.js:1052
[  610100ms] [ERROR] ./lib/games/registry.ts:6:26
Error: Module not found: Can't resolve '@/lib/games/bloque-buster'
  4 |   rocas: () => import("@/lib/games/asteroids"),
  5 |   tetris: () => import("@/lib/games/tetris"),
> 6 |   "bloque-buster": () => import("@/lib/games/bloque-buster"),
    |                          ^^^^^^^^^^^^^^^^^^^^^^^^^^^^^^^^^^^
  7 | };
  8 |

Import map: aliased to relative './lib/games/bloque-buster' inside of [project]/

Import traces:
  Client Component Browser:
    ./lib/games/registry.ts [Client Component Browser]
    ./app/components/game-player.tsx [Client Component Browser]
    ./app/components/game-player.tsx [Server Component]
    ./app/juegos/[id]/jugar/page.tsx [Server Component]

  Client Component SSR:
    ./lib/games/registry.ts [Client Component SSR]
    ./app/components/game-player.tsx [Client Component SSR]
    ./app/components/game-player.tsx [Server Component]
    ./app/juegos/[id]/jugar/page.tsx [Server Component]

https://nextjs.org/docs/messages/module-not-found @ http://localhost:3000/_next/static/chunks/node_modules_next_dist_1e8vcs8._.js:1052
[  610165ms] [ERROR] ./lib/games/registry.ts:6:26
Error: Module not found: Can't resolve '@/lib/games/bloque-buster'
  4 |   rocas: () => import("@/lib/games/asteroids"),
  5 |   tetris: () => import("@/lib/games/tetris"),
> 6 |   "bloque-buster": () => import("@/lib/games/bloque-buster"),
    |                          ^^^^^^^^^^^^^^^^^^^^^^^^^^^^^^^^^^^
  7 | };
  8 |

Import map: aliased to relative './lib/games/bloque-buster' inside of [project]/

Import traces:
  Client Component Browser:
    ./lib/games/registry.ts [Client Component Browser]
    ./app/components/game-player.tsx [Client Component Browser]
    ./app/components/game-player.tsx [Server Component]
    ./app/juegos/[id]/jugar/page.tsx [Server Component]

  Client Component SSR:
    ./lib/games/registry.ts [Client Component SSR]
    ./app/components/game-player.tsx [Client Component SSR]
    ./app/components/game-player.tsx [Server Component]
    ./app/juegos/[id]/jugar/page.tsx [Server Component]

https://nextjs.org/docs/messages/module-not-found @ http://localhost:3000/_next/static/chunks/node_modules_next_dist_1e8vcs8._.js:1052
[  610224ms] [ERROR] ./lib/games/registry.ts:6:26
Error: Module not found: Can't resolve '@/lib/games/bloque-buster'
  4 |   rocas: () => import("@/lib/games/asteroids"),
  5 |   tetris: () => import("@/lib/games/tetris"),
> 6 |   "bloque-buster": () => import("@/lib/games/bloque-buster"),
    |                          ^^^^^^^^^^^^^^^^^^^^^^^^^^^^^^^^^^^
  7 | };
  8 |

Import map: aliased to relative './lib/games/bloque-buster' inside of [project]/

Import traces:
  Client Component Browser:
    ./lib/games/registry.ts [Client Component Browser]
    ./app/components/game-player.tsx [Client Component Browser]
    ./app/components/game-player.tsx [Server Component]
    ./app/juegos/[id]/jugar/page.tsx [Server Component]

  Client Component SSR:
    ./lib/games/registry.ts [Client Component SSR]
    ./app/components/game-player.tsx [Client Component SSR]
    ./app/components/game-player.tsx [Server Component]
    ./app/juegos/[id]/jugar/page.tsx [Server Component]

https://nextjs.org/docs/messages/module-not-found @ http://localhost:3000/_next/static/chunks/node_modules_next_dist_1e8vcs8._.js:1052
[  610293ms] [ERROR] ./lib/games/registry.ts:6:26
Error: Module not found: Can't resolve '@/lib/games/bloque-buster'
  4 |   rocas: () => import("@/lib/games/asteroids"),
  5 |   tetris: () => import("@/lib/games/tetris"),
> 6 |   "bloque-buster": () => import("@/lib/games/bloque-buster"),
    |                          ^^^^^^^^^^^^^^^^^^^^^^^^^^^^^^^^^^^
  7 | };
  8 |

Import map: aliased to relative './lib/games/bloque-buster' inside of [project]/

Import traces:
  Client Component Browser:
    ./lib/games/registry.ts [Client Component Browser]
    ./app/components/game-player.tsx [Client Component Browser]
    ./app/components/game-player.tsx [Server Component]
    ./app/juegos/[id]/jugar/page.tsx [Server Component]

  Client Component SSR:
    ./lib/games/registry.ts [Client Component SSR]
    ./app/components/game-player.tsx [Client Component SSR]
    ./app/components/game-player.tsx [Server Component]
    ./app/juegos/[id]/jugar/page.tsx [Server Component]

https://nextjs.org/docs/messages/module-not-found @ http://localhost:3000/_next/static/chunks/node_modules_next_dist_1e8vcs8._.js:1052
[  610356ms] [ERROR] ./lib/games/registry.ts:6:26
Error: Module not found: Can't resolve '@/lib/games/bloque-buster'
  4 |   rocas: () => import("@/lib/games/asteroids"),
  5 |   tetris: () => import("@/lib/games/tetris"),
> 6 |   "bloque-buster": () => import("@/lib/games/bloque-buster"),
    |                          ^^^^^^^^^^^^^^^^^^^^^^^^^^^^^^^^^^^
  7 | };
  8 |

Import map: aliased to relative './lib/games/bloque-buster' inside of [project]/

Import traces:
  Client Component Browser:
    ./lib/games/registry.ts [Client Component Browser]
    ./app/components/game-player.tsx [Client Component Browser]
    ./app/components/game-player.tsx [Server Component]
    ./app/juegos/[id]/jugar/page.tsx [Server Component]

  Client Component SSR:
    ./lib/games/registry.ts [Client Component SSR]
    ./app/components/game-player.tsx [Client Component SSR]
    ./app/components/game-player.tsx [Server Component]
    ./app/juegos/[id]/jugar/page.tsx [Server Component]

https://nextjs.org/docs/messages/module-not-found @ http://localhost:3000/_next/static/chunks/node_modules_next_dist_1e8vcs8._.js:1052
[  610420ms] [ERROR] ./lib/games/registry.ts:6:26
Error: Module not found: Can't resolve '@/lib/games/bloque-buster'
  4 |   rocas: () => import("@/lib/games/asteroids"),
  5 |   tetris: () => import("@/lib/games/tetris"),
> 6 |   "bloque-buster": () => import("@/lib/games/bloque-buster"),
    |                          ^^^^^^^^^^^^^^^^^^^^^^^^^^^^^^^^^^^
  7 | };
  8 |

Import map: aliased to relative './lib/games/bloque-buster' inside of [project]/

Import traces:
  Client Component Browser:
    ./lib/games/registry.ts [Client Component Browser]
    ./app/components/game-player.tsx [Client Component Browser]
    ./app/components/game-player.tsx [Server Component]
    ./app/juegos/[id]/jugar/page.tsx [Server Component]

  Client Component SSR:
    ./lib/games/registry.ts [Client Component SSR]
    ./app/components/game-player.tsx [Client Component SSR]
    ./app/components/game-player.tsx [Server Component]
    ./app/juegos/[id]/jugar/page.tsx [Server Component]

https://nextjs.org/docs/messages/module-not-found @ http://localhost:3000/_next/static/chunks/node_modules_next_dist_1e8vcs8._.js:1052
[  610475ms] [ERROR] ./lib/games/registry.ts:6:26
Error: Module not found: Can't resolve '@/lib/games/bloque-buster'
  4 |   rocas: () => import("@/lib/games/asteroids"),
  5 |   tetris: () => import("@/lib/games/tetris"),
> 6 |   "bloque-buster": () => import("@/lib/games/bloque-buster"),
    |                          ^^^^^^^^^^^^^^^^^^^^^^^^^^^^^^^^^^^
  7 | };
  8 |

Import map: aliased to relative './lib/games/bloque-buster' inside of [project]/

Import traces:
  Client Component Browser:
    ./lib/games/registry.ts [Client Component Browser]
    ./app/components/game-player.tsx [Client Component Browser]
    ./app/components/game-player.tsx [Server Component]
    ./app/juegos/[id]/jugar/page.tsx [Server Component]

  Client Component SSR:
    ./lib/games/registry.ts [Client Component SSR]
    ./app/components/game-player.tsx [Client Component SSR]
    ./app/components/game-player.tsx [Server Component]
    ./app/juegos/[id]/jugar/page.tsx [Server Component]

https://nextjs.org/docs/messages/module-not-found @ http://localhost:3000/_next/static/chunks/node_modules_next_dist_1e8vcs8._.js:1052
[  610541ms] [ERROR] ./lib/games/registry.ts:6:26
Error: Module not found: Can't resolve '@/lib/games/bloque-buster'
  4 |   rocas: () => import("@/lib/games/asteroids"),
  5 |   tetris: () => import("@/lib/games/tetris"),
> 6 |   "bloque-buster": () => import("@/lib/games/bloque-buster"),
    |                          ^^^^^^^^^^^^^^^^^^^^^^^^^^^^^^^^^^^
  7 | };
  8 |

Import map: aliased to relative './lib/games/bloque-buster' inside of [project]/

Import traces:
  Client Component Browser:
    ./lib/games/registry.ts [Client Component Browser]
    ./app/components/game-player.tsx [Client Component Browser]
    ./app/components/game-player.tsx [Server Component]
    ./app/juegos/[id]/jugar/page.tsx [Server Component]

  Client Component SSR:
    ./lib/games/registry.ts [Client Component SSR]
    ./app/components/game-player.tsx [Client Component SSR]
    ./app/components/game-player.tsx [Server Component]
    ./app/juegos/[id]/jugar/page.tsx [Server Component]

https://nextjs.org/docs/messages/module-not-found @ http://localhost:3000/_next/static/chunks/node_modules_next_dist_1e8vcs8._.js:1052
[  610608ms] [ERROR] ./lib/games/registry.ts:6:26
Error: Module not found: Can't resolve '@/lib/games/bloque-buster'
  4 |   rocas: () => import("@/lib/games/asteroids"),
  5 |   tetris: () => import("@/lib/games/tetris"),
> 6 |   "bloque-buster": () => import("@/lib/games/bloque-buster"),
    |                          ^^^^^^^^^^^^^^^^^^^^^^^^^^^^^^^^^^^
  7 | };
  8 |

Import map: aliased to relative './lib/games/bloque-buster' inside of [project]/

Import traces:
  Client Component Browser:
    ./lib/games/registry.ts [Client Component Browser]
    ./app/components/game-player.tsx [Client Component Browser]
    ./app/components/game-player.tsx [Server Component]
    ./app/juegos/[id]/jugar/page.tsx [Server Component]

  Client Component SSR:
    ./lib/games/registry.ts [Client Component SSR]
    ./app/components/game-player.tsx [Client Component SSR]
    ./app/components/game-player.tsx [Server Component]
    ./app/juegos/[id]/jugar/page.tsx [Server Component]

https://nextjs.org/docs/messages/module-not-found @ http://localhost:3000/_next/static/chunks/node_modules_next_dist_1e8vcs8._.js:1052
[  610677ms] [ERROR] ./lib/games/registry.ts:6:26
Error: Module not found: Can't resolve '@/lib/games/bloque-buster'
  4 |   rocas: () => import("@/lib/games/asteroids"),
  5 |   tetris: () => import("@/lib/games/tetris"),
> 6 |   "bloque-buster": () => import("@/lib/games/bloque-buster"),
    |                          ^^^^^^^^^^^^^^^^^^^^^^^^^^^^^^^^^^^
  7 | };
  8 |

Import map: aliased to relative './lib/games/bloque-buster' inside of [project]/

Import traces:
  Client Component Browser:
    ./lib/games/registry.ts [Client Component Browser]
    ./app/components/game-player.tsx [Client Component Browser]
    ./app/components/game-player.tsx [Server Component]
    ./app/juegos/[id]/jugar/page.tsx [Server Component]

  Client Component SSR:
    ./lib/games/registry.ts [Client Component SSR]
    ./app/components/game-player.tsx [Client Component SSR]
    ./app/components/game-player.tsx [Server Component]
    ./app/juegos/[id]/jugar/page.tsx [Server Component]

https://nextjs.org/docs/messages/module-not-found @ http://localhost:3000/_next/static/chunks/node_modules_next_dist_1e8vcs8._.js:1052
[  610736ms] [ERROR] ./lib/games/registry.ts:6:26
Error: Module not found: Can't resolve '@/lib/games/bloque-buster'
  4 |   rocas: () => import("@/lib/games/asteroids"),
  5 |   tetris: () => import("@/lib/games/tetris"),
> 6 |   "bloque-buster": () => import("@/lib/games/bloque-buster"),
    |                          ^^^^^^^^^^^^^^^^^^^^^^^^^^^^^^^^^^^
  7 | };
  8 |

Import map: aliased to relative './lib/games/bloque-buster' inside of [project]/

Import traces:
  Client Component Browser:
    ./lib/games/registry.ts [Client Component Browser]
    ./app/components/game-player.tsx [Client Component Browser]
    ./app/components/game-player.tsx [Server Component]
    ./app/juegos/[id]/jugar/page.tsx [Server Component]

  Client Component SSR:
    ./lib/games/registry.ts [Client Component SSR]
    ./app/components/game-player.tsx [Client Component SSR]
    ./app/components/game-player.tsx [Server Component]
    ./app/juegos/[id]/jugar/page.tsx [Server Component]

https://nextjs.org/docs/messages/module-not-found @ http://localhost:3000/_next/static/chunks/node_modules_next_dist_1e8vcs8._.js:1052
[  610794ms] [ERROR] ./lib/games/registry.ts:6:26
Error: Module not found: Can't resolve '@/lib/games/bloque-buster'
  4 |   rocas: () => import("@/lib/games/asteroids"),
  5 |   tetris: () => import("@/lib/games/tetris"),
> 6 |   "bloque-buster": () => import("@/lib/games/bloque-buster"),
    |                          ^^^^^^^^^^^^^^^^^^^^^^^^^^^^^^^^^^^
  7 | };
  8 |

Import map: aliased to relative './lib/games/bloque-buster' inside of [project]/

Import traces:
  Client Component Browser:
    ./lib/games/registry.ts [Client Component Browser]
    ./app/components/game-player.tsx [Client Component Browser]
    ./app/components/game-player.tsx [Server Component]
    ./app/juegos/[id]/jugar/page.tsx [Server Component]

  Client Component SSR:
    ./lib/games/registry.ts [Client Component SSR]
    ./app/components/game-player.tsx [Client Component SSR]
    ./app/components/game-player.tsx [Server Component]
    ./app/juegos/[id]/jugar/page.tsx [Server Component]

https://nextjs.org/docs/messages/module-not-found @ http://localhost:3000/_next/static/chunks/node_modules_next_dist_1e8vcs8._.js:1052
[  610861ms] [ERROR] ./lib/games/registry.ts:6:26
Error: Module not found: Can't resolve '@/lib/games/bloque-buster'
  4 |   rocas: () => import("@/lib/games/asteroids"),
  5 |   tetris: () => import("@/lib/games/tetris"),
> 6 |   "bloque-buster": () => import("@/lib/games/bloque-buster"),
    |                          ^^^^^^^^^^^^^^^^^^^^^^^^^^^^^^^^^^^
  7 | };
  8 |

Import map: aliased to relative './lib/games/bloque-buster' inside of [project]/

Import traces:
  Client Component Browser:
    ./lib/games/registry.ts [Client Component Browser]
    ./app/components/game-player.tsx [Client Component Browser]
    ./app/components/game-player.tsx [Server Component]
    ./app/juegos/[id]/jugar/page.tsx [Server Component]

  Client Component SSR:
    ./lib/games/registry.ts [Client Component SSR]
    ./app/components/game-player.tsx [Client Component SSR]
    ./app/components/game-player.tsx [Server Component]
    ./app/juegos/[id]/jugar/page.tsx [Server Component]

https://nextjs.org/docs/messages/module-not-found @ http://localhost:3000/_next/static/chunks/node_modules_next_dist_1e8vcs8._.js:1052
[  610934ms] [ERROR] ./lib/games/registry.ts:6:26
Error: Module not found: Can't resolve '@/lib/games/bloque-buster'
  4 |   rocas: () => import("@/lib/games/asteroids"),
  5 |   tetris: () => import("@/lib/games/tetris"),
> 6 |   "bloque-buster": () => import("@/lib/games/bloque-buster"),
    |                          ^^^^^^^^^^^^^^^^^^^^^^^^^^^^^^^^^^^
  7 | };
  8 |

Import map: aliased to relative './lib/games/bloque-buster' inside of [project]/

Import traces:
  Client Component Browser:
    ./lib/games/registry.ts [Client Component Browser]
    ./app/components/game-player.tsx [Client Component Browser]
    ./app/components/game-player.tsx [Server Component]
    ./app/juegos/[id]/jugar/page.tsx [Server Component]

  Client Component SSR:
    ./lib/games/registry.ts [Client Component SSR]
    ./app/components/game-player.tsx [Client Component SSR]
    ./app/components/game-player.tsx [Server Component]
    ./app/juegos/[id]/jugar/page.tsx [Server Component]

https://nextjs.org/docs/messages/module-not-found @ http://localhost:3000/_next/static/chunks/node_modules_next_dist_1e8vcs8._.js:1052
[  611009ms] [ERROR] ./lib/games/registry.ts:6:26
Error: Module not found: Can't resolve '@/lib/games/bloque-buster'
  4 |   rocas: () => import("@/lib/games/asteroids"),
  5 |   tetris: () => import("@/lib/games/tetris"),
> 6 |   "bloque-buster": () => import("@/lib/games/bloque-buster"),
    |                          ^^^^^^^^^^^^^^^^^^^^^^^^^^^^^^^^^^^
  7 | };
  8 |

Import map: aliased to relative './lib/games/bloque-buster' inside of [project]/

Import traces:
  Client Component Browser:
    ./lib/games/registry.ts [Client Component Browser]
    ./app/components/game-player.tsx [Client Component Browser]
    ./app/components/game-player.tsx [Server Component]
    ./app/juegos/[id]/jugar/page.tsx [Server Component]

  Client Component SSR:
    ./lib/games/registry.ts [Client Component SSR]
    ./app/components/game-player.tsx [Client Component SSR]
    ./app/components/game-player.tsx [Server Component]
    ./app/juegos/[id]/jugar/page.tsx [Server Component]

https://nextjs.org/docs/messages/module-not-found @ http://localhost:3000/_next/static/chunks/node_modules_next_dist_1e8vcs8._.js:1052
[  611074ms] [ERROR] ./lib/games/registry.ts:6:26
Error: Module not found: Can't resolve '@/lib/games/bloque-buster'
  4 |   rocas: () => import("@/lib/games/asteroids"),
  5 |   tetris: () => import("@/lib/games/tetris"),
> 6 |   "bloque-buster": () => import("@/lib/games/bloque-buster"),
    |                          ^^^^^^^^^^^^^^^^^^^^^^^^^^^^^^^^^^^
  7 | };
  8 |

Import map: aliased to relative './lib/games/bloque-buster' inside of [project]/

Import traces:
  Client Component Browser:
    ./lib/games/registry.ts [Client Component Browser]
    ./app/components/game-player.tsx [Client Component Browser]
    ./app/components/game-player.tsx [Server Component]
    ./app/juegos/[id]/jugar/page.tsx [Server Component]

  Client Component SSR:
    ./lib/games/registry.ts [Client Component SSR]
    ./app/components/game-player.tsx [Client Component SSR]
    ./app/components/game-player.tsx [Server Component]
    ./app/juegos/[id]/jugar/page.tsx [Server Component]

https://nextjs.org/docs/messages/module-not-found @ http://localhost:3000/_next/static/chunks/node_modules_next_dist_1e8vcs8._.js:1052
[  611126ms] [ERROR] ./lib/games/registry.ts:6:26
Error: Module not found: Can't resolve '@/lib/games/bloque-buster'
  4 |   rocas: () => import("@/lib/games/asteroids"),
  5 |   tetris: () => import("@/lib/games/tetris"),
> 6 |   "bloque-buster": () => import("@/lib/games/bloque-buster"),
    |                          ^^^^^^^^^^^^^^^^^^^^^^^^^^^^^^^^^^^
  7 | };
  8 |

Import map: aliased to relative './lib/games/bloque-buster' inside of [project]/

Import traces:
  Client Component Browser:
    ./lib/games/registry.ts [Client Component Browser]
    ./app/components/game-player.tsx [Client Component Browser]
    ./app/components/game-player.tsx [Server Component]
    ./app/juegos/[id]/jugar/page.tsx [Server Component]

  Client Component SSR:
    ./lib/games/registry.ts [Client Component SSR]
    ./app/components/game-player.tsx [Client Component SSR]
    ./app/components/game-player.tsx [Server Component]
    ./app/juegos/[id]/jugar/page.tsx [Server Component]

https://nextjs.org/docs/messages/module-not-found @ http://localhost:3000/_next/static/chunks/node_modules_next_dist_1e8vcs8._.js:1052
[  611191ms] [ERROR] ./lib/games/registry.ts:6:26
Error: Module not found: Can't resolve '@/lib/games/bloque-buster'
  4 |   rocas: () => import("@/lib/games/asteroids"),
  5 |   tetris: () => import("@/lib/games/tetris"),
> 6 |   "bloque-buster": () => import("@/lib/games/bloque-buster"),
    |                          ^^^^^^^^^^^^^^^^^^^^^^^^^^^^^^^^^^^
  7 | };
  8 |

Import map: aliased to relative './lib/games/bloque-buster' inside of [project]/

Import traces:
  Client Component Browser:
    ./lib/games/registry.ts [Client Component Browser]
    ./app/components/game-player.tsx [Client Component Browser]
    ./app/components/game-player.tsx [Server Component]
    ./app/juegos/[id]/jugar/page.tsx [Server Component]

  Client Component SSR:
    ./lib/games/registry.ts [Client Component SSR]
    ./app/components/game-player.tsx [Client Component SSR]
    ./app/components/game-player.tsx [Server Component]
    ./app/juegos/[id]/jugar/page.tsx [Server Component]

https://nextjs.org/docs/messages/module-not-found @ http://localhost:3000/_next/static/chunks/node_modules_next_dist_1e8vcs8._.js:1052
[  611255ms] [ERROR] ./lib/games/registry.ts:6:26
Error: Module not found: Can't resolve '@/lib/games/bloque-buster'
  4 |   rocas: () => import("@/lib/games/asteroids"),
  5 |   tetris: () => import("@/lib/games/tetris"),
> 6 |   "bloque-buster": () => import("@/lib/games/bloque-buster"),
    |                          ^^^^^^^^^^^^^^^^^^^^^^^^^^^^^^^^^^^
  7 | };
  8 |

Import map: aliased to relative './lib/games/bloque-buster' inside of [project]/

Import traces:
  Client Component Browser:
    ./lib/games/registry.ts [Client Component Browser]
    ./app/components/game-player.tsx [Client Component Browser]
    ./app/components/game-player.tsx [Server Component]
    ./app/juegos/[id]/jugar/page.tsx [Server Component]

  Client Component SSR:
    ./lib/games/registry.ts [Client Component SSR]
    ./app/components/game-player.tsx [Client Component SSR]
    ./app/components/game-player.tsx [Server Component]
    ./app/juegos/[id]/jugar/page.tsx [Server Component]

https://nextjs.org/docs/messages/module-not-found @ http://localhost:3000/_next/static/chunks/node_modules_next_dist_1e8vcs8._.js:1052
[  611318ms] [ERROR] ./lib/games/registry.ts:6:26
Error: Module not found: Can't resolve '@/lib/games/bloque-buster'
  4 |   rocas: () => import("@/lib/games/asteroids"),
  5 |   tetris: () => import("@/lib/games/tetris"),
> 6 |   "bloque-buster": () => import("@/lib/games/bloque-buster"),
    |                          ^^^^^^^^^^^^^^^^^^^^^^^^^^^^^^^^^^^
  7 | };
  8 |

Import map: aliased to relative './lib/games/bloque-buster' inside of [project]/

Import traces:
  Client Component Browser:
    ./lib/games/registry.ts [Client Component Browser]
    ./app/components/game-player.tsx [Client Component Browser]
    ./app/components/game-player.tsx [Server Component]
    ./app/juegos/[id]/jugar/page.tsx [Server Component]

  Client Component SSR:
    ./lib/games/registry.ts [Client Component SSR]
    ./app/components/game-player.tsx [Client Component SSR]
    ./app/components/game-player.tsx [Server Component]
    ./app/juegos/[id]/jugar/page.tsx [Server Component]

https://nextjs.org/docs/messages/module-not-found @ http://localhost:3000/_next/static/chunks/node_modules_next_dist_1e8vcs8._.js:1052
[  611375ms] [ERROR] ./lib/games/registry.ts:6:26
Error: Module not found: Can't resolve '@/lib/games/bloque-buster'
  4 |   rocas: () => import("@/lib/games/asteroids"),
  5 |   tetris: () => import("@/lib/games/tetris"),
> 6 |   "bloque-buster": () => import("@/lib/games/bloque-buster"),
    |                          ^^^^^^^^^^^^^^^^^^^^^^^^^^^^^^^^^^^
  7 | };
  8 |

Import map: aliased to relative './lib/games/bloque-buster' inside of [project]/

Import traces:
  Client Component Browser:
    ./lib/games/registry.ts [Client Component Browser]
    ./app/components/game-player.tsx [Client Component Browser]
    ./app/components/game-player.tsx [Server Component]
    ./app/juegos/[id]/jugar/page.tsx [Server Component]

  Client Component SSR:
    ./lib/games/registry.ts [Client Component SSR]
    ./app/components/game-player.tsx [Client Component SSR]
    ./app/components/game-player.tsx [Server Component]
    ./app/juegos/[id]/jugar/page.tsx [Server Component]

https://nextjs.org/docs/messages/module-not-found @ http://localhost:3000/_next/static/chunks/node_modules_next_dist_1e8vcs8._.js:1052
[  611439ms] [ERROR] ./lib/games/registry.ts:6:26
Error: Module not found: Can't resolve '@/lib/games/bloque-buster'
  4 |   rocas: () => import("@/lib/games/asteroids"),
  5 |   tetris: () => import("@/lib/games/tetris"),
> 6 |   "bloque-buster": () => import("@/lib/games/bloque-buster"),
    |                          ^^^^^^^^^^^^^^^^^^^^^^^^^^^^^^^^^^^
  7 | };
  8 |

Import map: aliased to relative './lib/games/bloque-buster' inside of [project]/

Import traces:
  Client Component Browser:
    ./lib/games/registry.ts [Client Component Browser]
    ./app/components/game-player.tsx [Client Component Browser]
    ./app/components/game-player.tsx [Server Component]
    ./app/juegos/[id]/jugar/page.tsx [Server Component]

  Client Component SSR:
    ./lib/games/registry.ts [Client Component SSR]
    ./app/components/game-player.tsx [Client Component SSR]
    ./app/components/game-player.tsx [Server Component]
    ./app/juegos/[id]/jugar/page.tsx [Server Component]

https://nextjs.org/docs/messages/module-not-found @ http://localhost:3000/_next/static/chunks/node_modules_next_dist_1e8vcs8._.js:1052
[  611503ms] [ERROR] ./lib/games/registry.ts:6:26
Error: Module not found: Can't resolve '@/lib/games/bloque-buster'
  4 |   rocas: () => import("@/lib/games/asteroids"),
  5 |   tetris: () => import("@/lib/games/tetris"),
> 6 |   "bloque-buster": () => import("@/lib/games/bloque-buster"),
    |                          ^^^^^^^^^^^^^^^^^^^^^^^^^^^^^^^^^^^
  7 | };
  8 |

Import map: aliased to relative './lib/games/bloque-buster' inside of [project]/

Import traces:
  Client Component Browser:
    ./lib/games/registry.ts [Client Component Browser]
    ./app/components/game-player.tsx [Client Component Browser]
    ./app/components/game-player.tsx [Server Component]
    ./app/juegos/[id]/jugar/page.tsx [Server Component]

  Client Component SSR:
    ./lib/games/registry.ts [Client Component SSR]
    ./app/components/game-player.tsx [Client Component SSR]
    ./app/components/game-player.tsx [Server Component]
    ./app/juegos/[id]/jugar/page.tsx [Server Component]

https://nextjs.org/docs/messages/module-not-found @ http://localhost:3000/_next/static/chunks/node_modules_next_dist_1e8vcs8._.js:1052
[  611556ms] [ERROR] ./lib/games/registry.ts:6:26
Error: Module not found: Can't resolve '@/lib/games/bloque-buster'
  4 |   rocas: () => import("@/lib/games/asteroids"),
  5 |   tetris: () => import("@/lib/games/tetris"),
> 6 |   "bloque-buster": () => import("@/lib/games/bloque-buster"),
    |                          ^^^^^^^^^^^^^^^^^^^^^^^^^^^^^^^^^^^
  7 | };
  8 |

Import map: aliased to relative './lib/games/bloque-buster' inside of [project]/

Import traces:
  Client Component Browser:
    ./lib/games/registry.ts [Client Component Browser]
    ./app/components/game-player.tsx [Client Component Browser]
    ./app/components/game-player.tsx [Server Component]
    ./app/juegos/[id]/jugar/page.tsx [Server Component]

  Client Component SSR:
    ./lib/games/registry.ts [Client Component SSR]
    ./app/components/game-player.tsx [Client Component SSR]
    ./app/components/game-player.tsx [Server Component]
    ./app/juegos/[id]/jugar/page.tsx [Server Component]

https://nextjs.org/docs/messages/module-not-found @ http://localhost:3000/_next/static/chunks/node_modules_next_dist_1e8vcs8._.js:1052
[  611622ms] [ERROR] ./lib/games/registry.ts:6:26
Error: Module not found: Can't resolve '@/lib/games/bloque-buster'
  4 |   rocas: () => import("@/lib/games/asteroids"),
  5 |   tetris: () => import("@/lib/games/tetris"),
> 6 |   "bloque-buster": () => import("@/lib/games/bloque-buster"),
    |                          ^^^^^^^^^^^^^^^^^^^^^^^^^^^^^^^^^^^
  7 | };
  8 |

Import map: aliased to relative './lib/games/bloque-buster' inside of [project]/

Import traces:
  Client Component Browser:
    ./lib/games/registry.ts [Client Component Browser]
    ./app/components/game-player.tsx [Client Component Browser]
    ./app/components/game-player.tsx [Server Component]
    ./app/juegos/[id]/jugar/page.tsx [Server Component]

  Client Component SSR:
    ./lib/games/registry.ts [Client Component SSR]
    ./app/components/game-player.tsx [Client Component SSR]
    ./app/components/game-player.tsx [Server Component]
    ./app/juegos/[id]/jugar/page.tsx [Server Component]

https://nextjs.org/docs/messages/module-not-found @ http://localhost:3000/_next/static/chunks/node_modules_next_dist_1e8vcs8._.js:1052
[  611676ms] [ERROR] ./lib/games/registry.ts:6:26
Error: Module not found: Can't resolve '@/lib/games/bloque-buster'
  4 |   rocas: () => import("@/lib/games/asteroids"),
  5 |   tetris: () => import("@/lib/games/tetris"),
> 6 |   "bloque-buster": () => import("@/lib/games/bloque-buster"),
    |                          ^^^^^^^^^^^^^^^^^^^^^^^^^^^^^^^^^^^
  7 | };
  8 |

Import map: aliased to relative './lib/games/bloque-buster' inside of [project]/

Import traces:
  Client Component Browser:
    ./lib/games/registry.ts [Client Component Browser]
    ./app/components/game-player.tsx [Client Component Browser]
    ./app/components/game-player.tsx [Server Component]
    ./app/juegos/[id]/jugar/page.tsx [Server Component]

  Client Component SSR:
    ./lib/games/registry.ts [Client Component SSR]
    ./app/components/game-player.tsx [Client Component SSR]
    ./app/components/game-player.tsx [Server Component]
    ./app/juegos/[id]/jugar/page.tsx [Server Component]

https://nextjs.org/docs/messages/module-not-found @ http://localhost:3000/_next/static/chunks/node_modules_next_dist_1e8vcs8._.js:1052
[  611741ms] [ERROR] ./lib/games/registry.ts:6:26
Error: Module not found: Can't resolve '@/lib/games/bloque-buster'
  4 |   rocas: () => import("@/lib/games/asteroids"),
  5 |   tetris: () => import("@/lib/games/tetris"),
> 6 |   "bloque-buster": () => import("@/lib/games/bloque-buster"),
    |                          ^^^^^^^^^^^^^^^^^^^^^^^^^^^^^^^^^^^
  7 | };
  8 |

Import map: aliased to relative './lib/games/bloque-buster' inside of [project]/

Import traces:
  Client Component Browser:
    ./lib/games/registry.ts [Client Component Browser]
    ./app/components/game-player.tsx [Client Component Browser]
    ./app/components/game-player.tsx [Server Component]
    ./app/juegos/[id]/jugar/page.tsx [Server Component]

  Client Component SSR:
    ./lib/games/registry.ts [Client Component SSR]
    ./app/components/game-player.tsx [Client Component SSR]
    ./app/components/game-player.tsx [Server Component]
    ./app/juegos/[id]/jugar/page.tsx [Server Component]

https://nextjs.org/docs/messages/module-not-found @ http://localhost:3000/_next/static/chunks/node_modules_next_dist_1e8vcs8._.js:1052
[  611800ms] [ERROR] ./lib/games/registry.ts:6:26
Error: Module not found: Can't resolve '@/lib/games/bloque-buster'
  4 |   rocas: () => import("@/lib/games/asteroids"),
  5 |   tetris: () => import("@/lib/games/tetris"),
> 6 |   "bloque-buster": () => import("@/lib/games/bloque-buster"),
    |                          ^^^^^^^^^^^^^^^^^^^^^^^^^^^^^^^^^^^
  7 | };
  8 |

Import map: aliased to relative './lib/games/bloque-buster' inside of [project]/

Import traces:
  Client Component Browser:
    ./lib/games/registry.ts [Client Component Browser]
    ./app/components/game-player.tsx [Client Component Browser]
    ./app/components/game-player.tsx [Server Component]
    ./app/juegos/[id]/jugar/page.tsx [Server Component]

  Client Component SSR:
    ./lib/games/registry.ts [Client Component SSR]
    ./app/components/game-player.tsx [Client Component SSR]
    ./app/components/game-player.tsx [Server Component]
    ./app/juegos/[id]/jugar/page.tsx [Server Component]

https://nextjs.org/docs/messages/module-not-found @ http://localhost:3000/_next/static/chunks/node_modules_next_dist_1e8vcs8._.js:1052
[  611855ms] [ERROR] ./lib/games/registry.ts:6:26
Error: Module not found: Can't resolve '@/lib/games/bloque-buster'
  4 |   rocas: () => import("@/lib/games/asteroids"),
  5 |   tetris: () => import("@/lib/games/tetris"),
> 6 |   "bloque-buster": () => import("@/lib/games/bloque-buster"),
    |                          ^^^^^^^^^^^^^^^^^^^^^^^^^^^^^^^^^^^
  7 | };
  8 |

Import map: aliased to relative './lib/games/bloque-buster' inside of [project]/

Import traces:
  Client Component Browser:
    ./lib/games/registry.ts [Client Component Browser]
    ./app/components/game-player.tsx [Client Component Browser]
    ./app/components/game-player.tsx [Server Component]
    ./app/juegos/[id]/jugar/page.tsx [Server Component]

  Client Component SSR:
    ./lib/games/registry.ts [Client Component SSR]
    ./app/components/game-player.tsx [Client Component SSR]
    ./app/components/game-player.tsx [Server Component]
    ./app/juegos/[id]/jugar/page.tsx [Server Component]

https://nextjs.org/docs/messages/module-not-found @ http://localhost:3000/_next/static/chunks/node_modules_next_dist_1e8vcs8._.js:1052
[  611918ms] [ERROR] ./lib/games/registry.ts:6:26
Error: Module not found: Can't resolve '@/lib/games/bloque-buster'
  4 |   rocas: () => import("@/lib/games/asteroids"),
  5 |   tetris: () => import("@/lib/games/tetris"),
> 6 |   "bloque-buster": () => import("@/lib/games/bloque-buster"),
    |                          ^^^^^^^^^^^^^^^^^^^^^^^^^^^^^^^^^^^
  7 | };
  8 |

Import map: aliased to relative './lib/games/bloque-buster' inside of [project]/

Import traces:
  Client Component Browser:
    ./lib/games/registry.ts [Client Component Browser]
    ./app/components/game-player.tsx [Client Component Browser]
    ./app/components/game-player.tsx [Server Component]
    ./app/juegos/[id]/jugar/page.tsx [Server Component]

  Client Component SSR:
    ./lib/games/registry.ts [Client Component SSR]
    ./app/components/game-player.tsx [Client Component SSR]
    ./app/components/game-player.tsx [Server Component]
    ./app/juegos/[id]/jugar/page.tsx [Server Component]

https://nextjs.org/docs/messages/module-not-found @ http://localhost:3000/_next/static/chunks/node_modules_next_dist_1e8vcs8._.js:1052
[  611974ms] [ERROR] ./lib/games/registry.ts:6:26
Error: Module not found: Can't resolve '@/lib/games/bloque-buster'
  4 |   rocas: () => import("@/lib/games/asteroids"),
  5 |   tetris: () => import("@/lib/games/tetris"),
> 6 |   "bloque-buster": () => import("@/lib/games/bloque-buster"),
    |                          ^^^^^^^^^^^^^^^^^^^^^^^^^^^^^^^^^^^
  7 | };
  8 |

Import map: aliased to relative './lib/games/bloque-buster' inside of [project]/

Import traces:
  Client Component Browser:
    ./lib/games/registry.ts [Client Component Browser]
    ./app/components/game-player.tsx [Client Component Browser]
    ./app/components/game-player.tsx [Server Component]
    ./app/juegos/[id]/jugar/page.tsx [Server Component]

  Client Component SSR:
    ./lib/games/registry.ts [Client Component SSR]
    ./app/components/game-player.tsx [Client Component SSR]
    ./app/components/game-player.tsx [Server Component]
    ./app/juegos/[id]/jugar/page.tsx [Server Component]

https://nextjs.org/docs/messages/module-not-found @ http://localhost:3000/_next/static/chunks/node_modules_next_dist_1e8vcs8._.js:1052
[  612028ms] [ERROR] ./lib/games/registry.ts:6:26
Error: Module not found: Can't resolve '@/lib/games/bloque-buster'
  4 |   rocas: () => import("@/lib/games/asteroids"),
  5 |   tetris: () => import("@/lib/games/tetris"),
> 6 |   "bloque-buster": () => import("@/lib/games/bloque-buster"),
    |                          ^^^^^^^^^^^^^^^^^^^^^^^^^^^^^^^^^^^
  7 | };
  8 |

Import map: aliased to relative './lib/games/bloque-buster' inside of [project]/

Import traces:
  Client Component Browser:
    ./lib/games/registry.ts [Client Component Browser]
    ./app/components/game-player.tsx [Client Component Browser]
    ./app/components/game-player.tsx [Server Component]
    ./app/juegos/[id]/jugar/page.tsx [Server Component]

  Client Component SSR:
    ./lib/games/registry.ts [Client Component SSR]
    ./app/components/game-player.tsx [Client Component SSR]
    ./app/components/game-player.tsx [Server Component]
    ./app/juegos/[id]/jugar/page.tsx [Server Component]

https://nextjs.org/docs/messages/module-not-found @ http://localhost:3000/_next/static/chunks/node_modules_next_dist_1e8vcs8._.js:1052
[  612093ms] [ERROR] ./lib/games/registry.ts:6:26
Error: Module not found: Can't resolve '@/lib/games/bloque-buster'
  4 |   rocas: () => import("@/lib/games/asteroids"),
  5 |   tetris: () => import("@/lib/games/tetris"),
> 6 |   "bloque-buster": () => import("@/lib/games/bloque-buster"),
    |                          ^^^^^^^^^^^^^^^^^^^^^^^^^^^^^^^^^^^
  7 | };
  8 |

Import map: aliased to relative './lib/games/bloque-buster' inside of [project]/

Import traces:
  Client Component Browser:
    ./lib/games/registry.ts [Client Component Browser]
    ./app/components/game-player.tsx [Client Component Browser]
    ./app/components/game-player.tsx [Server Component]
    ./app/juegos/[id]/jugar/page.tsx [Server Component]

  Client Component SSR:
    ./lib/games/registry.ts [Client Component SSR]
    ./app/components/game-player.tsx [Client Component SSR]
    ./app/components/game-player.tsx [Server Component]
    ./app/juegos/[id]/jugar/page.tsx [Server Component]

https://nextjs.org/docs/messages/module-not-found @ http://localhost:3000/_next/static/chunks/node_modules_next_dist_1e8vcs8._.js:1052
[  612157ms] [ERROR] ./lib/games/registry.ts:6:26
Error: Module not found: Can't resolve '@/lib/games/bloque-buster'
  4 |   rocas: () => import("@/lib/games/asteroids"),
  5 |   tetris: () => import("@/lib/games/tetris"),
> 6 |   "bloque-buster": () => import("@/lib/games/bloque-buster"),
    |                          ^^^^^^^^^^^^^^^^^^^^^^^^^^^^^^^^^^^
  7 | };
  8 |

Import map: aliased to relative './lib/games/bloque-buster' inside of [project]/

Import traces:
  Client Component Browser:
    ./lib/games/registry.ts [Client Component Browser]
    ./app/components/game-player.tsx [Client Component Browser]
    ./app/components/game-player.tsx [Server Component]
    ./app/juegos/[id]/jugar/page.tsx [Server Component]

  Client Component SSR:
    ./lib/games/registry.ts [Client Component SSR]
    ./app/components/game-player.tsx [Client Component SSR]
    ./app/components/game-player.tsx [Server Component]
    ./app/juegos/[id]/jugar/page.tsx [Server Component]

https://nextjs.org/docs/messages/module-not-found @ http://localhost:3000/_next/static/chunks/node_modules_next_dist_1e8vcs8._.js:1052
[  612220ms] [ERROR] ./lib/games/registry.ts:6:26
Error: Module not found: Can't resolve '@/lib/games/bloque-buster'
  4 |   rocas: () => import("@/lib/games/asteroids"),
  5 |   tetris: () => import("@/lib/games/tetris"),
> 6 |   "bloque-buster": () => import("@/lib/games/bloque-buster"),
    |                          ^^^^^^^^^^^^^^^^^^^^^^^^^^^^^^^^^^^
  7 | };
  8 |

Import map: aliased to relative './lib/games/bloque-buster' inside of [project]/

Import traces:
  Client Component Browser:
    ./lib/games/registry.ts [Client Component Browser]
    ./app/components/game-player.tsx [Client Component Browser]
    ./app/components/game-player.tsx [Server Component]
    ./app/juegos/[id]/jugar/page.tsx [Server Component]

  Client Component SSR:
    ./lib/games/registry.ts [Client Component SSR]
    ./app/components/game-player.tsx [Client Component SSR]
    ./app/components/game-player.tsx [Server Component]
    ./app/juegos/[id]/jugar/page.tsx [Server Component]

https://nextjs.org/docs/messages/module-not-found @ http://localhost:3000/_next/static/chunks/node_modules_next_dist_1e8vcs8._.js:1052
[  612278ms] [ERROR] ./lib/games/registry.ts:6:26
Error: Module not found: Can't resolve '@/lib/games/bloque-buster'
  4 |   rocas: () => import("@/lib/games/asteroids"),
  5 |   tetris: () => import("@/lib/games/tetris"),
> 6 |   "bloque-buster": () => import("@/lib/games/bloque-buster"),
    |                          ^^^^^^^^^^^^^^^^^^^^^^^^^^^^^^^^^^^
  7 | };
  8 |

Import map: aliased to relative './lib/games/bloque-buster' inside of [project]/

Import traces:
  Client Component Browser:
    ./lib/games/registry.ts [Client Component Browser]
    ./app/components/game-player.tsx [Client Component Browser]
    ./app/components/game-player.tsx [Server Component]
    ./app/juegos/[id]/jugar/page.tsx [Server Component]

  Client Component SSR:
    ./lib/games/registry.ts [Client Component SSR]
    ./app/components/game-player.tsx [Client Component SSR]
    ./app/components/game-player.tsx [Server Component]
    ./app/juegos/[id]/jugar/page.tsx [Server Component]

https://nextjs.org/docs/messages/module-not-found @ http://localhost:3000/_next/static/chunks/node_modules_next_dist_1e8vcs8._.js:1052
[  612342ms] [ERROR] ./lib/games/registry.ts:6:26
Error: Module not found: Can't resolve '@/lib/games/bloque-buster'
  4 |   rocas: () => import("@/lib/games/asteroids"),
  5 |   tetris: () => import("@/lib/games/tetris"),
> 6 |   "bloque-buster": () => import("@/lib/games/bloque-buster"),
    |                          ^^^^^^^^^^^^^^^^^^^^^^^^^^^^^^^^^^^
  7 | };
  8 |

Import map: aliased to relative './lib/games/bloque-buster' inside of [project]/

Import traces:
  Client Component Browser:
    ./lib/games/registry.ts [Client Component Browser]
    ./app/components/game-player.tsx [Client Component Browser]
    ./app/components/game-player.tsx [Server Component]
    ./app/juegos/[id]/jugar/page.tsx [Server Component]

  Client Component SSR:
    ./lib/games/registry.ts [Client Component SSR]
    ./app/components/game-player.tsx [Client Component SSR]
    ./app/components/game-player.tsx [Server Component]
    ./app/juegos/[id]/jugar/page.tsx [Server Component]

https://nextjs.org/docs/messages/module-not-found @ http://localhost:3000/_next/static/chunks/node_modules_next_dist_1e8vcs8._.js:1052
[  612412ms] [ERROR] ./lib/games/registry.ts:6:26
Error: Module not found: Can't resolve '@/lib/games/bloque-buster'
  4 |   rocas: () => import("@/lib/games/asteroids"),
  5 |   tetris: () => import("@/lib/games/tetris"),
> 6 |   "bloque-buster": () => import("@/lib/games/bloque-buster"),
    |                          ^^^^^^^^^^^^^^^^^^^^^^^^^^^^^^^^^^^
  7 | };
  8 |

Import map: aliased to relative './lib/games/bloque-buster' inside of [project]/

Import traces:
  Client Component Browser:
    ./lib/games/registry.ts [Client Component Browser]
    ./app/components/game-player.tsx [Client Component Browser]
    ./app/components/game-player.tsx [Server Component]
    ./app/juegos/[id]/jugar/page.tsx [Server Component]

  Client Component SSR:
    ./lib/games/registry.ts [Client Component SSR]
    ./app/components/game-player.tsx [Client Component SSR]
    ./app/components/game-player.tsx [Server Component]
    ./app/juegos/[id]/jugar/page.tsx [Server Component]

https://nextjs.org/docs/messages/module-not-found @ http://localhost:3000/_next/static/chunks/node_modules_next_dist_1e8vcs8._.js:1052
[  612472ms] [ERROR] ./lib/games/registry.ts:6:26
Error: Module not found: Can't resolve '@/lib/games/bloque-buster'
  4 |   rocas: () => import("@/lib/games/asteroids"),
  5 |   tetris: () => import("@/lib/games/tetris"),
> 6 |   "bloque-buster": () => import("@/lib/games/bloque-buster"),
    |                          ^^^^^^^^^^^^^^^^^^^^^^^^^^^^^^^^^^^
  7 | };
  8 |

Import map: aliased to relative './lib/games/bloque-buster' inside of [project]/

Import traces:
  Client Component Browser:
    ./lib/games/registry.ts [Client Component Browser]
    ./app/components/game-player.tsx [Client Component Browser]
    ./app/components/game-player.tsx [Server Component]
    ./app/juegos/[id]/jugar/page.tsx [Server Component]

  Client Component SSR:
    ./lib/games/registry.ts [Client Component SSR]
    ./app/components/game-player.tsx [Client Component SSR]
    ./app/components/game-player.tsx [Server Component]
    ./app/juegos/[id]/jugar/page.tsx [Server Component]

https://nextjs.org/docs/messages/module-not-found @ http://localhost:3000/_next/static/chunks/node_modules_next_dist_1e8vcs8._.js:1052
[  612539ms] [ERROR] ./lib/games/registry.ts:6:26
Error: Module not found: Can't resolve '@/lib/games/bloque-buster'
  4 |   rocas: () => import("@/lib/games/asteroids"),
  5 |   tetris: () => import("@/lib/games/tetris"),
> 6 |   "bloque-buster": () => import("@/lib/games/bloque-buster"),
    |                          ^^^^^^^^^^^^^^^^^^^^^^^^^^^^^^^^^^^
  7 | };
  8 |

Import map: aliased to relative './lib/games/bloque-buster' inside of [project]/

Import traces:
  Client Component Browser:
    ./lib/games/registry.ts [Client Component Browser]
    ./app/components/game-player.tsx [Client Component Browser]
    ./app/components/game-player.tsx [Server Component]
    ./app/juegos/[id]/jugar/page.tsx [Server Component]

  Client Component SSR:
    ./lib/games/registry.ts [Client Component SSR]
    ./app/components/game-player.tsx [Client Component SSR]
    ./app/components/game-player.tsx [Server Component]
    ./app/juegos/[id]/jugar/page.tsx [Server Component]

https://nextjs.org/docs/messages/module-not-found @ http://localhost:3000/_next/static/chunks/node_modules_next_dist_1e8vcs8._.js:1052
[  612608ms] [ERROR] ./lib/games/registry.ts:6:26
Error: Module not found: Can't resolve '@/lib/games/bloque-buster'
  4 |   rocas: () => import("@/lib/games/asteroids"),
  5 |   tetris: () => import("@/lib/games/tetris"),
> 6 |   "bloque-buster": () => import("@/lib/games/bloque-buster"),
    |                          ^^^^^^^^^^^^^^^^^^^^^^^^^^^^^^^^^^^
  7 | };
  8 |

Import map: aliased to relative './lib/games/bloque-buster' inside of [project]/

Import traces:
  Client Component Browser:
    ./lib/games/registry.ts [Client Component Browser]
    ./app/components/game-player.tsx [Client Component Browser]
    ./app/components/game-player.tsx [Server Component]
    ./app/juegos/[id]/jugar/page.tsx [Server Component]

  Client Component SSR:
    ./lib/games/registry.ts [Client Component SSR]
    ./app/components/game-player.tsx [Client Component SSR]
    ./app/components/game-player.tsx [Server Component]
    ./app/juegos/[id]/jugar/page.tsx [Server Component]

https://nextjs.org/docs/messages/module-not-found @ http://localhost:3000/_next/static/chunks/node_modules_next_dist_1e8vcs8._.js:1052
[  612671ms] [ERROR] ./lib/games/registry.ts:6:26
Error: Module not found: Can't resolve '@/lib/games/bloque-buster'
  4 |   rocas: () => import("@/lib/games/asteroids"),
  5 |   tetris: () => import("@/lib/games/tetris"),
> 6 |   "bloque-buster": () => import("@/lib/games/bloque-buster"),
    |                          ^^^^^^^^^^^^^^^^^^^^^^^^^^^^^^^^^^^
  7 | };
  8 |

Import map: aliased to relative './lib/games/bloque-buster' inside of [project]/

Import traces:
  Client Component Browser:
    ./lib/games/registry.ts [Client Component Browser]
    ./app/components/game-player.tsx [Client Component Browser]
    ./app/components/game-player.tsx [Server Component]
    ./app/juegos/[id]/jugar/page.tsx [Server Component]

  Client Component SSR:
    ./lib/games/registry.ts [Client Component SSR]
    ./app/components/game-player.tsx [Client Component SSR]
    ./app/components/game-player.tsx [Server Component]
    ./app/juegos/[id]/jugar/page.tsx [Server Component]

https://nextjs.org/docs/messages/module-not-found @ http://localhost:3000/_next/static/chunks/node_modules_next_dist_1e8vcs8._.js:1052
[  612725ms] [ERROR] ./lib/games/registry.ts:6:26
Error: Module not found: Can't resolve '@/lib/games/bloque-buster'
  4 |   rocas: () => import("@/lib/games/asteroids"),
  5 |   tetris: () => import("@/lib/games/tetris"),
> 6 |   "bloque-buster": () => import("@/lib/games/bloque-buster"),
    |                          ^^^^^^^^^^^^^^^^^^^^^^^^^^^^^^^^^^^
  7 | };
  8 |

Import map: aliased to relative './lib/games/bloque-buster' inside of [project]/

Import traces:
  Client Component Browser:
    ./lib/games/registry.ts [Client Component Browser]
    ./app/components/game-player.tsx [Client Component Browser]
    ./app/components/game-player.tsx [Server Component]
    ./app/juegos/[id]/jugar/page.tsx [Server Component]

  Client Component SSR:
    ./lib/games/registry.ts [Client Component SSR]
    ./app/components/game-player.tsx [Client Component SSR]
    ./app/components/game-player.tsx [Server Component]
    ./app/juegos/[id]/jugar/page.tsx [Server Component]

https://nextjs.org/docs/messages/module-not-found @ http://localhost:3000/_next/static/chunks/node_modules_next_dist_1e8vcs8._.js:1052
[  612789ms] [ERROR] ./lib/games/registry.ts:6:26
Error: Module not found: Can't resolve '@/lib/games/bloque-buster'
  4 |   rocas: () => import("@/lib/games/asteroids"),
  5 |   tetris: () => import("@/lib/games/tetris"),
> 6 |   "bloque-buster": () => import("@/lib/games/bloque-buster"),
    |                          ^^^^^^^^^^^^^^^^^^^^^^^^^^^^^^^^^^^
  7 | };
  8 |

Import map: aliased to relative './lib/games/bloque-buster' inside of [project]/

Import traces:
  Client Component Browser:
    ./lib/games/registry.ts [Client Component Browser]
    ./app/components/game-player.tsx [Client Component Browser]
    ./app/components/game-player.tsx [Server Component]
    ./app/juegos/[id]/jugar/page.tsx [Server Component]

  Client Component SSR:
    ./lib/games/registry.ts [Client Component SSR]
    ./app/components/game-player.tsx [Client Component SSR]
    ./app/components/game-player.tsx [Server Component]
    ./app/juegos/[id]/jugar/page.tsx [Server Component]

https://nextjs.org/docs/messages/module-not-found @ http://localhost:3000/_next/static/chunks/node_modules_next_dist_1e8vcs8._.js:1052
[  612841ms] [ERROR] ./lib/games/registry.ts:6:26
Error: Module not found: Can't resolve '@/lib/games/bloque-buster'
  4 |   rocas: () => import("@/lib/games/asteroids"),
  5 |   tetris: () => import("@/lib/games/tetris"),
> 6 |   "bloque-buster": () => import("@/lib/games/bloque-buster"),
    |                          ^^^^^^^^^^^^^^^^^^^^^^^^^^^^^^^^^^^
  7 | };
  8 |

Import map: aliased to relative './lib/games/bloque-buster' inside of [project]/

Import traces:
  Client Component Browser:
    ./lib/games/registry.ts [Client Component Browser]
    ./app/components/game-player.tsx [Client Component Browser]
    ./app/components/game-player.tsx [Server Component]
    ./app/juegos/[id]/jugar/page.tsx [Server Component]

  Client Component SSR:
    ./lib/games/registry.ts [Client Component SSR]
    ./app/components/game-player.tsx [Client Component SSR]
    ./app/components/game-player.tsx [Server Component]
    ./app/juegos/[id]/jugar/page.tsx [Server Component]

https://nextjs.org/docs/messages/module-not-found @ http://localhost:3000/_next/static/chunks/node_modules_next_dist_1e8vcs8._.js:1052
[  612905ms] [ERROR] ./lib/games/registry.ts:6:26
Error: Module not found: Can't resolve '@/lib/games/bloque-buster'
  4 |   rocas: () => import("@/lib/games/asteroids"),
  5 |   tetris: () => import("@/lib/games/tetris"),
> 6 |   "bloque-buster": () => import("@/lib/games/bloque-buster"),
    |                          ^^^^^^^^^^^^^^^^^^^^^^^^^^^^^^^^^^^
  7 | };
  8 |

Import map: aliased to relative './lib/games/bloque-buster' inside of [project]/

Import traces:
  Client Component Browser:
    ./lib/games/registry.ts [Client Component Browser]
    ./app/components/game-player.tsx [Client Component Browser]
    ./app/components/game-player.tsx [Server Component]
    ./app/juegos/[id]/jugar/page.tsx [Server Component]

  Client Component SSR:
    ./lib/games/registry.ts [Client Component SSR]
    ./app/components/game-player.tsx [Client Component SSR]
    ./app/components/game-player.tsx [Server Component]
    ./app/juegos/[id]/jugar/page.tsx [Server Component]

https://nextjs.org/docs/messages/module-not-found @ http://localhost:3000/_next/static/chunks/node_modules_next_dist_1e8vcs8._.js:1052
[  612956ms] [ERROR] ./lib/games/registry.ts:6:26
Error: Module not found: Can't resolve '@/lib/games/bloque-buster'
  4 |   rocas: () => import("@/lib/games/asteroids"),
  5 |   tetris: () => import("@/lib/games/tetris"),
> 6 |   "bloque-buster": () => import("@/lib/games/bloque-buster"),
    |                          ^^^^^^^^^^^^^^^^^^^^^^^^^^^^^^^^^^^
  7 | };
  8 |

Import map: aliased to relative './lib/games/bloque-buster' inside of [project]/

Import traces:
  Client Component Browser:
    ./lib/games/registry.ts [Client Component Browser]
    ./app/components/game-player.tsx [Client Component Browser]
    ./app/components/game-player.tsx [Server Component]
    ./app/juegos/[id]/jugar/page.tsx [Server Component]

  Client Component SSR:
    ./lib/games/registry.ts [Client Component SSR]
    ./app/components/game-player.tsx [Client Component SSR]
    ./app/components/game-player.tsx [Server Component]
    ./app/juegos/[id]/jugar/page.tsx [Server Component]

https://nextjs.org/docs/messages/module-not-found @ http://localhost:3000/_next/static/chunks/node_modules_next_dist_1e8vcs8._.js:1052
[  613024ms] [ERROR] ./lib/games/registry.ts:6:26
Error: Module not found: Can't resolve '@/lib/games/bloque-buster'
  4 |   rocas: () => import("@/lib/games/asteroids"),
  5 |   tetris: () => import("@/lib/games/tetris"),
> 6 |   "bloque-buster": () => import("@/lib/games/bloque-buster"),
    |                          ^^^^^^^^^^^^^^^^^^^^^^^^^^^^^^^^^^^
  7 | };
  8 |

Import map: aliased to relative './lib/games/bloque-buster' inside of [project]/

Import traces:
  Client Component Browser:
    ./lib/games/registry.ts [Client Component Browser]
    ./app/components/game-player.tsx [Client Component Browser]
    ./app/components/game-player.tsx [Server Component]
    ./app/juegos/[id]/jugar/page.tsx [Server Component]

  Client Component SSR:
    ./lib/games/registry.ts [Client Component SSR]
    ./app/components/game-player.tsx [Client Component SSR]
    ./app/components/game-player.tsx [Server Component]
    ./app/juegos/[id]/jugar/page.tsx [Server Component]

https://nextjs.org/docs/messages/module-not-found @ http://localhost:3000/_next/static/chunks/node_modules_next_dist_1e8vcs8._.js:1052
[  613074ms] [ERROR] ./lib/games/registry.ts:6:26
Error: Module not found: Can't resolve '@/lib/games/bloque-buster'
  4 |   rocas: () => import("@/lib/games/asteroids"),
  5 |   tetris: () => import("@/lib/games/tetris"),
> 6 |   "bloque-buster": () => import("@/lib/games/bloque-buster"),
    |                          ^^^^^^^^^^^^^^^^^^^^^^^^^^^^^^^^^^^
  7 | };
  8 |

Import map: aliased to relative './lib/games/bloque-buster' inside of [project]/

Import traces:
  Client Component Browser:
    ./lib/games/registry.ts [Client Component Browser]
    ./app/components/game-player.tsx [Client Component Browser]
    ./app/components/game-player.tsx [Server Component]
    ./app/juegos/[id]/jugar/page.tsx [Server Component]

  Client Component SSR:
    ./lib/games/registry.ts [Client Component SSR]
    ./app/components/game-player.tsx [Client Component SSR]
    ./app/components/game-player.tsx [Server Component]
    ./app/juegos/[id]/jugar/page.tsx [Server Component]

https://nextjs.org/docs/messages/module-not-found @ http://localhost:3000/_next/static/chunks/node_modules_next_dist_1e8vcs8._.js:1052
[  613142ms] [ERROR] ./lib/games/registry.ts:6:26
Error: Module not found: Can't resolve '@/lib/games/bloque-buster'
  4 |   rocas: () => import("@/lib/games/asteroids"),
  5 |   tetris: () => import("@/lib/games/tetris"),
> 6 |   "bloque-buster": () => import("@/lib/games/bloque-buster"),
    |                          ^^^^^^^^^^^^^^^^^^^^^^^^^^^^^^^^^^^
  7 | };
  8 |

Import map: aliased to relative './lib/games/bloque-buster' inside of [project]/

Import traces:
  Client Component Browser:
    ./lib/games/registry.ts [Client Component Browser]
    ./app/components/game-player.tsx [Client Component Browser]
    ./app/components/game-player.tsx [Server Component]
    ./app/juegos/[id]/jugar/page.tsx [Server Component]

  Client Component SSR:
    ./lib/games/registry.ts [Client Component SSR]
    ./app/components/game-player.tsx [Client Component SSR]
    ./app/components/game-player.tsx [Server Component]
    ./app/juegos/[id]/jugar/page.tsx [Server Component]

https://nextjs.org/docs/messages/module-not-found @ http://localhost:3000/_next/static/chunks/node_modules_next_dist_1e8vcs8._.js:1052
[  613203ms] [ERROR] ./lib/games/registry.ts:6:26
Error: Module not found: Can't resolve '@/lib/games/bloque-buster'
  4 |   rocas: () => import("@/lib/games/asteroids"),
  5 |   tetris: () => import("@/lib/games/tetris"),
> 6 |   "bloque-buster": () => import("@/lib/games/bloque-buster"),
    |                          ^^^^^^^^^^^^^^^^^^^^^^^^^^^^^^^^^^^
  7 | };
  8 |

Import map: aliased to relative './lib/games/bloque-buster' inside of [project]/

Import traces:
  Client Component Browser:
    ./lib/games/registry.ts [Client Component Browser]
    ./app/components/game-player.tsx [Client Component Browser]
    ./app/components/game-player.tsx [Server Component]
    ./app/juegos/[id]/jugar/page.tsx [Server Component]

  Client Component SSR:
    ./lib/games/registry.ts [Client Component SSR]
    ./app/components/game-player.tsx [Client Component SSR]
    ./app/components/game-player.tsx [Server Component]
    ./app/juegos/[id]/jugar/page.tsx [Server Component]

https://nextjs.org/docs/messages/module-not-found @ http://localhost:3000/_next/static/chunks/node_modules_next_dist_1e8vcs8._.js:1052
[  613262ms] [ERROR] ./lib/games/registry.ts:6:26
Error: Module not found: Can't resolve '@/lib/games/bloque-buster'
  4 |   rocas: () => import("@/lib/games/asteroids"),
  5 |   tetris: () => import("@/lib/games/tetris"),
> 6 |   "bloque-buster": () => import("@/lib/games/bloque-buster"),
    |                          ^^^^^^^^^^^^^^^^^^^^^^^^^^^^^^^^^^^
  7 | };
  8 |

Import map: aliased to relative './lib/games/bloque-buster' inside of [project]/

Import traces:
  Client Component Browser:
    ./lib/games/registry.ts [Client Component Browser]
    ./app/components/game-player.tsx [Client Component Browser]
    ./app/components/game-player.tsx [Server Component]
    ./app/juegos/[id]/jugar/page.tsx [Server Component]

  Client Component SSR:
    ./lib/games/registry.ts [Client Component SSR]
    ./app/components/game-player.tsx [Client Component SSR]
    ./app/components/game-player.tsx [Server Component]
    ./app/juegos/[id]/jugar/page.tsx [Server Component]

https://nextjs.org/docs/messages/module-not-found @ http://localhost:3000/_next/static/chunks/node_modules_next_dist_1e8vcs8._.js:1052
[  613324ms] [ERROR] ./lib/games/registry.ts:6:26
Error: Module not found: Can't resolve '@/lib/games/bloque-buster'
  4 |   rocas: () => import("@/lib/games/asteroids"),
  5 |   tetris: () => import("@/lib/games/tetris"),
> 6 |   "bloque-buster": () => import("@/lib/games/bloque-buster"),
    |                          ^^^^^^^^^^^^^^^^^^^^^^^^^^^^^^^^^^^
  7 | };
  8 |

Import map: aliased to relative './lib/games/bloque-buster' inside of [project]/

Import traces:
  Client Component Browser:
    ./lib/games/registry.ts [Client Component Browser]
    ./app/components/game-player.tsx [Client Component Browser]
    ./app/components/game-player.tsx [Server Component]
    ./app/juegos/[id]/jugar/page.tsx [Server Component]

  Client Component SSR:
    ./lib/games/registry.ts [Client Component SSR]
    ./app/components/game-player.tsx [Client Component SSR]
    ./app/components/game-player.tsx [Server Component]
    ./app/juegos/[id]/jugar/page.tsx [Server Component]

https://nextjs.org/docs/messages/module-not-found @ http://localhost:3000/_next/static/chunks/node_modules_next_dist_1e8vcs8._.js:1052
[  613379ms] [ERROR] ./lib/games/registry.ts:6:26
Error: Module not found: Can't resolve '@/lib/games/bloque-buster'
  4 |   rocas: () => import("@/lib/games/asteroids"),
  5 |   tetris: () => import("@/lib/games/tetris"),
> 6 |   "bloque-buster": () => import("@/lib/games/bloque-buster"),
    |                          ^^^^^^^^^^^^^^^^^^^^^^^^^^^^^^^^^^^
  7 | };
  8 |

Import map: aliased to relative './lib/games/bloque-buster' inside of [project]/

Import traces:
  Client Component Browser:
    ./lib/games/registry.ts [Client Component Browser]
    ./app/components/game-player.tsx [Client Component Browser]
    ./app/components/game-player.tsx [Server Component]
    ./app/juegos/[id]/jugar/page.tsx [Server Component]

  Client Component SSR:
    ./lib/games/registry.ts [Client Component SSR]
    ./app/components/game-player.tsx [Client Component SSR]
    ./app/components/game-player.tsx [Server Component]
    ./app/juegos/[id]/jugar/page.tsx [Server Component]

https://nextjs.org/docs/messages/module-not-found @ http://localhost:3000/_next/static/chunks/node_modules_next_dist_1e8vcs8._.js:1052
[  613437ms] [ERROR] ./lib/games/registry.ts:6:26
Error: Module not found: Can't resolve '@/lib/games/bloque-buster'
  4 |   rocas: () => import("@/lib/games/asteroids"),
  5 |   tetris: () => import("@/lib/games/tetris"),
> 6 |   "bloque-buster": () => import("@/lib/games/bloque-buster"),
    |                          ^^^^^^^^^^^^^^^^^^^^^^^^^^^^^^^^^^^
  7 | };
  8 |

Import map: aliased to relative './lib/games/bloque-buster' inside of [project]/

Import traces:
  Client Component Browser:
    ./lib/games/registry.ts [Client Component Browser]
    ./app/components/game-player.tsx [Client Component Browser]
    ./app/components/game-player.tsx [Server Component]
    ./app/juegos/[id]/jugar/page.tsx [Server Component]

  Client Component SSR:
    ./lib/games/registry.ts [Client Component SSR]
    ./app/components/game-player.tsx [Client Component SSR]
    ./app/components/game-player.tsx [Server Component]
    ./app/juegos/[id]/jugar/page.tsx [Server Component]

https://nextjs.org/docs/messages/module-not-found @ http://localhost:3000/_next/static/chunks/node_modules_next_dist_1e8vcs8._.js:1052
[  613497ms] [ERROR] ./lib/games/registry.ts:6:26
Error: Module not found: Can't resolve '@/lib/games/bloque-buster'
  4 |   rocas: () => import("@/lib/games/asteroids"),
  5 |   tetris: () => import("@/lib/games/tetris"),
> 6 |   "bloque-buster": () => import("@/lib/games/bloque-buster"),
    |                          ^^^^^^^^^^^^^^^^^^^^^^^^^^^^^^^^^^^
  7 | };
  8 |

Import map: aliased to relative './lib/games/bloque-buster' inside of [project]/

Import traces:
  Client Component Browser:
    ./lib/games/registry.ts [Client Component Browser]
    ./app/components/game-player.tsx [Client Component Browser]
    ./app/components/game-player.tsx [Server Component]
    ./app/juegos/[id]/jugar/page.tsx [Server Component]

  Client Component SSR:
    ./lib/games/registry.ts [Client Component SSR]
    ./app/components/game-player.tsx [Client Component SSR]
    ./app/components/game-player.tsx [Server Component]
    ./app/juegos/[id]/jugar/page.tsx [Server Component]

https://nextjs.org/docs/messages/module-not-found @ http://localhost:3000/_next/static/chunks/node_modules_next_dist_1e8vcs8._.js:1052
[  613555ms] [ERROR] ./lib/games/registry.ts:6:26
Error: Module not found: Can't resolve '@/lib/games/bloque-buster'
  4 |   rocas: () => import("@/lib/games/asteroids"),
  5 |   tetris: () => import("@/lib/games/tetris"),
> 6 |   "bloque-buster": () => import("@/lib/games/bloque-buster"),
    |                          ^^^^^^^^^^^^^^^^^^^^^^^^^^^^^^^^^^^
  7 | };
  8 |

Import map: aliased to relative './lib/games/bloque-buster' inside of [project]/

Import traces:
  Client Component Browser:
    ./lib/games/registry.ts [Client Component Browser]
    ./app/components/game-player.tsx [Client Component Browser]
    ./app/components/game-player.tsx [Server Component]
    ./app/juegos/[id]/jugar/page.tsx [Server Component]

  Client Component SSR:
    ./lib/games/registry.ts [Client Component SSR]
    ./app/components/game-player.tsx [Client Component SSR]
    ./app/components/game-player.tsx [Server Component]
    ./app/juegos/[id]/jugar/page.tsx [Server Component]

https://nextjs.org/docs/messages/module-not-found @ http://localhost:3000/_next/static/chunks/node_modules_next_dist_1e8vcs8._.js:1052
[  613607ms] [ERROR] ./lib/games/registry.ts:6:26
Error: Module not found: Can't resolve '@/lib/games/bloque-buster'
  4 |   rocas: () => import("@/lib/games/asteroids"),
  5 |   tetris: () => import("@/lib/games/tetris"),
> 6 |   "bloque-buster": () => import("@/lib/games/bloque-buster"),
    |                          ^^^^^^^^^^^^^^^^^^^^^^^^^^^^^^^^^^^
  7 | };
  8 |

Import map: aliased to relative './lib/games/bloque-buster' inside of [project]/

Import traces:
  Client Component Browser:
    ./lib/games/registry.ts [Client Component Browser]
    ./app/components/game-player.tsx [Client Component Browser]
    ./app/components/game-player.tsx [Server Component]
    ./app/juegos/[id]/jugar/page.tsx [Server Component]

  Client Component SSR:
    ./lib/games/registry.ts [Client Component SSR]
    ./app/components/game-player.tsx [Client Component SSR]
    ./app/components/game-player.tsx [Server Component]
    ./app/juegos/[id]/jugar/page.tsx [Server Component]

https://nextjs.org/docs/messages/module-not-found @ http://localhost:3000/_next/static/chunks/node_modules_next_dist_1e8vcs8._.js:1052
[  613674ms] [ERROR] ./lib/games/registry.ts:6:26
Error: Module not found: Can't resolve '@/lib/games/bloque-buster'
  4 |   rocas: () => import("@/lib/games/asteroids"),
  5 |   tetris: () => import("@/lib/games/tetris"),
> 6 |   "bloque-buster": () => import("@/lib/games/bloque-buster"),
    |                          ^^^^^^^^^^^^^^^^^^^^^^^^^^^^^^^^^^^
  7 | };
  8 |

Import map: aliased to relative './lib/games/bloque-buster' inside of [project]/

Import traces:
  Client Component Browser:
    ./lib/games/registry.ts [Client Component Browser]
    ./app/components/game-player.tsx [Client Component Browser]
    ./app/components/game-player.tsx [Server Component]
    ./app/juegos/[id]/jugar/page.tsx [Server Component]

  Client Component SSR:
    ./lib/games/registry.ts [Client Component SSR]
    ./app/components/game-player.tsx [Client Component SSR]
    ./app/components/game-player.tsx [Server Component]
    ./app/juegos/[id]/jugar/page.tsx [Server Component]

https://nextjs.org/docs/messages/module-not-found @ http://localhost:3000/_next/static/chunks/node_modules_next_dist_1e8vcs8._.js:1052
[  613741ms] [ERROR] ./lib/games/registry.ts:6:26
Error: Module not found: Can't resolve '@/lib/games/bloque-buster'
  4 |   rocas: () => import("@/lib/games/asteroids"),
  5 |   tetris: () => import("@/lib/games/tetris"),
> 6 |   "bloque-buster": () => import("@/lib/games/bloque-buster"),
    |                          ^^^^^^^^^^^^^^^^^^^^^^^^^^^^^^^^^^^
  7 | };
  8 |

Import map: aliased to relative './lib/games/bloque-buster' inside of [project]/

Import traces:
  Client Component Browser:
    ./lib/games/registry.ts [Client Component Browser]
    ./app/components/game-player.tsx [Client Component Browser]
    ./app/components/game-player.tsx [Server Component]
    ./app/juegos/[id]/jugar/page.tsx [Server Component]

  Client Component SSR:
    ./lib/games/registry.ts [Client Component SSR]
    ./app/components/game-player.tsx [Client Component SSR]
    ./app/components/game-player.tsx [Server Component]
    ./app/juegos/[id]/jugar/page.tsx [Server Component]

https://nextjs.org/docs/messages/module-not-found @ http://localhost:3000/_next/static/chunks/node_modules_next_dist_1e8vcs8._.js:1052
[  613808ms] [ERROR] ./lib/games/registry.ts:6:26
Error: Module not found: Can't resolve '@/lib/games/bloque-buster'
  4 |   rocas: () => import("@/lib/games/asteroids"),
  5 |   tetris: () => import("@/lib/games/tetris"),
> 6 |   "bloque-buster": () => import("@/lib/games/bloque-buster"),
    |                          ^^^^^^^^^^^^^^^^^^^^^^^^^^^^^^^^^^^
  7 | };
  8 |

Import map: aliased to relative './lib/games/bloque-buster' inside of [project]/

Import traces:
  Client Component Browser:
    ./lib/games/registry.ts [Client Component Browser]
    ./app/components/game-player.tsx [Client Component Browser]
    ./app/components/game-player.tsx [Server Component]
    ./app/juegos/[id]/jugar/page.tsx [Server Component]

  Client Component SSR:
    ./lib/games/registry.ts [Client Component SSR]
    ./app/components/game-player.tsx [Client Component SSR]
    ./app/components/game-player.tsx [Server Component]
    ./app/juegos/[id]/jugar/page.tsx [Server Component]

https://nextjs.org/docs/messages/module-not-found @ http://localhost:3000/_next/static/chunks/node_modules_next_dist_1e8vcs8._.js:1052
[  613862ms] [ERROR] ./lib/games/registry.ts:6:26
Error: Module not found: Can't resolve '@/lib/games/bloque-buster'
  4 |   rocas: () => import("@/lib/games/asteroids"),
  5 |   tetris: () => import("@/lib/games/tetris"),
> 6 |   "bloque-buster": () => import("@/lib/games/bloque-buster"),
    |                          ^^^^^^^^^^^^^^^^^^^^^^^^^^^^^^^^^^^
  7 | };
  8 |

Import map: aliased to relative './lib/games/bloque-buster' inside of [project]/

Import traces:
  Client Component Browser:
    ./lib/games/registry.ts [Client Component Browser]
    ./app/components/game-player.tsx [Client Component Browser]
    ./app/components/game-player.tsx [Server Component]
    ./app/juegos/[id]/jugar/page.tsx [Server Component]

  Client Component SSR:
    ./lib/games/registry.ts [Client Component SSR]
    ./app/components/game-player.tsx [Client Component SSR]
    ./app/components/game-player.tsx [Server Component]
    ./app/juegos/[id]/jugar/page.tsx [Server Component]

https://nextjs.org/docs/messages/module-not-found @ http://localhost:3000/_next/static/chunks/node_modules_next_dist_1e8vcs8._.js:1052
[  613915ms] [ERROR] ./lib/games/registry.ts:6:26
Error: Module not found: Can't resolve '@/lib/games/bloque-buster'
  4 |   rocas: () => import("@/lib/games/asteroids"),
  5 |   tetris: () => import("@/lib/games/tetris"),
> 6 |   "bloque-buster": () => import("@/lib/games/bloque-buster"),
    |                          ^^^^^^^^^^^^^^^^^^^^^^^^^^^^^^^^^^^
  7 | };
  8 |

Import map: aliased to relative './lib/games/bloque-buster' inside of [project]/

Import traces:
  Client Component Browser:
    ./lib/games/registry.ts [Client Component Browser]
    ./app/components/game-player.tsx [Client Component Browser]
    ./app/components/game-player.tsx [Server Component]
    ./app/juegos/[id]/jugar/page.tsx [Server Component]

  Client Component SSR:
    ./lib/games/registry.ts [Client Component SSR]
    ./app/components/game-player.tsx [Client Component SSR]
    ./app/components/game-player.tsx [Server Component]
    ./app/juegos/[id]/jugar/page.tsx [Server Component]

https://nextjs.org/docs/messages/module-not-found @ http://localhost:3000/_next/static/chunks/node_modules_next_dist_1e8vcs8._.js:1052
[  614147ms] [LOG] [Fast Refresh] rebuilding @ http://localhost:3000/_next/static/chunks/node_modules_next_dist_1e8vcs8._.js:776
[  614595ms] [LOG] [Fast Refresh] done in 507ms @ http://localhost:3000/_next/static/chunks/node_modules_next_dist_1e8vcs8._.js:776
[  627410ms] [LOG] [Fast Refresh] rebuilding @ http://localhost:3000/_next/static/chunks/node_modules_next_dist_1e8vcs8._.js:776
[  627514ms] [LOG] [Fast Refresh] done in 206ms @ http://localhost:3000/_next/static/chunks/node_modules_next_dist_1e8vcs8._.js:776
[  649008ms] [LOG] [Fast Refresh] rebuilding @ http://localhost:3000/_next/static/chunks/node_modules_next_dist_1e8vcs8._.js:776
[  649012ms] [LOG] [Fast Refresh] done in 116ms @ http://localhost:3000/_next/static/chunks/node_modules_next_dist_1e8vcs8._.js:776
[  664904ms] [LOG] [Fast Refresh] rebuilding @ http://localhost:3000/_next/static/chunks/node_modules_next_dist_1e8vcs8._.js:776
[  664976ms] [LOG] [Fast Refresh] done in 179ms @ http://localhost:3000/_next/static/chunks/node_modules_next_dist_1e8vcs8._.js:776
[  675287ms] [LOG] [Fast Refresh] rebuilding @ http://localhost:3000/_next/static/chunks/node_modules_next_dist_1e8vcs8._.js:776
[  675288ms] [LOG] [Fast Refresh] done in 108ms @ http://localhost:3000/_next/static/chunks/node_modules_next_dist_1e8vcs8._.js:776
