[     612ms] [INFO] %cDownload the React DevTools for a better development experience: https://react.dev/link/react-devtools font-weight:bold @ http://localhost:3000/_next/static/chunks/node_modules_next_dist_1e8vcs8._.js:776
[     644ms] [LOG] [HMR] connected @ http://localhost:3000/_next/static/chunks/node_modules_next_dist_1e8vcs8._.js:776
[  350124ms] [LOG] [Fast Refresh] rebuilding @ http://localhost:3000/_next/static/chunks/node_modules_next_dist_1e8vcs8._.js:776
[  350723ms] [LOG] [Fast Refresh] done in 636ms @ http://localhost:3000/_next/static/chunks/node_modules_next_dist_1e8vcs8._.js:776
[  350872ms] [LOG] [Fast Refresh] done in 636ms @ http://localhost:3000/_next/static/chunks/node_modules_next_dist_1e8vcs8._.js:776
[  350873ms] [LOG] [Fast Refresh] done in 636ms @ http://localhost:3000/_next/static/chunks/node_modules_next_dist_1e8vcs8._.js:776
[  350932ms] [LOG] [Fast Refresh] done in 636ms @ http://localhost:3000/_next/static/chunks/node_modules_next_dist_1e8vcs8._.js:776
[  350987ms] [LOG] [Fast Refresh] done in 636ms @ http://localhost:3000/_next/static/chunks/node_modules_next_dist_1e8vcs8._.js:776
[  351039ms] [LOG] [Fast Refresh] done in 636ms @ http://localhost:3000/_next/static/chunks/node_modules_next_dist_1e8vcs8._.js:776
[  351103ms] [LOG] [Fast Refresh] done in 636ms @ http://localhost:3000/_next/static/chunks/node_modules_next_dist_1e8vcs8._.js:776
[  351153ms] [LOG] [Fast Refresh] done in 636ms @ http://localhost:3000/_next/static/chunks/node_modules_next_dist_1e8vcs8._.js:776
[  351204ms] [LOG] [Fast Refresh] done in 636ms @ http://localhost:3000/_next/static/chunks/node_modules_next_dist_1e8vcs8._.js:776
[  351267ms] [LOG] [Fast Refresh] done in 636ms @ http://localhost:3000/_next/static/chunks/node_modules_next_dist_1e8vcs8._.js:776
[  351317ms] [LOG] [Fast Refresh] done in 636ms @ http://localhost:3000/_next/static/chunks/node_modules_next_dist_1e8vcs8._.js:776
[  351382ms] [LOG] [Fast Refresh] done in 636ms @ http://localhost:3000/_next/static/chunks/node_modules_next_dist_1e8vcs8._.js:776
[  351439ms] [LOG] [Fast Refresh] done in 636ms @ http://localhost:3000/_next/static/chunks/node_modules_next_dist_1e8vcs8._.js:776
[  351492ms] [LOG] [Fast Refresh] done in 636ms @ http://localhost:3000/_next/static/chunks/node_modules_next_dist_1e8vcs8._.js:776
[  351534ms] [LOG] [Fast Refresh] done in 636ms @ http://localhost:3000/_next/static/chunks/node_modules_next_dist_1e8vcs8._.js:776
[  351601ms] [LOG] [Fast Refresh] done in 636ms @ http://localhost:3000/_next/static/chunks/node_modules_next_dist_1e8vcs8._.js:776
[  351663ms] [LOG] [Fast Refresh] done in 636ms @ http://localhost:3000/_next/static/chunks/node_modules_next_dist_1e8vcs8._.js:776
[  351751ms] [LOG] [Fast Refresh] done in 636ms @ http://localhost:3000/_next/static/chunks/node_modules_next_dist_1e8vcs8._.js:776
[  351816ms] [LOG] [Fast Refresh] done in 636ms @ http://localhost:3000/_next/static/chunks/node_modules_next_dist_1e8vcs8._.js:776
[  351867ms] [LOG] [Fast Refresh] done in 636ms @ http://localhost:3000/_next/static/chunks/node_modules_next_dist_1e8vcs8._.js:776
[  351918ms] [LOG] [Fast Refresh] done in 636ms @ http://localhost:3000/_next/static/chunks/node_modules_next_dist_1e8vcs8._.js:776
[  351967ms] [LOG] [Fast Refresh] done in 636ms @ http://localhost:3000/_next/static/chunks/node_modules_next_dist_1e8vcs8._.js:776
[  352021ms] [LOG] [Fast Refresh] done in 636ms @ http://localhost:3000/_next/static/chunks/node_modules_next_dist_1e8vcs8._.js:776
[  352083ms] [LOG] [Fast Refresh] done in 636ms @ http://localhost:3000/_next/static/chunks/node_modules_next_dist_1e8vcs8._.js:776
[  352135ms] [LOG] [Fast Refresh] done in 636ms @ http://localhost:3000/_next/static/chunks/node_modules_next_dist_1e8vcs8._.js:776
[  352186ms] [LOG] [Fast Refresh] done in 636ms @ http://localhost:3000/_next/static/chunks/node_modules_next_dist_1e8vcs8._.js:776
[  352236ms] [LOG] [Fast Refresh] done in 636ms @ http://localhost:3000/_next/static/chunks/node_modules_next_dist_1e8vcs8._.js:776
[  352299ms] [LOG] [Fast Refresh] done in 636ms @ http://localhost:3000/_next/static/chunks/node_modules_next_dist_1e8vcs8._.js:776
[  352351ms] [LOG] [Fast Refresh] done in 636ms @ http://localhost:3000/_next/static/chunks/node_modules_next_dist_1e8vcs8._.js:776
[  352401ms] [LOG] [Fast Refresh] done in 636ms @ http://localhost:3000/_next/static/chunks/node_modules_next_dist_1e8vcs8._.js:776
[  352463ms] [LOG] [Fast Refresh] done in 636ms @ http://localhost:3000/_next/static/chunks/node_modules_next_dist_1e8vcs8._.js:776
[  352516ms] [LOG] [Fast Refresh] done in 636ms @ http://localhost:3000/_next/static/chunks/node_modules_next_dist_1e8vcs8._.js:776
[  352569ms] [LOG] [Fast Refresh] done in 636ms @ http://localhost:3000/_next/static/chunks/node_modules_next_dist_1e8vcs8._.js:776
[  352628ms] [LOG] [Fast Refresh] done in 636ms @ http://localhost:3000/_next/static/chunks/node_modules_next_dist_1e8vcs8._.js:776
[  352685ms] [LOG] [Fast Refresh] done in 636ms @ http://localhost:3000/_next/static/chunks/node_modules_next_dist_1e8vcs8._.js:776
[  352746ms] [LOG] [Fast Refresh] done in 636ms @ http://localhost:3000/_next/static/chunks/node_modules_next_dist_1e8vcs8._.js:776
[  352799ms] [LOG] [Fast Refresh] done in 636ms @ http://localhost:3000/_next/static/chunks/node_modules_next_dist_1e8vcs8._.js:776
[  352851ms] [LOG] [Fast Refresh] done in 636ms @ http://localhost:3000/_next/static/chunks/node_modules_next_dist_1e8vcs8._.js:776
[  352901ms] [LOG] [Fast Refresh] done in 636ms @ http://localhost:3000/_next/static/chunks/node_modules_next_dist_1e8vcs8._.js:776
[  352967ms] [LOG] [Fast Refresh] done in 636ms @ http://localhost:3000/_next/static/chunks/node_modules_next_dist_1e8vcs8._.js:776
[  353019ms] [LOG] [Fast Refresh] done in 636ms @ http://localhost:3000/_next/static/chunks/node_modules_next_dist_1e8vcs8._.js:776
[  353082ms] [LOG] [Fast Refresh] done in 636ms @ http://localhost:3000/_next/static/chunks/node_modules_next_dist_1e8vcs8._.js:776
[  353135ms] [LOG] [Fast Refresh] done in 636ms @ http://localhost:3000/_next/static/chunks/node_modules_next_dist_1e8vcs8._.js:776
[  353200ms] [LOG] [Fast Refresh] done in 636ms @ http://localhost:3000/_next/static/chunks/node_modules_next_dist_1e8vcs8._.js:776
[  353252ms] [LOG] [Fast Refresh] done in 636ms @ http://localhost:3000/_next/static/chunks/node_modules_next_dist_1e8vcs8._.js:776
[  353313ms] [LOG] [Fast Refresh] done in 636ms @ http://localhost:3000/_next/static/chunks/node_modules_next_dist_1e8vcs8._.js:776
[  353365ms] [LOG] [Fast Refresh] done in 636ms @ http://localhost:3000/_next/static/chunks/node_modules_next_dist_1e8vcs8._.js:776
[  353418ms] [LOG] [Fast Refresh] done in 636ms @ http://localhost:3000/_next/static/chunks/node_modules_next_dist_1e8vcs8._.js:776
[  353469ms] [LOG] [Fast Refresh] done in 636ms @ http://localhost:3000/_next/static/chunks/node_modules_next_dist_1e8vcs8._.js:776
[  353533ms] [LOG] [Fast Refresh] done in 636ms @ http://localhost:3000/_next/static/chunks/node_modules_next_dist_1e8vcs8._.js:776
[  353585ms] [LOG] [Fast Refresh] done in 636ms @ http://localhost:3000/_next/static/chunks/node_modules_next_dist_1e8vcs8._.js:776
[  353634ms] [LOG] [Fast Refresh] done in 636ms @ http://localhost:3000/_next/static/chunks/node_modules_next_dist_1e8vcs8._.js:776
[  353697ms] [LOG] [Fast Refresh] done in 636ms @ http://localhost:3000/_next/static/chunks/node_modules_next_dist_1e8vcs8._.js:776
[  353750ms] [LOG] [Fast Refresh] done in 636ms @ http://localhost:3000/_next/static/chunks/node_modules_next_dist_1e8vcs8._.js:776
[  353802ms] [LOG] [Fast Refresh] done in 636ms @ http://localhost:3000/_next/static/chunks/node_modules_next_dist_1e8vcs8._.js:776
[  353862ms] [LOG] [Fast Refresh] done in 636ms @ http://localhost:3000/_next/static/chunks/node_modules_next_dist_1e8vcs8._.js:776
[  353903ms] [LOG] [Fast Refresh] done in 636ms @ http://localhost:3000/_next/static/chunks/node_modules_next_dist_1e8vcs8._.js:776
[  353965ms] [LOG] [Fast Refresh] done in 636ms @ http://localhost:3000/_next/static/chunks/node_modules_next_dist_1e8vcs8._.js:776
[  354019ms] [LOG] [Fast Refresh] done in 636ms @ http://localhost:3000/_next/static/chunks/node_modules_next_dist_1e8vcs8._.js:776
[  354083ms] [LOG] [Fast Refresh] done in 636ms @ http://localhost:3000/_next/static/chunks/node_modules_next_dist_1e8vcs8._.js:776
[  354134ms] [LOG] [Fast Refresh] done in 636ms @ http://localhost:3000/_next/static/chunks/node_modules_next_dist_1e8vcs8._.js:776
[  354184ms] [LOG] [Fast Refresh] done in 636ms @ http://localhost:3000/_next/static/chunks/node_modules_next_dist_1e8vcs8._.js:776
[  354270ms] [LOG] [Fast Refresh] done in 636ms @ http://localhost:3000/_next/static/chunks/node_modules_next_dist_1e8vcs8._.js:776
[  354318ms] [LOG] [Fast Refresh] done in 636ms @ http://localhost:3000/_next/static/chunks/node_modules_next_dist_1e8vcs8._.js:776
[  354368ms] [LOG] [Fast Refresh] done in 636ms @ http://localhost:3000/_next/static/chunks/node_modules_next_dist_1e8vcs8._.js:776
[  354419ms] [LOG] [Fast Refresh] done in 636ms @ http://localhost:3000/_next/static/chunks/node_modules_next_dist_1e8vcs8._.js:776
[  354472ms] [LOG] [Fast Refresh] done in 636ms @ http://localhost:3000/_next/static/chunks/node_modules_next_dist_1e8vcs8._.js:776
[  354533ms] [LOG] [Fast Refresh] done in 636ms @ http://localhost:3000/_next/static/chunks/node_modules_next_dist_1e8vcs8._.js:776
[  354583ms] [LOG] [Fast Refresh] done in 636ms @ http://localhost:3000/_next/static/chunks/node_modules_next_dist_1e8vcs8._.js:776
[  354634ms] [LOG] [Fast Refresh] done in 636ms @ http://localhost:3000/_next/static/chunks/node_modules_next_dist_1e8vcs8._.js:776
[  354696ms] [LOG] [Fast Refresh] done in 636ms @ http://localhost:3000/_next/static/chunks/node_modules_next_dist_1e8vcs8._.js:776
[  354751ms] [LOG] [Fast Refresh] done in 636ms @ http://localhost:3000/_next/static/chunks/node_modules_next_dist_1e8vcs8._.js:776
[  354812ms] [LOG] [Fast Refresh] done in 636ms @ http://localhost:3000/_next/static/chunks/node_modules_next_dist_1e8vcs8._.js:776
[  354851ms] [LOG] [Fast Refresh] done in 636ms @ http://localhost:3000/_next/static/chunks/node_modules_next_dist_1e8vcs8._.js:776
[  354901ms] [LOG] [Fast Refresh] done in 636ms @ http://localhost:3000/_next/static/chunks/node_modules_next_dist_1e8vcs8._.js:776
[  354951ms] [LOG] [Fast Refresh] done in 636ms @ http://localhost:3000/_next/static/chunks/node_modules_next_dist_1e8vcs8._.js:776
[  355001ms] [LOG] [Fast Refresh] done in 636ms @ http://localhost:3000/_next/static/chunks/node_modules_next_dist_1e8vcs8._.js:776
[  355051ms] [LOG] [Fast Refresh] done in 636ms @ http://localhost:3000/_next/static/chunks/node_modules_next_dist_1e8vcs8._.js:776
[  355102ms] [LOG] [Fast Refresh] done in 636ms @ http://localhost:3000/_next/static/chunks/node_modules_next_dist_1e8vcs8._.js:776
[  355150ms] [LOG] [Fast Refresh] done in 636ms @ http://localhost:3000/_next/static/chunks/node_modules_next_dist_1e8vcs8._.js:776
[  355200ms] [LOG] [Fast Refresh] done in 636ms @ http://localhost:3000/_next/static/chunks/node_modules_next_dist_1e8vcs8._.js:776
[  355250ms] [LOG] [Fast Refresh] done in 636ms @ http://localhost:3000/_next/static/chunks/node_modules_next_dist_1e8vcs8._.js:776
[  355315ms] [LOG] [Fast Refresh] done in 636ms @ http://localhost:3000/_next/static/chunks/node_modules_next_dist_1e8vcs8._.js:776
[  355367ms] [LOG] [Fast Refresh] done in 636ms @ http://localhost:3000/_next/static/chunks/node_modules_next_dist_1e8vcs8._.js:776
[  355429ms] [LOG] [Fast Refresh] done in 636ms @ http://localhost:3000/_next/static/chunks/node_modules_next_dist_1e8vcs8._.js:776
[  355482ms] [LOG] [Fast Refresh] done in 636ms @ http://localhost:3000/_next/static/chunks/node_modules_next_dist_1e8vcs8._.js:776
[  355548ms] [LOG] [Fast Refresh] done in 636ms @ http://localhost:3000/_next/static/chunks/node_modules_next_dist_1e8vcs8._.js:776
[  355602ms] [LOG] [Fast Refresh] done in 636ms @ http://localhost:3000/_next/static/chunks/node_modules_next_dist_1e8vcs8._.js:776
[  355664ms] [LOG] [Fast Refresh] done in 636ms @ http://localhost:3000/_next/static/chunks/node_modules_next_dist_1e8vcs8._.js:776
[  355717ms] [LOG] [Fast Refresh] done in 636ms @ http://localhost:3000/_next/static/chunks/node_modules_next_dist_1e8vcs8._.js:776
[  355771ms] [LOG] [Fast Refresh] done in 636ms @ http://localhost:3000/_next/static/chunks/node_modules_next_dist_1e8vcs8._.js:776
[  355817ms] [LOG] [Fast Refresh] done in 636ms @ http://localhost:3000/_next/static/chunks/node_modules_next_dist_1e8vcs8._.js:776
[  355878ms] [LOG] [Fast Refresh] done in 636ms @ http://localhost:3000/_next/static/chunks/node_modules_next_dist_1e8vcs8._.js:776
[  355927ms] [LOG] [Fast Refresh] done in 636ms @ http://localhost:3000/_next/static/chunks/node_modules_next_dist_1e8vcs8._.js:776
[  355981ms] [LOG] [Fast Refresh] done in 636ms @ http://localhost:3000/_next/static/chunks/node_modules_next_dist_1e8vcs8._.js:776
[  356035ms] [LOG] [Fast Refresh] done in 636ms @ http://localhost:3000/_next/static/chunks/node_modules_next_dist_1e8vcs8._.js:776
[  356099ms] [LOG] [Fast Refresh] done in 636ms @ http://localhost:3000/_next/static/chunks/node_modules_next_dist_1e8vcs8._.js:776
[  356163ms] [LOG] [Fast Refresh] done in 636ms @ http://localhost:3000/_next/static/chunks/node_modules_next_dist_1e8vcs8._.js:776
[  356215ms] [LOG] [Fast Refresh] done in 636ms @ http://localhost:3000/_next/static/chunks/node_modules_next_dist_1e8vcs8._.js:776
[  356268ms] [LOG] [Fast Refresh] done in 636ms @ http://localhost:3000/_next/static/chunks/node_modules_next_dist_1e8vcs8._.js:776
[  356332ms] [LOG] [Fast Refresh] done in 636ms @ http://localhost:3000/_next/static/chunks/node_modules_next_dist_1e8vcs8._.js:776
[  356400ms] [LOG] [Fast Refresh] done in 636ms @ http://localhost:3000/_next/static/chunks/node_modules_next_dist_1e8vcs8._.js:776
[  356462ms] [LOG] [Fast Refresh] done in 636ms @ http://localhost:3000/_next/static/chunks/node_modules_next_dist_1e8vcs8._.js:776
[  356517ms] [LOG] [Fast Refresh] done in 636ms @ http://localhost:3000/_next/static/chunks/node_modules_next_dist_1e8vcs8._.js:776
[  356578ms] [LOG] [Fast Refresh] done in 636ms @ http://localhost:3000/_next/static/chunks/node_modules_next_dist_1e8vcs8._.js:776
[  356634ms] [LOG] [Fast Refresh] done in 636ms @ http://localhost:3000/_next/static/chunks/node_modules_next_dist_1e8vcs8._.js:776
[  356698ms] [LOG] [Fast Refresh] done in 636ms @ http://localhost:3000/_next/static/chunks/node_modules_next_dist_1e8vcs8._.js:776
[  356764ms] [LOG] [Fast Refresh] done in 636ms @ http://localhost:3000/_next/static/chunks/node_modules_next_dist_1e8vcs8._.js:776
[  356820ms] [LOG] [Fast Refresh] done in 636ms @ http://localhost:3000/_next/static/chunks/node_modules_next_dist_1e8vcs8._.js:776
[  356872ms] [LOG] [Fast Refresh] done in 636ms @ http://localhost:3000/_next/static/chunks/node_modules_next_dist_1e8vcs8._.js:776
[  356914ms] [LOG] [Fast Refresh] done in 636ms @ http://localhost:3000/_next/static/chunks/node_modules_next_dist_1e8vcs8._.js:776
[  356968ms] [LOG] [Fast Refresh] done in 636ms @ http://localhost:3000/_next/static/chunks/node_modules_next_dist_1e8vcs8._.js:776
[  357022ms] [LOG] [Fast Refresh] done in 636ms @ http://localhost:3000/_next/static/chunks/node_modules_next_dist_1e8vcs8._.js:776
[  357079ms] [LOG] [Fast Refresh] done in 636ms @ http://localhost:3000/_next/static/chunks/node_modules_next_dist_1e8vcs8._.js:776
[  357141ms] [LOG] [Fast Refresh] done in 636ms @ http://localhost:3000/_next/static/chunks/node_modules_next_dist_1e8vcs8._.js:776
[  357184ms] [LOG] [Fast Refresh] done in 636ms @ http://localhost:3000/_next/static/chunks/node_modules_next_dist_1e8vcs8._.js:776
[  357249ms] [LOG] [Fast Refresh] done in 636ms @ http://localhost:3000/_next/static/chunks/node_modules_next_dist_1e8vcs8._.js:776
[  357298ms] [LOG] [Fast Refresh] done in 636ms @ http://localhost:3000/_next/static/chunks/node_modules_next_dist_1e8vcs8._.js:776
[  357348ms] [LOG] [Fast Refresh] done in 636ms @ http://localhost:3000/_next/static/chunks/node_modules_next_dist_1e8vcs8._.js:776
[  357416ms] [LOG] [Fast Refresh] done in 636ms @ http://localhost:3000/_next/static/chunks/node_modules_next_dist_1e8vcs8._.js:776
[  357465ms] [LOG] [Fast Refresh] done in 636ms @ http://localhost:3000/_next/static/chunks/node_modules_next_dist_1e8vcs8._.js:776
[  357514ms] [LOG] [Fast Refresh] done in 636ms @ http://localhost:3000/_next/static/chunks/node_modules_next_dist_1e8vcs8._.js:776
[  357579ms] [LOG] [Fast Refresh] done in 636ms @ http://localhost:3000/_next/static/chunks/node_modules_next_dist_1e8vcs8._.js:776
[  357628ms] [LOG] [Fast Refresh] done in 636ms @ http://localhost:3000/_next/static/chunks/node_modules_next_dist_1e8vcs8._.js:776
[  357683ms] [LOG] [Fast Refresh] done in 636ms @ http://localhost:3000/_next/static/chunks/node_modules_next_dist_1e8vcs8._.js:776
[  357749ms] [LOG] [Fast Refresh] done in 636ms @ http://localhost:3000/_next/static/chunks/node_modules_next_dist_1e8vcs8._.js:776
[  357800ms] [LOG] [Fast Refresh] done in 636ms @ http://localhost:3000/_next/static/chunks/node_modules_next_dist_1e8vcs8._.js:776
[  357863ms] [LOG] [Fast Refresh] done in 636ms @ http://localhost:3000/_next/static/chunks/node_modules_next_dist_1e8vcs8._.js:776
[  357928ms] [LOG] [Fast Refresh] done in 636ms @ http://localhost:3000/_next/static/chunks/node_modules_next_dist_1e8vcs8._.js:776
[  357997ms] [LOG] [Fast Refresh] done in 636ms @ http://localhost:3000/_next/static/chunks/node_modules_next_dist_1e8vcs8._.js:776
[  358062ms] [LOG] [Fast Refresh] done in 636ms @ http://localhost:3000/_next/static/chunks/node_modules_next_dist_1e8vcs8._.js:776
[  358116ms] [LOG] [Fast Refresh] done in 636ms @ http://localhost:3000/_next/static/chunks/node_modules_next_dist_1e8vcs8._.js:776
[  358181ms] [LOG] [Fast Refresh] done in 636ms @ http://localhost:3000/_next/static/chunks/node_modules_next_dist_1e8vcs8._.js:776
[  358248ms] [LOG] [Fast Refresh] done in 636ms @ http://localhost:3000/_next/static/chunks/node_modules_next_dist_1e8vcs8._.js:776
[  358301ms] [LOG] [Fast Refresh] done in 636ms @ http://localhost:3000/_next/static/chunks/node_modules_next_dist_1e8vcs8._.js:776
[  358363ms] [LOG] [Fast Refresh] done in 636ms @ http://localhost:3000/_next/static/chunks/node_modules_next_dist_1e8vcs8._.js:776
[  358417ms] [LOG] [Fast Refresh] done in 636ms @ http://localhost:3000/_next/static/chunks/node_modules_next_dist_1e8vcs8._.js:776
[  358467ms] [LOG] [Fast Refresh] done in 636ms @ http://localhost:3000/_next/static/chunks/node_modules_next_dist_1e8vcs8._.js:776
[  358530ms] [LOG] [Fast Refresh] done in 636ms @ http://localhost:3000/_next/static/chunks/node_modules_next_dist_1e8vcs8._.js:776
[  358580ms] [LOG] [Fast Refresh] done in 636ms @ http://localhost:3000/_next/static/chunks/node_modules_next_dist_1e8vcs8._.js:776
[  358635ms] [LOG] [Fast Refresh] done in 636ms @ http://localhost:3000/_next/static/chunks/node_modules_next_dist_1e8vcs8._.js:776
[  358696ms] [LOG] [Fast Refresh] done in 636ms @ http://localhost:3000/_next/static/chunks/node_modules_next_dist_1e8vcs8._.js:776
[  358748ms] [LOG] [Fast Refresh] done in 636ms @ http://localhost:3000/_next/static/chunks/node_modules_next_dist_1e8vcs8._.js:776
[  358802ms] [LOG] [Fast Refresh] done in 636ms @ http://localhost:3000/_next/static/chunks/node_modules_next_dist_1e8vcs8._.js:776
[  358850ms] [LOG] [Fast Refresh] done in 636ms @ http://localhost:3000/_next/static/chunks/node_modules_next_dist_1e8vcs8._.js:776
[  358904ms] [LOG] [Fast Refresh] done in 636ms @ http://localhost:3000/_next/static/chunks/node_modules_next_dist_1e8vcs8._.js:776
[  358958ms] [LOG] [Fast Refresh] done in 636ms @ http://localhost:3000/_next/static/chunks/node_modules_next_dist_1e8vcs8._.js:776
[  359008ms] [LOG] [Fast Refresh] done in 636ms @ http://localhost:3000/_next/static/chunks/node_modules_next_dist_1e8vcs8._.js:776
[  359067ms] [LOG] [Fast Refresh] done in 636ms @ http://localhost:3000/_next/static/chunks/node_modules_next_dist_1e8vcs8._.js:776
[  359130ms] [LOG] [Fast Refresh] done in 636ms @ http://localhost:3000/_next/static/chunks/node_modules_next_dist_1e8vcs8._.js:776
[  359183ms] [LOG] [Fast Refresh] done in 636ms @ http://localhost:3000/_next/static/chunks/node_modules_next_dist_1e8vcs8._.js:776
[  359233ms] [LOG] [Fast Refresh] done in 636ms @ http://localhost:3000/_next/static/chunks/node_modules_next_dist_1e8vcs8._.js:776
[  359285ms] [LOG] [Fast Refresh] done in 636ms @ http://localhost:3000/_next/static/chunks/node_modules_next_dist_1e8vcs8._.js:776
[  359342ms] [LOG] [Fast Refresh] done in 636ms @ http://localhost:3000/_next/static/chunks/node_modules_next_dist_1e8vcs8._.js:776
[  359400ms] [LOG] [Fast Refresh] done in 636ms @ http://localhost:3000/_next/static/chunks/node_modules_next_dist_1e8vcs8._.js:776
[  359452ms] [LOG] [Fast Refresh] done in 636ms @ http://localhost:3000/_next/static/chunks/node_modules_next_dist_1e8vcs8._.js:776
[  359501ms] [LOG] [Fast Refresh] done in 636ms @ http://localhost:3000/_next/static/chunks/node_modules_next_dist_1e8vcs8._.js:776
[  359551ms] [LOG] [Fast Refresh] done in 636ms @ http://localhost:3000/_next/static/chunks/node_modules_next_dist_1e8vcs8._.js:776
[  359601ms] [LOG] [Fast Refresh] done in 636ms @ http://localhost:3000/_next/static/chunks/node_modules_next_dist_1e8vcs8._.js:776
[  359662ms] [LOG] [Fast Refresh] done in 636ms @ http://localhost:3000/_next/static/chunks/node_modules_next_dist_1e8vcs8._.js:776
[  359716ms] [LOG] [Fast Refresh] done in 636ms @ http://localhost:3000/_next/static/chunks/node_modules_next_dist_1e8vcs8._.js:776
[  359768ms] [LOG] [Fast Refresh] done in 636ms @ http://localhost:3000/_next/static/chunks/node_modules_next_dist_1e8vcs8._.js:776
[  359817ms] [LOG] [Fast Refresh] done in 636ms @ http://localhost:3000/_next/static/chunks/node_modules_next_dist_1e8vcs8._.js:776
[  359867ms] [LOG] [Fast Refresh] done in 636ms @ http://localhost:3000/_next/static/chunks/node_modules_next_dist_1e8vcs8._.js:776
[  359916ms] [LOG] [Fast Refresh] done in 636ms @ http://localhost:3000/_next/static/chunks/node_modules_next_dist_1e8vcs8._.js:776
[  359968ms] [LOG] [Fast Refresh] done in 636ms @ http://localhost:3000/_next/static/chunks/node_modules_next_dist_1e8vcs8._.js:776
[  360018ms] [LOG] [Fast Refresh] done in 636ms @ http://localhost:3000/_next/static/chunks/node_modules_next_dist_1e8vcs8._.js:776
[  360068ms] [LOG] [Fast Refresh] done in 636ms @ http://localhost:3000/_next/static/chunks/node_modules_next_dist_1e8vcs8._.js:776
[  360131ms] [LOG] [Fast Refresh] done in 636ms @ http://localhost:3000/_next/static/chunks/node_modules_next_dist_1e8vcs8._.js:776
[  360182ms] [LOG] [Fast Refresh] done in 636ms @ http://localhost:3000/_next/static/chunks/node_modules_next_dist_1e8vcs8._.js:776
[  360248ms] [LOG] [Fast Refresh] done in 636ms @ http://localhost:3000/_next/static/chunks/node_modules_next_dist_1e8vcs8._.js:776
[  360299ms] [LOG] [Fast Refresh] done in 636ms @ http://localhost:3000/_next/static/chunks/node_modules_next_dist_1e8vcs8._.js:776
[  360351ms] [LOG] [Fast Refresh] done in 636ms @ http://localhost:3000/_next/static/chunks/node_modules_next_dist_1e8vcs8._.js:776
[  360401ms] [LOG] [Fast Refresh] done in 636ms @ http://localhost:3000/_next/static/chunks/node_modules_next_dist_1e8vcs8._.js:776
[  360451ms] [LOG] [Fast Refresh] done in 636ms @ http://localhost:3000/_next/static/chunks/node_modules_next_dist_1e8vcs8._.js:776
[  360502ms] [LOG] [Fast Refresh] done in 636ms @ http://localhost:3000/_next/static/chunks/node_modules_next_dist_1e8vcs8._.js:776
[  360551ms] [LOG] [Fast Refresh] done in 636ms @ http://localhost:3000/_next/static/chunks/node_modules_next_dist_1e8vcs8._.js:776
[  360599ms] [LOG] [Fast Refresh] done in 636ms @ http://localhost:3000/_next/static/chunks/node_modules_next_dist_1e8vcs8._.js:776
[  360651ms] [LOG] [Fast Refresh] done in 636ms @ http://localhost:3000/_next/static/chunks/node_modules_next_dist_1e8vcs8._.js:776
[  360701ms] [LOG] [Fast Refresh] done in 636ms @ http://localhost:3000/_next/static/chunks/node_modules_next_dist_1e8vcs8._.js:776
[  360751ms] [LOG] [Fast Refresh] done in 636ms @ http://localhost:3000/_next/static/chunks/node_modules_next_dist_1e8vcs8._.js:776
[  360799ms] [LOG] [Fast Refresh] done in 636ms @ http://localhost:3000/_next/static/chunks/node_modules_next_dist_1e8vcs8._.js:776
[  360851ms] [LOG] [Fast Refresh] done in 636ms @ http://localhost:3000/_next/static/chunks/node_modules_next_dist_1e8vcs8._.js:776
[  360900ms] [LOG] [Fast Refresh] done in 636ms @ http://localhost:3000/_next/static/chunks/node_modules_next_dist_1e8vcs8._.js:776
[  360951ms] [LOG] [Fast Refresh] done in 636ms @ http://localhost:3000/_next/static/chunks/node_modules_next_dist_1e8vcs8._.js:776
[  361001ms] [LOG] [Fast Refresh] done in 636ms @ http://localhost:3000/_next/static/chunks/node_modules_next_dist_1e8vcs8._.js:776
[  361049ms] [LOG] [Fast Refresh] done in 636ms @ http://localhost:3000/_next/static/chunks/node_modules_next_dist_1e8vcs8._.js:776
[  361099ms] [LOG] [Fast Refresh] done in 636ms @ http://localhost:3000/_next/static/chunks/node_modules_next_dist_1e8vcs8._.js:776
[  361149ms] [LOG] [Fast Refresh] done in 636ms @ http://localhost:3000/_next/static/chunks/node_modules_next_dist_1e8vcs8._.js:776
[  361202ms] [LOG] [Fast Refresh] done in 636ms @ http://localhost:3000/_next/static/chunks/node_modules_next_dist_1e8vcs8._.js:776
[  361249ms] [LOG] [Fast Refresh] done in 636ms @ http://localhost:3000/_next/static/chunks/node_modules_next_dist_1e8vcs8._.js:776
[  361298ms] [LOG] [Fast Refresh] done in 636ms @ http://localhost:3000/_next/static/chunks/node_modules_next_dist_1e8vcs8._.js:776
[  361351ms] [LOG] [Fast Refresh] done in 636ms @ http://localhost:3000/_next/static/chunks/node_modules_next_dist_1e8vcs8._.js:776
[  361401ms] [LOG] [Fast Refresh] done in 636ms @ http://localhost:3000/_next/static/chunks/node_modules_next_dist_1e8vcs8._.js:776
[  361451ms] [LOG] [Fast Refresh] done in 636ms @ http://localhost:3000/_next/static/chunks/node_modules_next_dist_1e8vcs8._.js:776
[  361501ms] [LOG] [Fast Refresh] done in 636ms @ http://localhost:3000/_next/static/chunks/node_modules_next_dist_1e8vcs8._.js:776
[  361551ms] [LOG] [Fast Refresh] done in 636ms @ http://localhost:3000/_next/static/chunks/node_modules_next_dist_1e8vcs8._.js:776
[  361601ms] [LOG] [Fast Refresh] done in 636ms @ http://localhost:3000/_next/static/chunks/node_modules_next_dist_1e8vcs8._.js:776
[  361650ms] [LOG] [Fast Refresh] done in 636ms @ http://localhost:3000/_next/static/chunks/node_modules_next_dist_1e8vcs8._.js:776
[  361701ms] [LOG] [Fast Refresh] done in 636ms @ http://localhost:3000/_next/static/chunks/node_modules_next_dist_1e8vcs8._.js:776
[  361751ms] [LOG] [Fast Refresh] done in 636ms @ http://localhost:3000/_next/static/chunks/node_modules_next_dist_1e8vcs8._.js:776
[  361801ms] [LOG] [Fast Refresh] done in 636ms @ http://localhost:3000/_next/static/chunks/node_modules_next_dist_1e8vcs8._.js:776
[  361850ms] [LOG] [Fast Refresh] done in 636ms @ http://localhost:3000/_next/static/chunks/node_modules_next_dist_1e8vcs8._.js:776
[  361901ms] [LOG] [Fast Refresh] done in 636ms @ http://localhost:3000/_next/static/chunks/node_modules_next_dist_1e8vcs8._.js:776
[  361950ms] [LOG] [Fast Refresh] done in 636ms @ http://localhost:3000/_next/static/chunks/node_modules_next_dist_1e8vcs8._.js:776
[  362001ms] [LOG] [Fast Refresh] done in 636ms @ http://localhost:3000/_next/static/chunks/node_modules_next_dist_1e8vcs8._.js:776
[  362049ms] [LOG] [Fast Refresh] done in 636ms @ http://localhost:3000/_next/static/chunks/node_modules_next_dist_1e8vcs8._.js:776
[  362099ms] [LOG] [Fast Refresh] done in 636ms @ http://localhost:3000/_next/static/chunks/node_modules_next_dist_1e8vcs8._.js:776
[  362151ms] [LOG] [Fast Refresh] done in 636ms @ http://localhost:3000/_next/static/chunks/node_modules_next_dist_1e8vcs8._.js:776
[  362202ms] [LOG] [Fast Refresh] done in 636ms @ http://localhost:3000/_next/static/chunks/node_modules_next_dist_1e8vcs8._.js:776
[  362250ms] [LOG] [Fast Refresh] done in 636ms @ http://localhost:3000/_next/static/chunks/node_modules_next_dist_1e8vcs8._.js:776
[  362301ms] [LOG] [Fast Refresh] done in 636ms @ http://localhost:3000/_next/static/chunks/node_modules_next_dist_1e8vcs8._.js:776
[  362351ms] [LOG] [Fast Refresh] done in 636ms @ http://localhost:3000/_next/static/chunks/node_modules_next_dist_1e8vcs8._.js:776
[  362415ms] [LOG] [Fast Refresh] done in 636ms @ http://localhost:3000/_next/static/chunks/node_modules_next_dist_1e8vcs8._.js:776
[  362465ms] [LOG] [Fast Refresh] done in 636ms @ http://localhost:3000/_next/static/chunks/node_modules_next_dist_1e8vcs8._.js:776
[  362518ms] [LOG] [Fast Refresh] done in 636ms @ http://localhost:3000/_next/static/chunks/node_modules_next_dist_1e8vcs8._.js:776
[  362568ms] [LOG] [Fast Refresh] done in 636ms @ http://localhost:3000/_next/static/chunks/node_modules_next_dist_1e8vcs8._.js:776
[  362618ms] [LOG] [Fast Refresh] done in 636ms @ http://localhost:3000/_next/static/chunks/node_modules_next_dist_1e8vcs8._.js:776
[  362668ms] [LOG] [Fast Refresh] done in 636ms @ http://localhost:3000/_next/static/chunks/node_modules_next_dist_1e8vcs8._.js:776
[  362719ms] [LOG] [Fast Refresh] done in 636ms @ http://localhost:3000/_next/static/chunks/node_modules_next_dist_1e8vcs8._.js:776
[  362769ms] [LOG] [Fast Refresh] done in 636ms @ http://localhost:3000/_next/static/chunks/node_modules_next_dist_1e8vcs8._.js:776
[  362818ms] [LOG] [Fast Refresh] done in 636ms @ http://localhost:3000/_next/static/chunks/node_modules_next_dist_1e8vcs8._.js:776
[  362868ms] [LOG] [Fast Refresh] done in 636ms @ http://localhost:3000/_next/static/chunks/node_modules_next_dist_1e8vcs8._.js:776
[  362917ms] [LOG] [Fast Refresh] done in 636ms @ http://localhost:3000/_next/static/chunks/node_modules_next_dist_1e8vcs8._.js:776
[  362968ms] [LOG] [Fast Refresh] done in 636ms @ http://localhost:3000/_next/static/chunks/node_modules_next_dist_1e8vcs8._.js:776
[  363018ms] [LOG] [Fast Refresh] done in 636ms @ http://localhost:3000/_next/static/chunks/node_modules_next_dist_1e8vcs8._.js:776
[  363068ms] [LOG] [Fast Refresh] done in 636ms @ http://localhost:3000/_next/static/chunks/node_modules_next_dist_1e8vcs8._.js:776
[  363116ms] [LOG] [Fast Refresh] done in 636ms @ http://localhost:3000/_next/static/chunks/node_modules_next_dist_1e8vcs8._.js:776
[  363168ms] [LOG] [Fast Refresh] done in 636ms @ http://localhost:3000/_next/static/chunks/node_modules_next_dist_1e8vcs8._.js:776
[  363217ms] [LOG] [Fast Refresh] done in 636ms @ http://localhost:3000/_next/static/chunks/node_modules_next_dist_1e8vcs8._.js:776
[  363268ms] [LOG] [Fast Refresh] done in 636ms @ http://localhost:3000/_next/static/chunks/node_modules_next_dist_1e8vcs8._.js:776
[  363318ms] [LOG] [Fast Refresh] done in 636ms @ http://localhost:3000/_next/static/chunks/node_modules_next_dist_1e8vcs8._.js:776
[  363368ms] [LOG] [Fast Refresh] done in 636ms @ http://localhost:3000/_next/static/chunks/node_modules_next_dist_1e8vcs8._.js:776
[  363418ms] [LOG] [Fast Refresh] done in 636ms @ http://localhost:3000/_next/static/chunks/node_modules_next_dist_1e8vcs8._.js:776
[  363468ms] [LOG] [Fast Refresh] done in 636ms @ http://localhost:3000/_next/static/chunks/node_modules_next_dist_1e8vcs8._.js:776
[  363518ms] [LOG] [Fast Refresh] done in 636ms @ http://localhost:3000/_next/static/chunks/node_modules_next_dist_1e8vcs8._.js:776
[  363568ms] [LOG] [Fast Refresh] done in 636ms @ http://localhost:3000/_next/static/chunks/node_modules_next_dist_1e8vcs8._.js:776
[  363618ms] [LOG] [Fast Refresh] done in 636ms @ http://localhost:3000/_next/static/chunks/node_modules_next_dist_1e8vcs8._.js:776
[  363667ms] [LOG] [Fast Refresh] done in 636ms @ http://localhost:3000/_next/static/chunks/node_modules_next_dist_1e8vcs8._.js:776
[  363732ms] [LOG] [Fast Refresh] done in 636ms @ http://localhost:3000/_next/static/chunks/node_modules_next_dist_1e8vcs8._.js:776
[  363784ms] [LOG] [Fast Refresh] done in 636ms @ http://localhost:3000/_next/static/chunks/node_modules_next_dist_1e8vcs8._.js:776
[  363833ms] [LOG] [Fast Refresh] done in 636ms @ http://localhost:3000/_next/static/chunks/node_modules_next_dist_1e8vcs8._.js:776
[  363884ms] [LOG] [Fast Refresh] done in 636ms @ http://localhost:3000/_next/static/chunks/node_modules_next_dist_1e8vcs8._.js:776
[  363935ms] [LOG] [Fast Refresh] done in 636ms @ http://localhost:3000/_next/static/chunks/node_modules_next_dist_1e8vcs8._.js:776
[  363983ms] [LOG] [Fast Refresh] done in 636ms @ http://localhost:3000/_next/static/chunks/node_modules_next_dist_1e8vcs8._.js:776
[  364034ms] [LOG] [Fast Refresh] done in 636ms @ http://localhost:3000/_next/static/chunks/node_modules_next_dist_1e8vcs8._.js:776
[  364085ms] [LOG] [Fast Refresh] done in 636ms @ http://localhost:3000/_next/static/chunks/node_modules_next_dist_1e8vcs8._.js:776
[  364148ms] [LOG] [Fast Refresh] done in 636ms @ http://localhost:3000/_next/static/chunks/node_modules_next_dist_1e8vcs8._.js:776
[  364199ms] [LOG] [Fast Refresh] done in 636ms @ http://localhost:3000/_next/static/chunks/node_modules_next_dist_1e8vcs8._.js:776
[  364252ms] [LOG] [Fast Refresh] done in 636ms @ http://localhost:3000/_next/static/chunks/node_modules_next_dist_1e8vcs8._.js:776
[  364301ms] [LOG] [Fast Refresh] done in 636ms @ http://localhost:3000/_next/static/chunks/node_modules_next_dist_1e8vcs8._.js:776
[  364351ms] [LOG] [Fast Refresh] done in 636ms @ http://localhost:3000/_next/static/chunks/node_modules_next_dist_1e8vcs8._.js:776
[  364401ms] [LOG] [Fast Refresh] done in 636ms @ http://localhost:3000/_next/static/chunks/node_modules_next_dist_1e8vcs8._.js:776
[  364450ms] [LOG] [Fast Refresh] done in 636ms @ http://localhost:3000/_next/static/chunks/node_modules_next_dist_1e8vcs8._.js:776
[  364514ms] [LOG] [Fast Refresh] done in 636ms @ http://localhost:3000/_next/static/chunks/node_modules_next_dist_1e8vcs8._.js:776
[  364581ms] [LOG] [Fast Refresh] done in 636ms @ http://localhost:3000/_next/static/chunks/node_modules_next_dist_1e8vcs8._.js:776
[  364633ms] [LOG] [Fast Refresh] done in 636ms @ http://localhost:3000/_next/static/chunks/node_modules_next_dist_1e8vcs8._.js:776
[  364681ms] [LOG] [Fast Refresh] done in 636ms @ http://localhost:3000/_next/static/chunks/node_modules_next_dist_1e8vcs8._.js:776
[  364745ms] [LOG] [Fast Refresh] done in 636ms @ http://localhost:3000/_next/static/chunks/node_modules_next_dist_1e8vcs8._.js:776
[  364801ms] [LOG] [Fast Refresh] done in 636ms @ http://localhost:3000/_next/static/chunks/node_modules_next_dist_1e8vcs8._.js:776
[  364852ms] [LOG] [Fast Refresh] done in 636ms @ http://localhost:3000/_next/static/chunks/node_modules_next_dist_1e8vcs8._.js:776
[  364898ms] [LOG] [Fast Refresh] done in 636ms @ http://localhost:3000/_next/static/chunks/node_modules_next_dist_1e8vcs8._.js:776
[  364947ms] [LOG] [Fast Refresh] done in 636ms @ http://localhost:3000/_next/static/chunks/node_modules_next_dist_1e8vcs8._.js:776
[  364997ms] [LOG] [Fast Refresh] done in 636ms @ http://localhost:3000/_next/static/chunks/node_modules_next_dist_1e8vcs8._.js:776
[  365047ms] [LOG] [Fast Refresh] done in 636ms @ http://localhost:3000/_next/static/chunks/node_modules_next_dist_1e8vcs8._.js:776
[  365097ms] [LOG] [Fast Refresh] done in 636ms @ http://localhost:3000/_next/static/chunks/node_modules_next_dist_1e8vcs8._.js:776
[  365146ms] [LOG] [Fast Refresh] done in 636ms @ http://localhost:3000/_next/static/chunks/node_modules_next_dist_1e8vcs8._.js:776
[  365198ms] [LOG] [Fast Refresh] done in 636ms @ http://localhost:3000/_next/static/chunks/node_modules_next_dist_1e8vcs8._.js:776
[  365248ms] [LOG] [Fast Refresh] done in 636ms @ http://localhost:3000/_next/static/chunks/node_modules_next_dist_1e8vcs8._.js:776
[  365298ms] [LOG] [Fast Refresh] done in 636ms @ http://localhost:3000/_next/static/chunks/node_modules_next_dist_1e8vcs8._.js:776
[  365364ms] [LOG] [Fast Refresh] done in 636ms @ http://localhost:3000/_next/static/chunks/node_modules_next_dist_1e8vcs8._.js:776
[  365412ms] [LOG] [Fast Refresh] done in 636ms @ http://localhost:3000/_next/static/chunks/node_modules_next_dist_1e8vcs8._.js:776
[  365480ms] [LOG] [Fast Refresh] done in 636ms @ http://localhost:3000/_next/static/chunks/node_modules_next_dist_1e8vcs8._.js:776
[  365548ms] [LOG] [Fast Refresh] done in 636ms @ http://localhost:3000/_next/static/chunks/node_modules_next_dist_1e8vcs8._.js:776
[  365598ms] [LOG] [Fast Refresh] done in 636ms @ http://localhost:3000/_next/static/chunks/node_modules_next_dist_1e8vcs8._.js:776
[  365648ms] [LOG] [Fast Refresh] done in 636ms @ http://localhost:3000/_next/static/chunks/node_modules_next_dist_1e8vcs8._.js:776
[  365702ms] [LOG] [Fast Refresh] done in 636ms @ http://localhost:3000/_next/static/chunks/node_modules_next_dist_1e8vcs8._.js:776
[  365755ms] [LOG] [Fast Refresh] done in 636ms @ http://localhost:3000/_next/static/chunks/node_modules_next_dist_1e8vcs8._.js:776
[  365812ms] [LOG] [Fast Refresh] done in 636ms @ http://localhost:3000/_next/static/chunks/node_modules_next_dist_1e8vcs8._.js:776
[  365852ms] [LOG] [Fast Refresh] done in 636ms @ http://localhost:3000/_next/static/chunks/node_modules_next_dist_1e8vcs8._.js:776
[  365900ms] [LOG] [Fast Refresh] done in 636ms @ http://localhost:3000/_next/static/chunks/node_modules_next_dist_1e8vcs8._.js:776
[  365964ms] [LOG] [Fast Refresh] done in 636ms @ http://localhost:3000/_next/static/chunks/node_modules_next_dist_1e8vcs8._.js:776
[  366030ms] [LOG] [Fast Refresh] done in 636ms @ http://localhost:3000/_next/static/chunks/node_modules_next_dist_1e8vcs8._.js:776
[  366081ms] [LOG] [Fast Refresh] done in 636ms @ http://localhost:3000/_next/static/chunks/node_modules_next_dist_1e8vcs8._.js:776
[  366147ms] [LOG] [Fast Refresh] done in 636ms @ http://localhost:3000/_next/static/chunks/node_modules_next_dist_1e8vcs8._.js:776
[  366198ms] [LOG] [Fast Refresh] done in 636ms @ http://localhost:3000/_next/static/chunks/node_modules_next_dist_1e8vcs8._.js:776
[  366248ms] [LOG] [Fast Refresh] done in 636ms @ http://localhost:3000/_next/static/chunks/node_modules_next_dist_1e8vcs8._.js:776
[  366297ms] [LOG] [Fast Refresh] done in 636ms @ http://localhost:3000/_next/static/chunks/node_modules_next_dist_1e8vcs8._.js:776
[  366364ms] [LOG] [Fast Refresh] done in 636ms @ http://localhost:3000/_next/static/chunks/node_modules_next_dist_1e8vcs8._.js:776
[  366417ms] [LOG] [Fast Refresh] done in 636ms @ http://localhost:3000/_next/static/chunks/node_modules_next_dist_1e8vcs8._.js:776
[  366481ms] [LOG] [Fast Refresh] done in 636ms @ http://localhost:3000/_next/static/chunks/node_modules_next_dist_1e8vcs8._.js:776
[  366532ms] [LOG] [Fast Refresh] done in 636ms @ http://localhost:3000/_next/static/chunks/node_modules_next_dist_1e8vcs8._.js:776
[  366582ms] [LOG] [Fast Refresh] done in 636ms @ http://localhost:3000/_next/static/chunks/node_modules_next_dist_1e8vcs8._.js:776
[  366647ms] [LOG] [Fast Refresh] done in 636ms @ http://localhost:3000/_next/static/chunks/node_modules_next_dist_1e8vcs8._.js:776
[  366714ms] [LOG] [Fast Refresh] done in 636ms @ http://localhost:3000/_next/static/chunks/node_modules_next_dist_1e8vcs8._.js:776
[  366780ms] [LOG] [Fast Refresh] done in 636ms @ http://localhost:3000/_next/static/chunks/node_modules_next_dist_1e8vcs8._.js:776
[  366852ms] [LOG] [Fast Refresh] done in 636ms @ http://localhost:3000/_next/static/chunks/node_modules_next_dist_1e8vcs8._.js:776
[  366897ms] [LOG] [Fast Refresh] done in 636ms @ http://localhost:3000/_next/static/chunks/node_modules_next_dist_1e8vcs8._.js:776
[  366947ms] [LOG] [Fast Refresh] done in 636ms @ http://localhost:3000/_next/static/chunks/node_modules_next_dist_1e8vcs8._.js:776
[  366997ms] [LOG] [Fast Refresh] done in 636ms @ http://localhost:3000/_next/static/chunks/node_modules_next_dist_1e8vcs8._.js:776
[  367047ms] [LOG] [Fast Refresh] done in 636ms @ http://localhost:3000/_next/static/chunks/node_modules_next_dist_1e8vcs8._.js:776
[  367097ms] [LOG] [Fast Refresh] done in 636ms @ http://localhost:3000/_next/static/chunks/node_modules_next_dist_1e8vcs8._.js:776
[  367144ms] [LOG] [Fast Refresh] done in 636ms @ http://localhost:3000/_next/static/chunks/node_modules_next_dist_1e8vcs8._.js:776
[  367183ms] [LOG] [Fast Refresh] done in 636ms @ http://localhost:3000/_next/static/chunks/node_modules_next_dist_1e8vcs8._.js:776
[  367231ms] [LOG] [Fast Refresh] done in 636ms @ http://localhost:3000/_next/static/chunks/node_modules_next_dist_1e8vcs8._.js:776
[  367280ms] [LOG] [Fast Refresh] done in 636ms @ http://localhost:3000/_next/static/chunks/node_modules_next_dist_1e8vcs8._.js:776
[  367331ms] [LOG] [Fast Refresh] done in 636ms @ http://localhost:3000/_next/static/chunks/node_modules_next_dist_1e8vcs8._.js:776
[  367398ms] [LOG] [Fast Refresh] done in 636ms @ http://localhost:3000/_next/static/chunks/node_modules_next_dist_1e8vcs8._.js:776
[  367447ms] [LOG] [Fast Refresh] done in 636ms @ http://localhost:3000/_next/static/chunks/node_modules_next_dist_1e8vcs8._.js:776
[  367498ms] [LOG] [Fast Refresh] done in 636ms @ http://localhost:3000/_next/static/chunks/node_modules_next_dist_1e8vcs8._.js:776
[  367547ms] [LOG] [Fast Refresh] done in 636ms @ http://localhost:3000/_next/static/chunks/node_modules_next_dist_1e8vcs8._.js:776
[  367596ms] [LOG] [Fast Refresh] done in 636ms @ http://localhost:3000/_next/static/chunks/node_modules_next_dist_1e8vcs8._.js:776
[  367653ms] [LOG] [Fast Refresh] done in 636ms @ http://localhost:3000/_next/static/chunks/node_modules_next_dist_1e8vcs8._.js:776
[  367698ms] [LOG] [Fast Refresh] done in 636ms @ http://localhost:3000/_next/static/chunks/node_modules_next_dist_1e8vcs8._.js:776
[  367764ms] [LOG] [Fast Refresh] done in 636ms @ http://localhost:3000/_next/static/chunks/node_modules_next_dist_1e8vcs8._.js:776
[  367814ms] [LOG] [Fast Refresh] done in 636ms @ http://localhost:3000/_next/static/chunks/node_modules_next_dist_1e8vcs8._.js:776
[  367865ms] [LOG] [Fast Refresh] done in 636ms @ http://localhost:3000/_next/static/chunks/node_modules_next_dist_1e8vcs8._.js:776
[  367930ms] [LOG] [Fast Refresh] done in 636ms @ http://localhost:3000/_next/static/chunks/node_modules_next_dist_1e8vcs8._.js:776
[  367982ms] [LOG] [Fast Refresh] done in 636ms @ http://localhost:3000/_next/static/chunks/node_modules_next_dist_1e8vcs8._.js:776
[  368034ms] [LOG] [Fast Refresh] done in 636ms @ http://localhost:3000/_next/static/chunks/node_modules_next_dist_1e8vcs8._.js:776
[  368081ms] [LOG] [Fast Refresh] done in 636ms @ http://localhost:3000/_next/static/chunks/node_modules_next_dist_1e8vcs8._.js:776
[  368130ms] [LOG] [Fast Refresh] done in 636ms @ http://localhost:3000/_next/static/chunks/node_modules_next_dist_1e8vcs8._.js:776
[  368180ms] [LOG] [Fast Refresh] done in 636ms @ http://localhost:3000/_next/static/chunks/node_modules_next_dist_1e8vcs8._.js:776
[  368231ms] [LOG] [Fast Refresh] done in 636ms @ http://localhost:3000/_next/static/chunks/node_modules_next_dist_1e8vcs8._.js:776
[  368281ms] [LOG] [Fast Refresh] done in 636ms @ http://localhost:3000/_next/static/chunks/node_modules_next_dist_1e8vcs8._.js:776
[  368331ms] [LOG] [Fast Refresh] done in 636ms @ http://localhost:3000/_next/static/chunks/node_modules_next_dist_1e8vcs8._.js:776
[  368372ms] [LOG] [Fast Refresh] done in 636ms @ http://localhost:3000/_next/static/chunks/node_modules_next_dist_1e8vcs8._.js:776
[  368415ms] [LOG] [Fast Refresh] done in 636ms @ http://localhost:3000/_next/static/chunks/node_modules_next_dist_1e8vcs8._.js:776
[  368477ms] [LOG] [Fast Refresh] done in 636ms @ http://localhost:3000/_next/static/chunks/node_modules_next_dist_1e8vcs8._.js:776
[  368522ms] [LOG] [Fast Refresh] done in 636ms @ http://localhost:3000/_next/static/chunks/node_modules_next_dist_1e8vcs8._.js:776
[  368580ms] [LOG] [Fast Refresh] done in 636ms @ http://localhost:3000/_next/static/chunks/node_modules_next_dist_1e8vcs8._.js:776
[  368630ms] [LOG] [Fast Refresh] done in 636ms @ http://localhost:3000/_next/static/chunks/node_modules_next_dist_1e8vcs8._.js:776
[  368697ms] [LOG] [Fast Refresh] done in 636ms @ http://localhost:3000/_next/static/chunks/node_modules_next_dist_1e8vcs8._.js:776
[  368748ms] [LOG] [Fast Refresh] done in 636ms @ http://localhost:3000/_next/static/chunks/node_modules_next_dist_1e8vcs8._.js:776
[  368797ms] [LOG] [Fast Refresh] done in 636ms @ http://localhost:3000/_next/static/chunks/node_modules_next_dist_1e8vcs8._.js:776
[  368847ms] [LOG] [Fast Refresh] done in 636ms @ http://localhost:3000/_next/static/chunks/node_modules_next_dist_1e8vcs8._.js:776
[  368897ms] [LOG] [Fast Refresh] done in 636ms @ http://localhost:3000/_next/static/chunks/node_modules_next_dist_1e8vcs8._.js:776
[  368947ms] [LOG] [Fast Refresh] done in 636ms @ http://localhost:3000/_next/static/chunks/node_modules_next_dist_1e8vcs8._.js:776
[  368998ms] [LOG] [Fast Refresh] done in 636ms @ http://localhost:3000/_next/static/chunks/node_modules_next_dist_1e8vcs8._.js:776
[  369052ms] [LOG] [Fast Refresh] done in 636ms @ http://localhost:3000/_next/static/chunks/node_modules_next_dist_1e8vcs8._.js:776
[  369097ms] [LOG] [Fast Refresh] done in 636ms @ http://localhost:3000/_next/static/chunks/node_modules_next_dist_1e8vcs8._.js:776
[  369148ms] [LOG] [Fast Refresh] done in 636ms @ http://localhost:3000/_next/static/chunks/node_modules_next_dist_1e8vcs8._.js:776
[  369206ms] [LOG] [Fast Refresh] done in 636ms @ http://localhost:3000/_next/static/chunks/node_modules_next_dist_1e8vcs8._.js:776
[  369251ms] [LOG] [Fast Refresh] done in 636ms @ http://localhost:3000/_next/static/chunks/node_modules_next_dist_1e8vcs8._.js:776
[  369301ms] [LOG] [Fast Refresh] done in 636ms @ http://localhost:3000/_next/static/chunks/node_modules_next_dist_1e8vcs8._.js:776
[  369351ms] [LOG] [Fast Refresh] done in 636ms @ http://localhost:3000/_next/static/chunks/node_modules_next_dist_1e8vcs8._.js:776
[  369415ms] [LOG] [Fast Refresh] done in 636ms @ http://localhost:3000/_next/static/chunks/node_modules_next_dist_1e8vcs8._.js:776
[  369466ms] [LOG] [Fast Refresh] done in 636ms @ http://localhost:3000/_next/static/chunks/node_modules_next_dist_1e8vcs8._.js:776
[  369531ms] [LOG] [Fast Refresh] done in 636ms @ http://localhost:3000/_next/static/chunks/node_modules_next_dist_1e8vcs8._.js:776
[  369584ms] [LOG] [Fast Refresh] done in 636ms @ http://localhost:3000/_next/static/chunks/node_modules_next_dist_1e8vcs8._.js:776
[  369650ms] [LOG] [Fast Refresh] done in 636ms @ http://localhost:3000/_next/static/chunks/node_modules_next_dist_1e8vcs8._.js:776
[  369717ms] [LOG] [Fast Refresh] done in 636ms @ http://localhost:3000/_next/static/chunks/node_modules_next_dist_1e8vcs8._.js:776
[  369779ms] [LOG] [Fast Refresh] done in 636ms @ http://localhost:3000/_next/static/chunks/node_modules_next_dist_1e8vcs8._.js:776
[  369819ms] [LOG] [Fast Refresh] done in 636ms @ http://localhost:3000/_next/static/chunks/node_modules_next_dist_1e8vcs8._.js:776
[  369868ms] [LOG] [Fast Refresh] done in 636ms @ http://localhost:3000/_next/static/chunks/node_modules_next_dist_1e8vcs8._.js:776
[  369922ms] [LOG] [Fast Refresh] done in 636ms @ http://localhost:3000/_next/static/chunks/node_modules_next_dist_1e8vcs8._.js:776
[  369983ms] [LOG] [Fast Refresh] done in 636ms @ http://localhost:3000/_next/static/chunks/node_modules_next_dist_1e8vcs8._.js:776
[  370035ms] [LOG] [Fast Refresh] done in 636ms @ http://localhost:3000/_next/static/chunks/node_modules_next_dist_1e8vcs8._.js:776
[  370085ms] [LOG] [Fast Refresh] done in 636ms @ http://localhost:3000/_next/static/chunks/node_modules_next_dist_1e8vcs8._.js:776
[  370148ms] [LOG] [Fast Refresh] done in 636ms @ http://localhost:3000/_next/static/chunks/node_modules_next_dist_1e8vcs8._.js:776
[  370216ms] [LOG] [Fast Refresh] done in 636ms @ http://localhost:3000/_next/static/chunks/node_modules_next_dist_1e8vcs8._.js:776
[  370290ms] [LOG] [Fast Refresh] done in 636ms @ http://localhost:3000/_next/static/chunks/node_modules_next_dist_1e8vcs8._.js:776
[  370351ms] [LOG] [Fast Refresh] done in 636ms @ http://localhost:3000/_next/static/chunks/node_modules_next_dist_1e8vcs8._.js:776
[  370401ms] [LOG] [Fast Refresh] done in 636ms @ http://localhost:3000/_next/static/chunks/node_modules_next_dist_1e8vcs8._.js:776
[  370451ms] [LOG] [Fast Refresh] done in 636ms @ http://localhost:3000/_next/static/chunks/node_modules_next_dist_1e8vcs8._.js:776
[  370500ms] [LOG] [Fast Refresh] done in 636ms @ http://localhost:3000/_next/static/chunks/node_modules_next_dist_1e8vcs8._.js:776
[  370551ms] [LOG] [Fast Refresh] done in 636ms @ http://localhost:3000/_next/static/chunks/node_modules_next_dist_1e8vcs8._.js:776
[  370600ms] [LOG] [Fast Refresh] done in 636ms @ http://localhost:3000/_next/static/chunks/node_modules_next_dist_1e8vcs8._.js:776
[  370650ms] [LOG] [Fast Refresh] done in 636ms @ http://localhost:3000/_next/static/chunks/node_modules_next_dist_1e8vcs8._.js:776
[  370701ms] [LOG] [Fast Refresh] done in 636ms @ http://localhost:3000/_next/static/chunks/node_modules_next_dist_1e8vcs8._.js:776
[  370751ms] [LOG] [Fast Refresh] done in 636ms @ http://localhost:3000/_next/static/chunks/node_modules_next_dist_1e8vcs8._.js:776
[  370801ms] [LOG] [Fast Refresh] done in 636ms @ http://localhost:3000/_next/static/chunks/node_modules_next_dist_1e8vcs8._.js:776
[  370852ms] [LOG] [Fast Refresh] done in 636ms @ http://localhost:3000/_next/static/chunks/node_modules_next_dist_1e8vcs8._.js:776
[  370901ms] [LOG] [Fast Refresh] done in 636ms @ http://localhost:3000/_next/static/chunks/node_modules_next_dist_1e8vcs8._.js:776
[  370951ms] [LOG] [Fast Refresh] done in 636ms @ http://localhost:3000/_next/static/chunks/node_modules_next_dist_1e8vcs8._.js:776
[  371017ms] [LOG] [Fast Refresh] done in 636ms @ http://localhost:3000/_next/static/chunks/node_modules_next_dist_1e8vcs8._.js:776
[  371067ms] [LOG] [Fast Refresh] done in 636ms @ http://localhost:3000/_next/static/chunks/node_modules_next_dist_1e8vcs8._.js:776
[  371118ms] [LOG] [Fast Refresh] done in 636ms @ http://localhost:3000/_next/static/chunks/node_modules_next_dist_1e8vcs8._.js:776
[  371167ms] [LOG] [Fast Refresh] done in 636ms @ http://localhost:3000/_next/static/chunks/node_modules_next_dist_1e8vcs8._.js:776
[  371217ms] [LOG] [Fast Refresh] done in 636ms @ http://localhost:3000/_next/static/chunks/node_modules_next_dist_1e8vcs8._.js:776
[  371267ms] [LOG] [Fast Refresh] done in 636ms @ http://localhost:3000/_next/static/chunks/node_modules_next_dist_1e8vcs8._.js:776
[  371318ms] [LOG] [Fast Refresh] done in 636ms @ http://localhost:3000/_next/static/chunks/node_modules_next_dist_1e8vcs8._.js:776
[  371382ms] [LOG] [Fast Refresh] done in 636ms @ http://localhost:3000/_next/static/chunks/node_modules_next_dist_1e8vcs8._.js:776
[  371450ms] [LOG] [Fast Refresh] done in 636ms @ http://localhost:3000/_next/static/chunks/node_modules_next_dist_1e8vcs8._.js:776
[  371501ms] [LOG] [Fast Refresh] done in 636ms @ http://localhost:3000/_next/static/chunks/node_modules_next_dist_1e8vcs8._.js:776
[  371545ms] [LOG] [Fast Refresh] done in 636ms @ http://localhost:3000/_next/static/chunks/node_modules_next_dist_1e8vcs8._.js:776
[  371613ms] [LOG] [Fast Refresh] done in 636ms @ http://localhost:3000/_next/static/chunks/node_modules_next_dist_1e8vcs8._.js:776
[  371672ms] [LOG] [Fast Refresh] done in 636ms @ http://localhost:3000/_next/static/chunks/node_modules_next_dist_1e8vcs8._.js:776
[  371729ms] [LOG] [Fast Refresh] done in 636ms @ http://localhost:3000/_next/static/chunks/node_modules_next_dist_1e8vcs8._.js:776
[  371793ms] [LOG] [Fast Refresh] done in 636ms @ http://localhost:3000/_next/static/chunks/node_modules_next_dist_1e8vcs8._.js:776
[  371846ms] [LOG] [Fast Refresh] done in 636ms @ http://localhost:3000/_next/static/chunks/node_modules_next_dist_1e8vcs8._.js:776
[  371898ms] [LOG] [Fast Refresh] done in 636ms @ http://localhost:3000/_next/static/chunks/node_modules_next_dist_1e8vcs8._.js:776
[  371949ms] [LOG] [Fast Refresh] done in 636ms @ http://localhost:3000/_next/static/chunks/node_modules_next_dist_1e8vcs8._.js:776
[  371998ms] [LOG] [Fast Refresh] done in 636ms @ http://localhost:3000/_next/static/chunks/node_modules_next_dist_1e8vcs8._.js:776
[  372049ms] [LOG] [Fast Refresh] done in 636ms @ http://localhost:3000/_next/static/chunks/node_modules_next_dist_1e8vcs8._.js:776
[  372099ms] [LOG] [Fast Refresh] done in 636ms @ http://localhost:3000/_next/static/chunks/node_modules_next_dist_1e8vcs8._.js:776
[  372141ms] [LOG] [Fast Refresh] done in 636ms @ http://localhost:3000/_next/static/chunks/node_modules_next_dist_1e8vcs8._.js:776
[  372198ms] [LOG] [Fast Refresh] done in 636ms @ http://localhost:3000/_next/static/chunks/node_modules_next_dist_1e8vcs8._.js:776
[  372247ms] [LOG] [Fast Refresh] done in 636ms @ http://localhost:3000/_next/static/chunks/node_modules_next_dist_1e8vcs8._.js:776
[  372314ms] [LOG] [Fast Refresh] done in 636ms @ http://localhost:3000/_next/static/chunks/node_modules_next_dist_1e8vcs8._.js:776
[  372367ms] [LOG] [Fast Refresh] done in 636ms @ http://localhost:3000/_next/static/chunks/node_modules_next_dist_1e8vcs8._.js:776
[  372433ms] [LOG] [Fast Refresh] done in 636ms @ http://localhost:3000/_next/static/chunks/node_modules_next_dist_1e8vcs8._.js:776
[  372494ms] [LOG] [Fast Refresh] done in 636ms @ http://localhost:3000/_next/static/chunks/node_modules_next_dist_1e8vcs8._.js:776
[  372535ms] [LOG] [Fast Refresh] done in 636ms @ http://localhost:3000/_next/static/chunks/node_modules_next_dist_1e8vcs8._.js:776
[  372584ms] [LOG] [Fast Refresh] done in 636ms @ http://localhost:3000/_next/static/chunks/node_modules_next_dist_1e8vcs8._.js:776
[  372646ms] [LOG] [Fast Refresh] done in 636ms @ http://localhost:3000/_next/static/chunks/node_modules_next_dist_1e8vcs8._.js:776
[  372692ms] [LOG] [Fast Refresh] done in 636ms @ http://localhost:3000/_next/static/chunks/node_modules_next_dist_1e8vcs8._.js:776
[  372742ms] [LOG] [Fast Refresh] done in 636ms @ http://localhost:3000/_next/static/chunks/node_modules_next_dist_1e8vcs8._.js:776
[  372799ms] [LOG] [Fast Refresh] done in 636ms @ http://localhost:3000/_next/static/chunks/node_modules_next_dist_1e8vcs8._.js:776
[  372861ms] [LOG] [Fast Refresh] done in 636ms @ http://localhost:3000/_next/static/chunks/node_modules_next_dist_1e8vcs8._.js:776
[  372902ms] [LOG] [Fast Refresh] done in 636ms @ http://localhost:3000/_next/static/chunks/node_modules_next_dist_1e8vcs8._.js:776
[  372948ms] [LOG] [Fast Refresh] done in 636ms @ http://localhost:3000/_next/static/chunks/node_modules_next_dist_1e8vcs8._.js:776
[  373009ms] [LOG] [Fast Refresh] done in 636ms @ http://localhost:3000/_next/static/chunks/node_modules_next_dist_1e8vcs8._.js:776
[  373049ms] [LOG] [Fast Refresh] done in 636ms @ http://localhost:3000/_next/static/chunks/node_modules_next_dist_1e8vcs8._.js:776
[  373098ms] [LOG] [Fast Refresh] done in 636ms @ http://localhost:3000/_next/static/chunks/node_modules_next_dist_1e8vcs8._.js:776
[  373138ms] [LOG] [Fast Refresh] done in 636ms @ http://localhost:3000/_next/static/chunks/node_modules_next_dist_1e8vcs8._.js:776
[  373185ms] [LOG] [Fast Refresh] done in 636ms @ http://localhost:3000/_next/static/chunks/node_modules_next_dist_1e8vcs8._.js:776
[  373233ms] [LOG] [Fast Refresh] done in 636ms @ http://localhost:3000/_next/static/chunks/node_modules_next_dist_1e8vcs8._.js:776
[  373285ms] [LOG] [Fast Refresh] done in 636ms @ http://localhost:3000/_next/static/chunks/node_modules_next_dist_1e8vcs8._.js:776
[  373333ms] [LOG] [Fast Refresh] done in 636ms @ http://localhost:3000/_next/static/chunks/node_modules_next_dist_1e8vcs8._.js:776
[  373392ms] [LOG] [Fast Refresh] done in 636ms @ http://localhost:3000/_next/static/chunks/node_modules_next_dist_1e8vcs8._.js:776
[  373436ms] [LOG] [Fast Refresh] done in 636ms @ http://localhost:3000/_next/static/chunks/node_modules_next_dist_1e8vcs8._.js:776
[  373497ms] [LOG] [Fast Refresh] done in 636ms @ http://localhost:3000/_next/static/chunks/node_modules_next_dist_1e8vcs8._.js:776
[  373548ms] [LOG] [Fast Refresh] done in 636ms @ http://localhost:3000/_next/static/chunks/node_modules_next_dist_1e8vcs8._.js:776
[  373598ms] [LOG] [Fast Refresh] done in 636ms @ http://localhost:3000/_next/static/chunks/node_modules_next_dist_1e8vcs8._.js:776
[  373648ms] [LOG] [Fast Refresh] done in 636ms @ http://localhost:3000/_next/static/chunks/node_modules_next_dist_1e8vcs8._.js:776
[  373714ms] [LOG] [Fast Refresh] done in 636ms @ http://localhost:3000/_next/static/chunks/node_modules_next_dist_1e8vcs8._.js:776
[  373771ms] [LOG] [Fast Refresh] done in 636ms @ http://localhost:3000/_next/static/chunks/node_modules_next_dist_1e8vcs8._.js:776
[  373833ms] [LOG] [Fast Refresh] done in 636ms @ http://localhost:3000/_next/static/chunks/node_modules_next_dist_1e8vcs8._.js:776
[  373882ms] [LOG] [Fast Refresh] done in 636ms @ http://localhost:3000/_next/static/chunks/node_modules_next_dist_1e8vcs8._.js:776
[  373948ms] [LOG] [Fast Refresh] done in 636ms @ http://localhost:3000/_next/static/chunks/node_modules_next_dist_1e8vcs8._.js:776
[  373998ms] [LOG] [Fast Refresh] done in 636ms @ http://localhost:3000/_next/static/chunks/node_modules_next_dist_1e8vcs8._.js:776
[  374049ms] [LOG] [Fast Refresh] done in 636ms @ http://localhost:3000/_next/static/chunks/node_modules_next_dist_1e8vcs8._.js:776
[  374114ms] [LOG] [Fast Refresh] done in 636ms @ http://localhost:3000/_next/static/chunks/node_modules_next_dist_1e8vcs8._.js:776
[  374164ms] [LOG] [Fast Refresh] done in 636ms @ http://localhost:3000/_next/static/chunks/node_modules_next_dist_1e8vcs8._.js:776
[  374215ms] [LOG] [Fast Refresh] done in 636ms @ http://localhost:3000/_next/static/chunks/node_modules_next_dist_1e8vcs8._.js:776
[  374279ms] [LOG] [Fast Refresh] done in 636ms @ http://localhost:3000/_next/static/chunks/node_modules_next_dist_1e8vcs8._.js:776
[  374331ms] [LOG] [Fast Refresh] done in 636ms @ http://localhost:3000/_next/static/chunks/node_modules_next_dist_1e8vcs8._.js:776
[  374381ms] [LOG] [Fast Refresh] done in 636ms @ http://localhost:3000/_next/static/chunks/node_modules_next_dist_1e8vcs8._.js:776
[  374432ms] [LOG] [Fast Refresh] done in 636ms @ http://localhost:3000/_next/static/chunks/node_modules_next_dist_1e8vcs8._.js:776
[  374483ms] [LOG] [Fast Refresh] done in 636ms @ http://localhost:3000/_next/static/chunks/node_modules_next_dist_1e8vcs8._.js:776
[  374546ms] [LOG] [Fast Refresh] done in 636ms @ http://localhost:3000/_next/static/chunks/node_modules_next_dist_1e8vcs8._.js:776
[  374598ms] [LOG] [Fast Refresh] done in 636ms @ http://localhost:3000/_next/static/chunks/node_modules_next_dist_1e8vcs8._.js:776
[  374648ms] [LOG] [Fast Refresh] done in 636ms @ http://localhost:3000/_next/static/chunks/node_modules_next_dist_1e8vcs8._.js:776
[  374699ms] [LOG] [Fast Refresh] done in 636ms @ http://localhost:3000/_next/static/chunks/node_modules_next_dist_1e8vcs8._.js:776
[  374764ms] [LOG] [Fast Refresh] done in 636ms @ http://localhost:3000/_next/static/chunks/node_modules_next_dist_1e8vcs8._.js:776
[  374828ms] [LOG] [Fast Refresh] done in 636ms @ http://localhost:3000/_next/static/chunks/node_modules_next_dist_1e8vcs8._.js:776
[  374882ms] [LOG] [Fast Refresh] done in 636ms @ http://localhost:3000/_next/static/chunks/node_modules_next_dist_1e8vcs8._.js:776
[  374953ms] [LOG] [Fast Refresh] done in 636ms @ http://localhost:3000/_next/static/chunks/node_modules_next_dist_1e8vcs8._.js:776
[  375014ms] [LOG] [Fast Refresh] done in 636ms @ http://localhost:3000/_next/static/chunks/node_modules_next_dist_1e8vcs8._.js:776
[  375082ms] [LOG] [Fast Refresh] done in 636ms @ http://localhost:3000/_next/static/chunks/node_modules_next_dist_1e8vcs8._.js:776
[  375131ms] [LOG] [Fast Refresh] done in 636ms @ http://localhost:3000/_next/static/chunks/node_modules_next_dist_1e8vcs8._.js:776
[  375181ms] [LOG] [Fast Refresh] done in 636ms @ http://localhost:3000/_next/static/chunks/node_modules_next_dist_1e8vcs8._.js:776
[  375231ms] [LOG] [Fast Refresh] done in 636ms @ http://localhost:3000/_next/static/chunks/node_modules_next_dist_1e8vcs8._.js:776
[  375283ms] [LOG] [Fast Refresh] done in 636ms @ http://localhost:3000/_next/static/chunks/node_modules_next_dist_1e8vcs8._.js:776
[  375326ms] [LOG] [Fast Refresh] done in 636ms @ http://localhost:3000/_next/static/chunks/node_modules_next_dist_1e8vcs8._.js:776
[  375380ms] [LOG] [Fast Refresh] done in 636ms @ http://localhost:3000/_next/static/chunks/node_modules_next_dist_1e8vcs8._.js:776
[  375431ms] [LOG] [Fast Refresh] done in 636ms @ http://localhost:3000/_next/static/chunks/node_modules_next_dist_1e8vcs8._.js:776
[  375481ms] [LOG] [Fast Refresh] done in 636ms @ http://localhost:3000/_next/static/chunks/node_modules_next_dist_1e8vcs8._.js:776
[  375546ms] [LOG] [Fast Refresh] done in 636ms @ http://localhost:3000/_next/static/chunks/node_modules_next_dist_1e8vcs8._.js:776
[  375604ms] [LOG] [Fast Refresh] done in 636ms @ http://localhost:3000/_next/static/chunks/node_modules_next_dist_1e8vcs8._.js:776
[  375666ms] [LOG] [Fast Refresh] done in 636ms @ http://localhost:3000/_next/static/chunks/node_modules_next_dist_1e8vcs8._.js:776
[  375722ms] [LOG] [Fast Refresh] done in 636ms @ http://localhost:3000/_next/static/chunks/node_modules_next_dist_1e8vcs8._.js:776
[  375781ms] [LOG] [Fast Refresh] done in 636ms @ http://localhost:3000/_next/static/chunks/node_modules_next_dist_1e8vcs8._.js:776
[  375843ms] [LOG] [Fast Refresh] done in 636ms @ http://localhost:3000/_next/static/chunks/node_modules_next_dist_1e8vcs8._.js:776
[  375887ms] [LOG] [Fast Refresh] done in 636ms @ http://localhost:3000/_next/static/chunks/node_modules_next_dist_1e8vcs8._.js:776
[  375942ms] [LOG] [Fast Refresh] done in 636ms @ http://localhost:3000/_next/static/chunks/node_modules_next_dist_1e8vcs8._.js:776
[  375981ms] [LOG] [Fast Refresh] done in 636ms @ http://localhost:3000/_next/static/chunks/node_modules_next_dist_1e8vcs8._.js:776
[  376031ms] [LOG] [Fast Refresh] done in 636ms @ http://localhost:3000/_next/static/chunks/node_modules_next_dist_1e8vcs8._.js:776
[  376080ms] [LOG] [Fast Refresh] done in 636ms @ http://localhost:3000/_next/static/chunks/node_modules_next_dist_1e8vcs8._.js:776
[  376139ms] [LOG] [Fast Refresh] done in 636ms @ http://localhost:3000/_next/static/chunks/node_modules_next_dist_1e8vcs8._.js:776
[  376184ms] [LOG] [Fast Refresh] done in 636ms @ http://localhost:3000/_next/static/chunks/node_modules_next_dist_1e8vcs8._.js:776
[  376242ms] [LOG] [Fast Refresh] done in 636ms @ http://localhost:3000/_next/static/chunks/node_modules_next_dist_1e8vcs8._.js:776
[  376300ms] [LOG] [Fast Refresh] done in 636ms @ http://localhost:3000/_next/static/chunks/node_modules_next_dist_1e8vcs8._.js:776
[  376367ms] [LOG] [Fast Refresh] done in 636ms @ http://localhost:3000/_next/static/chunks/node_modules_next_dist_1e8vcs8._.js:776
[  376408ms] [LOG] [Fast Refresh] done in 636ms @ http://localhost:3000/_next/static/chunks/node_modules_next_dist_1e8vcs8._.js:776
[  376466ms] [LOG] [Fast Refresh] done in 636ms @ http://localhost:3000/_next/static/chunks/node_modules_next_dist_1e8vcs8._.js:776
[  376522ms] [LOG] [Fast Refresh] done in 636ms @ http://localhost:3000/_next/static/chunks/node_modules_next_dist_1e8vcs8._.js:776
[  376582ms] [LOG] [Fast Refresh] done in 636ms @ http://localhost:3000/_next/static/chunks/node_modules_next_dist_1e8vcs8._.js:776
[  376634ms] [LOG] [Fast Refresh] done in 636ms @ http://localhost:3000/_next/static/chunks/node_modules_next_dist_1e8vcs8._.js:776
[  376684ms] [LOG] [Fast Refresh] done in 636ms @ http://localhost:3000/_next/static/chunks/node_modules_next_dist_1e8vcs8._.js:776
[  376735ms] [LOG] [Fast Refresh] done in 636ms @ http://localhost:3000/_next/static/chunks/node_modules_next_dist_1e8vcs8._.js:776
[  376801ms] [LOG] [Fast Refresh] done in 636ms @ http://localhost:3000/_next/static/chunks/node_modules_next_dist_1e8vcs8._.js:776
[  376866ms] [LOG] [Fast Refresh] done in 636ms @ http://localhost:3000/_next/static/chunks/node_modules_next_dist_1e8vcs8._.js:776
[  376918ms] [LOG] [Fast Refresh] done in 636ms @ http://localhost:3000/_next/static/chunks/node_modules_next_dist_1e8vcs8._.js:776
[  376967ms] [LOG] [Fast Refresh] done in 636ms @ http://localhost:3000/_next/static/chunks/node_modules_next_dist_1e8vcs8._.js:776
[  377033ms] [LOG] [Fast Refresh] done in 636ms @ http://localhost:3000/_next/static/chunks/node_modules_next_dist_1e8vcs8._.js:776
[  377084ms] [LOG] [Fast Refresh] done in 636ms @ http://localhost:3000/_next/static/chunks/node_modules_next_dist_1e8vcs8._.js:776
[  377134ms] [LOG] [Fast Refresh] done in 636ms @ http://localhost:3000/_next/static/chunks/node_modules_next_dist_1e8vcs8._.js:776
[  377185ms] [LOG] [Fast Refresh] done in 636ms @ http://localhost:3000/_next/static/chunks/node_modules_next_dist_1e8vcs8._.js:776
[  377234ms] [LOG] [Fast Refresh] done in 636ms @ http://localhost:3000/_next/static/chunks/node_modules_next_dist_1e8vcs8._.js:776
[  377299ms] [LOG] [Fast Refresh] done in 636ms @ http://localhost:3000/_next/static/chunks/node_modules_next_dist_1e8vcs8._.js:776
[  377352ms] [LOG] [Fast Refresh] done in 636ms @ http://localhost:3000/_next/static/chunks/node_modules_next_dist_1e8vcs8._.js:776
[  377401ms] [LOG] [Fast Refresh] done in 636ms @ http://localhost:3000/_next/static/chunks/node_modules_next_dist_1e8vcs8._.js:776
[  377451ms] [LOG] [Fast Refresh] done in 636ms @ http://localhost:3000/_next/static/chunks/node_modules_next_dist_1e8vcs8._.js:776
[  377501ms] [LOG] [Fast Refresh] done in 636ms @ http://localhost:3000/_next/static/chunks/node_modules_next_dist_1e8vcs8._.js:776
[  377550ms] [LOG] [Fast Refresh] done in 636ms @ http://localhost:3000/_next/static/chunks/node_modules_next_dist_1e8vcs8._.js:776
[  377615ms] [LOG] [Fast Refresh] done in 636ms @ http://localhost:3000/_next/static/chunks/node_modules_next_dist_1e8vcs8._.js:776
[  377667ms] [LOG] [Fast Refresh] done in 636ms @ http://localhost:3000/_next/static/chunks/node_modules_next_dist_1e8vcs8._.js:776
[  377730ms] [LOG] [Fast Refresh] done in 636ms @ http://localhost:3000/_next/static/chunks/node_modules_next_dist_1e8vcs8._.js:776
[  377781ms] [LOG] [Fast Refresh] done in 636ms @ http://localhost:3000/_next/static/chunks/node_modules_next_dist_1e8vcs8._.js:776
[  377831ms] [LOG] [Fast Refresh] done in 636ms @ http://localhost:3000/_next/static/chunks/node_modules_next_dist_1e8vcs8._.js:776
[  377881ms] [LOG] [Fast Refresh] done in 636ms @ http://localhost:3000/_next/static/chunks/node_modules_next_dist_1e8vcs8._.js:776
[  377932ms] [LOG] [Fast Refresh] done in 636ms @ http://localhost:3000/_next/static/chunks/node_modules_next_dist_1e8vcs8._.js:776
[  377980ms] [LOG] [Fast Refresh] done in 636ms @ http://localhost:3000/_next/static/chunks/node_modules_next_dist_1e8vcs8._.js:776
[  378031ms] [LOG] [Fast Refresh] done in 636ms @ http://localhost:3000/_next/static/chunks/node_modules_next_dist_1e8vcs8._.js:776
[  378097ms] [LOG] [Fast Refresh] done in 636ms @ http://localhost:3000/_next/static/chunks/node_modules_next_dist_1e8vcs8._.js:776
[  378147ms] [LOG] [Fast Refresh] done in 636ms @ http://localhost:3000/_next/static/chunks/node_modules_next_dist_1e8vcs8._.js:776
[  378198ms] [LOG] [Fast Refresh] done in 636ms @ http://localhost:3000/_next/static/chunks/node_modules_next_dist_1e8vcs8._.js:776
[  378248ms] [LOG] [Fast Refresh] done in 636ms @ http://localhost:3000/_next/static/chunks/node_modules_next_dist_1e8vcs8._.js:776
[  378298ms] [LOG] [Fast Refresh] done in 636ms @ http://localhost:3000/_next/static/chunks/node_modules_next_dist_1e8vcs8._.js:776
[  378348ms] [LOG] [Fast Refresh] done in 636ms @ http://localhost:3000/_next/static/chunks/node_modules_next_dist_1e8vcs8._.js:776
[  378397ms] [LOG] [Fast Refresh] done in 636ms @ http://localhost:3000/_next/static/chunks/node_modules_next_dist_1e8vcs8._.js:776
[  378447ms] [LOG] [Fast Refresh] done in 636ms @ http://localhost:3000/_next/static/chunks/node_modules_next_dist_1e8vcs8._.js:776
[  378508ms] [LOG] [Fast Refresh] done in 636ms @ http://localhost:3000/_next/static/chunks/node_modules_next_dist_1e8vcs8._.js:776
[  378562ms] [LOG] [Fast Refresh] done in 636ms @ http://localhost:3000/_next/static/chunks/node_modules_next_dist_1e8vcs8._.js:776
[  378624ms] [LOG] [Fast Refresh] done in 636ms @ http://localhost:3000/_next/static/chunks/node_modules_next_dist_1e8vcs8._.js:776
[  378688ms] [LOG] [Fast Refresh] done in 636ms @ http://localhost:3000/_next/static/chunks/node_modules_next_dist_1e8vcs8._.js:776
[  378751ms] [LOG] [Fast Refresh] done in 636ms @ http://localhost:3000/_next/static/chunks/node_modules_next_dist_1e8vcs8._.js:776
[  378815ms] [LOG] [Fast Refresh] done in 636ms @ http://localhost:3000/_next/static/chunks/node_modules_next_dist_1e8vcs8._.js:776
[  378864ms] [LOG] [Fast Refresh] done in 636ms @ http://localhost:3000/_next/static/chunks/node_modules_next_dist_1e8vcs8._.js:776
[  378927ms] [LOG] [Fast Refresh] done in 636ms @ http://localhost:3000/_next/static/chunks/node_modules_next_dist_1e8vcs8._.js:776
[  378990ms] [LOG] [Fast Refresh] done in 636ms @ http://localhost:3000/_next/static/chunks/node_modules_next_dist_1e8vcs8._.js:776
[  379053ms] [LOG] [Fast Refresh] done in 636ms @ http://localhost:3000/_next/static/chunks/node_modules_next_dist_1e8vcs8._.js:776
[  379116ms] [LOG] [Fast Refresh] done in 636ms @ http://localhost:3000/_next/static/chunks/node_modules_next_dist_1e8vcs8._.js:776
[  379180ms] [LOG] [Fast Refresh] done in 636ms @ http://localhost:3000/_next/static/chunks/node_modules_next_dist_1e8vcs8._.js:776
[  379243ms] [LOG] [Fast Refresh] done in 636ms @ http://localhost:3000/_next/static/chunks/node_modules_next_dist_1e8vcs8._.js:776
[  379306ms] [LOG] [Fast Refresh] done in 636ms @ http://localhost:3000/_next/static/chunks/node_modules_next_dist_1e8vcs8._.js:776
[  379369ms] [LOG] [Fast Refresh] done in 636ms @ http://localhost:3000/_next/static/chunks/node_modules_next_dist_1e8vcs8._.js:776
[  379432ms] [LOG] [Fast Refresh] done in 636ms @ http://localhost:3000/_next/static/chunks/node_modules_next_dist_1e8vcs8._.js:776
[  379495ms] [LOG] [Fast Refresh] done in 636ms @ http://localhost:3000/_next/static/chunks/node_modules_next_dist_1e8vcs8._.js:776
[  379559ms] [LOG] [Fast Refresh] done in 636ms @ http://localhost:3000/_next/static/chunks/node_modules_next_dist_1e8vcs8._.js:776
[  379621ms] [LOG] [Fast Refresh] done in 636ms @ http://localhost:3000/_next/static/chunks/node_modules_next_dist_1e8vcs8._.js:776
[  379684ms] [LOG] [Fast Refresh] done in 636ms @ http://localhost:3000/_next/static/chunks/node_modules_next_dist_1e8vcs8._.js:776
[  379748ms] [LOG] [Fast Refresh] done in 636ms @ http://localhost:3000/_next/static/chunks/node_modules_next_dist_1e8vcs8._.js:776
[  379812ms] [LOG] [Fast Refresh] done in 636ms @ http://localhost:3000/_next/static/chunks/node_modules_next_dist_1e8vcs8._.js:776
[  379874ms] [LOG] [Fast Refresh] done in 636ms @ http://localhost:3000/_next/static/chunks/node_modules_next_dist_1e8vcs8._.js:776
[  379927ms] [LOG] [Fast Refresh] done in 636ms @ http://localhost:3000/_next/static/chunks/node_modules_next_dist_1e8vcs8._.js:776
[  379981ms] [LOG] [Fast Refresh] done in 636ms @ http://localhost:3000/_next/static/chunks/node_modules_next_dist_1e8vcs8._.js:776
[  380032ms] [LOG] [Fast Refresh] done in 636ms @ http://localhost:3000/_next/static/chunks/node_modules_next_dist_1e8vcs8._.js:776
[  380086ms] [LOG] [Fast Refresh] done in 636ms @ http://localhost:3000/_next/static/chunks/node_modules_next_dist_1e8vcs8._.js:776
[  380145ms] [LOG] [Fast Refresh] done in 636ms @ http://localhost:3000/_next/static/chunks/node_modules_next_dist_1e8vcs8._.js:776
[  380201ms] [LOG] [Fast Refresh] done in 636ms @ http://localhost:3000/_next/static/chunks/node_modules_next_dist_1e8vcs8._.js:776
[  380256ms] [LOG] [Fast Refresh] done in 636ms @ http://localhost:3000/_next/static/chunks/node_modules_next_dist_1e8vcs8._.js:776
[  380300ms] [LOG] [Fast Refresh] done in 636ms @ http://localhost:3000/_next/static/chunks/node_modules_next_dist_1e8vcs8._.js:776
[  380350ms] [LOG] [Fast Refresh] done in 636ms @ http://localhost:3000/_next/static/chunks/node_modules_next_dist_1e8vcs8._.js:776
[  380395ms] [LOG] [Fast Refresh] done in 636ms @ http://localhost:3000/_next/static/chunks/node_modules_next_dist_1e8vcs8._.js:776
[  380452ms] [LOG] [Fast Refresh] done in 636ms @ http://localhost:3000/_next/static/chunks/node_modules_next_dist_1e8vcs8._.js:776
[  380499ms] [LOG] [Fast Refresh] done in 636ms @ http://localhost:3000/_next/static/chunks/node_modules_next_dist_1e8vcs8._.js:776
[  380543ms] [LOG] [Fast Refresh] done in 636ms @ http://localhost:3000/_next/static/chunks/node_modules_next_dist_1e8vcs8._.js:776
[  380591ms] [LOG] [Fast Refresh] done in 636ms @ http://localhost:3000/_next/static/chunks/node_modules_next_dist_1e8vcs8._.js:776
[  380645ms] [LOG] [Fast Refresh] done in 636ms @ http://localhost:3000/_next/static/chunks/node_modules_next_dist_1e8vcs8._.js:776
[  380718ms] [LOG] [Fast Refresh] done in 636ms @ http://localhost:3000/_next/static/chunks/node_modules_next_dist_1e8vcs8._.js:776
[  380774ms] [LOG] [Fast Refresh] done in 636ms @ http://localhost:3000/_next/static/chunks/node_modules_next_dist_1e8vcs8._.js:776
[  380834ms] [LOG] [Fast Refresh] done in 636ms @ http://localhost:3000/_next/static/chunks/node_modules_next_dist_1e8vcs8._.js:776
[  380898ms] [LOG] [Fast Refresh] done in 636ms @ http://localhost:3000/_next/static/chunks/node_modules_next_dist_1e8vcs8._.js:776
[  380963ms] [LOG] [Fast Refresh] done in 636ms @ http://localhost:3000/_next/static/chunks/node_modules_next_dist_1e8vcs8._.js:776
[  381029ms] [LOG] [Fast Refresh] done in 636ms @ http://localhost:3000/_next/static/chunks/node_modules_next_dist_1e8vcs8._.js:776
[  381091ms] [LOG] [Fast Refresh] done in 636ms @ http://localhost:3000/_next/static/chunks/node_modules_next_dist_1e8vcs8._.js:776
[  381151ms] [LOG] [Fast Refresh] done in 636ms @ http://localhost:3000/_next/static/chunks/node_modules_next_dist_1e8vcs8._.js:776
[  381215ms] [LOG] [Fast Refresh] done in 636ms @ http://localhost:3000/_next/static/chunks/node_modules_next_dist_1e8vcs8._.js:776
[  381263ms] [LOG] [Fast Refresh] done in 636ms @ http://localhost:3000/_next/static/chunks/node_modules_next_dist_1e8vcs8._.js:776
[  381327ms] [LOG] [Fast Refresh] done in 636ms @ http://localhost:3000/_next/static/chunks/node_modules_next_dist_1e8vcs8._.js:776
[  381390ms] [LOG] [Fast Refresh] done in 636ms @ http://localhost:3000/_next/static/chunks/node_modules_next_dist_1e8vcs8._.js:776
[  381453ms] [LOG] [Fast Refresh] done in 636ms @ http://localhost:3000/_next/static/chunks/node_modules_next_dist_1e8vcs8._.js:776
[  381515ms] [LOG] [Fast Refresh] done in 636ms @ http://localhost:3000/_next/static/chunks/node_modules_next_dist_1e8vcs8._.js:776
[  381579ms] [LOG] [Fast Refresh] done in 636ms @ http://localhost:3000/_next/static/chunks/node_modules_next_dist_1e8vcs8._.js:776
[  381642ms] [LOG] [Fast Refresh] done in 636ms @ http://localhost:3000/_next/static/chunks/node_modules_next_dist_1e8vcs8._.js:776
[  381694ms] [LOG] [Fast Refresh] done in 636ms @ http://localhost:3000/_next/static/chunks/node_modules_next_dist_1e8vcs8._.js:776
[  381758ms] [LOG] [Fast Refresh] done in 636ms @ http://localhost:3000/_next/static/chunks/node_modules_next_dist_1e8vcs8._.js:776
[  381812ms] [LOG] [Fast Refresh] done in 636ms @ http://localhost:3000/_next/static/chunks/node_modules_next_dist_1e8vcs8._.js:776
[  381875ms] [LOG] [Fast Refresh] done in 636ms @ http://localhost:3000/_next/static/chunks/node_modules_next_dist_1e8vcs8._.js:776
[  381929ms] [LOG] [Fast Refresh] done in 636ms @ http://localhost:3000/_next/static/chunks/node_modules_next_dist_1e8vcs8._.js:776
[  381993ms] [LOG] [Fast Refresh] done in 636ms @ http://localhost:3000/_next/static/chunks/node_modules_next_dist_1e8vcs8._.js:776
[  382056ms] [LOG] [Fast Refresh] done in 636ms @ http://localhost:3000/_next/static/chunks/node_modules_next_dist_1e8vcs8._.js:776
[  382119ms] [LOG] [Fast Refresh] done in 636ms @ http://localhost:3000/_next/static/chunks/node_modules_next_dist_1e8vcs8._.js:776
[  382182ms] [LOG] [Fast Refresh] done in 636ms @ http://localhost:3000/_next/static/chunks/node_modules_next_dist_1e8vcs8._.js:776
[  382246ms] [LOG] [Fast Refresh] done in 636ms @ http://localhost:3000/_next/static/chunks/node_modules_next_dist_1e8vcs8._.js:776
[  382297ms] [LOG] [Fast Refresh] done in 636ms @ http://localhost:3000/_next/static/chunks/node_modules_next_dist_1e8vcs8._.js:776
[  382361ms] [LOG] [Fast Refresh] done in 636ms @ http://localhost:3000/_next/static/chunks/node_modules_next_dist_1e8vcs8._.js:776
[  382412ms] [LOG] [Fast Refresh] done in 636ms @ http://localhost:3000/_next/static/chunks/node_modules_next_dist_1e8vcs8._.js:776
[  382465ms] [LOG] [Fast Refresh] done in 636ms @ http://localhost:3000/_next/static/chunks/node_modules_next_dist_1e8vcs8._.js:776
[  382522ms] [LOG] [Fast Refresh] done in 636ms @ http://localhost:3000/_next/static/chunks/node_modules_next_dist_1e8vcs8._.js:776
[  382579ms] [LOG] [Fast Refresh] done in 636ms @ http://localhost:3000/_next/static/chunks/node_modules_next_dist_1e8vcs8._.js:776
[  382642ms] [LOG] [Fast Refresh] done in 636ms @ http://localhost:3000/_next/static/chunks/node_modules_next_dist_1e8vcs8._.js:776
[  382696ms] [LOG] [Fast Refresh] done in 636ms @ http://localhost:3000/_next/static/chunks/node_modules_next_dist_1e8vcs8._.js:776
[  382747ms] [LOG] [Fast Refresh] done in 636ms @ http://localhost:3000/_next/static/chunks/node_modules_next_dist_1e8vcs8._.js:776
[  382810ms] [LOG] [Fast Refresh] done in 636ms @ http://localhost:3000/_next/static/chunks/node_modules_next_dist_1e8vcs8._.js:776
[  382877ms] [LOG] [Fast Refresh] done in 636ms @ http://localhost:3000/_next/static/chunks/node_modules_next_dist_1e8vcs8._.js:776
[  382930ms] [LOG] [Fast Refresh] done in 636ms @ http://localhost:3000/_next/static/chunks/node_modules_next_dist_1e8vcs8._.js:776
[  382978ms] [LOG] [Fast Refresh] done in 636ms @ http://localhost:3000/_next/static/chunks/node_modules_next_dist_1e8vcs8._.js:776
[  383042ms] [LOG] [Fast Refresh] done in 636ms @ http://localhost:3000/_next/static/chunks/node_modules_next_dist_1e8vcs8._.js:776
[  383106ms] [LOG] [Fast Refresh] done in 636ms @ http://localhost:3000/_next/static/chunks/node_modules_next_dist_1e8vcs8._.js:776
[  383170ms] [LOG] [Fast Refresh] done in 636ms @ http://localhost:3000/_next/static/chunks/node_modules_next_dist_1e8vcs8._.js:776
[  383233ms] [LOG] [Fast Refresh] done in 636ms @ http://localhost:3000/_next/static/chunks/node_modules_next_dist_1e8vcs8._.js:776
[  383296ms] [LOG] [Fast Refresh] done in 636ms @ http://localhost:3000/_next/static/chunks/node_modules_next_dist_1e8vcs8._.js:776
[  383348ms] [LOG] [Fast Refresh] done in 636ms @ http://localhost:3000/_next/static/chunks/node_modules_next_dist_1e8vcs8._.js:776
[  383397ms] [LOG] [Fast Refresh] done in 636ms @ http://localhost:3000/_next/static/chunks/node_modules_next_dist_1e8vcs8._.js:776
[  383447ms] [LOG] [Fast Refresh] done in 636ms @ http://localhost:3000/_next/static/chunks/node_modules_next_dist_1e8vcs8._.js:776
[  383496ms] [LOG] [Fast Refresh] done in 636ms @ http://localhost:3000/_next/static/chunks/node_modules_next_dist_1e8vcs8._.js:776
[  383557ms] [LOG] [Fast Refresh] done in 636ms @ http://localhost:3000/_next/static/chunks/node_modules_next_dist_1e8vcs8._.js:776
[  383605ms] [LOG] [Fast Refresh] done in 636ms @ http://localhost:3000/_next/static/chunks/node_modules_next_dist_1e8vcs8._.js:776
[  383655ms] [LOG] [Fast Refresh] done in 636ms @ http://localhost:3000/_next/static/chunks/node_modules_next_dist_1e8vcs8._.js:776
[  383711ms] [LOG] [Fast Refresh] done in 636ms @ http://localhost:3000/_next/static/chunks/node_modules_next_dist_1e8vcs8._.js:776
[  383762ms] [LOG] [Fast Refresh] done in 636ms @ http://localhost:3000/_next/static/chunks/node_modules_next_dist_1e8vcs8._.js:776
[  383826ms] [LOG] [Fast Refresh] done in 636ms @ http://localhost:3000/_next/static/chunks/node_modules_next_dist_1e8vcs8._.js:776
[  383889ms] [LOG] [Fast Refresh] done in 636ms @ http://localhost:3000/_next/static/chunks/node_modules_next_dist_1e8vcs8._.js:776
[  383946ms] [LOG] [Fast Refresh] done in 636ms @ http://localhost:3000/_next/static/chunks/node_modules_next_dist_1e8vcs8._.js:776
[  384010ms] [LOG] [Fast Refresh] done in 636ms @ http://localhost:3000/_next/static/chunks/node_modules_next_dist_1e8vcs8._.js:776
[  384060ms] [LOG] [Fast Refresh] done in 636ms @ http://localhost:3000/_next/static/chunks/node_modules_next_dist_1e8vcs8._.js:776
[  384114ms] [LOG] [Fast Refresh] done in 636ms @ http://localhost:3000/_next/static/chunks/node_modules_next_dist_1e8vcs8._.js:776
[  384179ms] [LOG] [Fast Refresh] done in 636ms @ http://localhost:3000/_next/static/chunks/node_modules_next_dist_1e8vcs8._.js:776
[  384233ms] [LOG] [Fast Refresh] done in 636ms @ http://localhost:3000/_next/static/chunks/node_modules_next_dist_1e8vcs8._.js:776
[  384281ms] [LOG] [Fast Refresh] done in 636ms @ http://localhost:3000/_next/static/chunks/node_modules_next_dist_1e8vcs8._.js:776
[  384344ms] [LOG] [Fast Refresh] done in 636ms @ http://localhost:3000/_next/static/chunks/node_modules_next_dist_1e8vcs8._.js:776
[  384397ms] [LOG] [Fast Refresh] done in 636ms @ http://localhost:3000/_next/static/chunks/node_modules_next_dist_1e8vcs8._.js:776
[  384446ms] [LOG] [Fast Refresh] done in 636ms @ http://localhost:3000/_next/static/chunks/node_modules_next_dist_1e8vcs8._.js:776
[  384492ms] [LOG] [Fast Refresh] done in 636ms @ http://localhost:3000/_next/static/chunks/node_modules_next_dist_1e8vcs8._.js:776
[  384547ms] [LOG] [Fast Refresh] done in 636ms @ http://localhost:3000/_next/static/chunks/node_modules_next_dist_1e8vcs8._.js:776
[  384609ms] [LOG] [Fast Refresh] done in 636ms @ http://localhost:3000/_next/static/chunks/node_modules_next_dist_1e8vcs8._.js:776
[  384672ms] [LOG] [Fast Refresh] done in 636ms @ http://localhost:3000/_next/static/chunks/node_modules_next_dist_1e8vcs8._.js:776
[  384735ms] [LOG] [Fast Refresh] done in 636ms @ http://localhost:3000/_next/static/chunks/node_modules_next_dist_1e8vcs8._.js:776
[  384798ms] [LOG] [Fast Refresh] done in 636ms @ http://localhost:3000/_next/static/chunks/node_modules_next_dist_1e8vcs8._.js:776
[  384861ms] [LOG] [Fast Refresh] done in 636ms @ http://localhost:3000/_next/static/chunks/node_modules_next_dist_1e8vcs8._.js:776
[  384900ms] [LOG] [Fast Refresh] done in 636ms @ http://localhost:3000/_next/static/chunks/node_modules_next_dist_1e8vcs8._.js:776
[  384962ms] [LOG] [Fast Refresh] done in 636ms @ http://localhost:3000/_next/static/chunks/node_modules_next_dist_1e8vcs8._.js:776
[  385018ms] [LOG] [Fast Refresh] done in 636ms @ http://localhost:3000/_next/static/chunks/node_modules_next_dist_1e8vcs8._.js:776
[  385078ms] [LOG] [Fast Refresh] done in 636ms @ http://localhost:3000/_next/static/chunks/node_modules_next_dist_1e8vcs8._.js:776
[  385132ms] [LOG] [Fast Refresh] done in 636ms @ http://localhost:3000/_next/static/chunks/node_modules_next_dist_1e8vcs8._.js:776
[  385181ms] [LOG] [Fast Refresh] done in 636ms @ http://localhost:3000/_next/static/chunks/node_modules_next_dist_1e8vcs8._.js:776
[  385230ms] [LOG] [Fast Refresh] done in 636ms @ http://localhost:3000/_next/static/chunks/node_modules_next_dist_1e8vcs8._.js:776
[  385291ms] [LOG] [Fast Refresh] done in 636ms @ http://localhost:3000/_next/static/chunks/node_modules_next_dist_1e8vcs8._.js:776
[  385354ms] [LOG] [Fast Refresh] done in 636ms @ http://localhost:3000/_next/static/chunks/node_modules_next_dist_1e8vcs8._.js:776
[  385417ms] [LOG] [Fast Refresh] done in 636ms @ http://localhost:3000/_next/static/chunks/node_modules_next_dist_1e8vcs8._.js:776
[  385465ms] [LOG] [Fast Refresh] done in 636ms @ http://localhost:3000/_next/static/chunks/node_modules_next_dist_1e8vcs8._.js:776
[  385514ms] [LOG] [Fast Refresh] done in 636ms @ http://localhost:3000/_next/static/chunks/node_modules_next_dist_1e8vcs8._.js:776
[  385578ms] [LOG] [Fast Refresh] done in 636ms @ http://localhost:3000/_next/static/chunks/node_modules_next_dist_1e8vcs8._.js:776
[  385642ms] [LOG] [Fast Refresh] done in 636ms @ http://localhost:3000/_next/static/chunks/node_modules_next_dist_1e8vcs8._.js:776
[  385696ms] [LOG] [Fast Refresh] done in 636ms @ http://localhost:3000/_next/static/chunks/node_modules_next_dist_1e8vcs8._.js:776
[  385747ms] [LOG] [Fast Refresh] done in 636ms @ http://localhost:3000/_next/static/chunks/node_modules_next_dist_1e8vcs8._.js:776
[  385793ms] [LOG] [Fast Refresh] done in 636ms @ http://localhost:3000/_next/static/chunks/node_modules_next_dist_1e8vcs8._.js:776
[  385846ms] [LOG] [Fast Refresh] done in 636ms @ http://localhost:3000/_next/static/chunks/node_modules_next_dist_1e8vcs8._.js:776
[  385894ms] [LOG] [Fast Refresh] done in 636ms @ http://localhost:3000/_next/static/chunks/node_modules_next_dist_1e8vcs8._.js:776
[  385945ms] [LOG] [Fast Refresh] done in 636ms @ http://localhost:3000/_next/static/chunks/node_modules_next_dist_1e8vcs8._.js:776
[  386009ms] [LOG] [Fast Refresh] done in 636ms @ http://localhost:3000/_next/static/chunks/node_modules_next_dist_1e8vcs8._.js:776
[  386072ms] [LOG] [Fast Refresh] done in 636ms @ http://localhost:3000/_next/static/chunks/node_modules_next_dist_1e8vcs8._.js:776
[  386135ms] [LOG] [Fast Refresh] done in 636ms @ http://localhost:3000/_next/static/chunks/node_modules_next_dist_1e8vcs8._.js:776
[  386200ms] [LOG] [Fast Refresh] done in 636ms @ http://localhost:3000/_next/static/chunks/node_modules_next_dist_1e8vcs8._.js:776
[  386263ms] [LOG] [Fast Refresh] done in 636ms @ http://localhost:3000/_next/static/chunks/node_modules_next_dist_1e8vcs8._.js:776
[  386328ms] [LOG] [Fast Refresh] done in 636ms @ http://localhost:3000/_next/static/chunks/node_modules_next_dist_1e8vcs8._.js:776
[  386384ms] [LOG] [Fast Refresh] done in 636ms @ http://localhost:3000/_next/static/chunks/node_modules_next_dist_1e8vcs8._.js:776
[  386446ms] [LOG] [Fast Refresh] done in 636ms @ http://localhost:3000/_next/static/chunks/node_modules_next_dist_1e8vcs8._.js:776
[  386509ms] [LOG] [Fast Refresh] done in 636ms @ http://localhost:3000/_next/static/chunks/node_modules_next_dist_1e8vcs8._.js:776
[  386562ms] [LOG] [Fast Refresh] done in 636ms @ http://localhost:3000/_next/static/chunks/node_modules_next_dist_1e8vcs8._.js:776
[  386613ms] [LOG] [Fast Refresh] done in 636ms @ http://localhost:3000/_next/static/chunks/node_modules_next_dist_1e8vcs8._.js:776
[  386677ms] [LOG] [Fast Refresh] done in 636ms @ http://localhost:3000/_next/static/chunks/node_modules_next_dist_1e8vcs8._.js:776
[  386738ms] [LOG] [Fast Refresh] done in 636ms @ http://localhost:3000/_next/static/chunks/node_modules_next_dist_1e8vcs8._.js:776
[  386829ms] [LOG] [Fast Refresh] done in 636ms @ http://localhost:3000/_next/static/chunks/node_modules_next_dist_1e8vcs8._.js:776
[  386892ms] [LOG] [Fast Refresh] done in 636ms @ http://localhost:3000/_next/static/chunks/node_modules_next_dist_1e8vcs8._.js:776
[  386946ms] [LOG] [Fast Refresh] done in 636ms @ http://localhost:3000/_next/static/chunks/node_modules_next_dist_1e8vcs8._.js:776
[  387008ms] [LOG] [Fast Refresh] done in 636ms @ http://localhost:3000/_next/static/chunks/node_modules_next_dist_1e8vcs8._.js:776
[  387071ms] [LOG] [Fast Refresh] done in 636ms @ http://localhost:3000/_next/static/chunks/node_modules_next_dist_1e8vcs8._.js:776
[  387112ms] [LOG] [Fast Refresh] done in 636ms @ http://localhost:3000/_next/static/chunks/node_modules_next_dist_1e8vcs8._.js:776
[  387176ms] [LOG] [Fast Refresh] done in 636ms @ http://localhost:3000/_next/static/chunks/node_modules_next_dist_1e8vcs8._.js:776
[  387228ms] [LOG] [Fast Refresh] done in 636ms @ http://localhost:3000/_next/static/chunks/node_modules_next_dist_1e8vcs8._.js:776
[  387280ms] [LOG] [Fast Refresh] done in 636ms @ http://localhost:3000/_next/static/chunks/node_modules_next_dist_1e8vcs8._.js:776
[  387331ms] [LOG] [Fast Refresh] done in 636ms @ http://localhost:3000/_next/static/chunks/node_modules_next_dist_1e8vcs8._.js:776
[  387381ms] [LOG] [Fast Refresh] done in 636ms @ http://localhost:3000/_next/static/chunks/node_modules_next_dist_1e8vcs8._.js:776
[  387443ms] [LOG] [Fast Refresh] done in 636ms @ http://localhost:3000/_next/static/chunks/node_modules_next_dist_1e8vcs8._.js:776
[  387496ms] [LOG] [Fast Refresh] done in 636ms @ http://localhost:3000/_next/static/chunks/node_modules_next_dist_1e8vcs8._.js:776
[  387561ms] [LOG] [Fast Refresh] done in 636ms @ http://localhost:3000/_next/static/chunks/node_modules_next_dist_1e8vcs8._.js:776
[  387624ms] [LOG] [Fast Refresh] done in 636ms @ http://localhost:3000/_next/static/chunks/node_modules_next_dist_1e8vcs8._.js:776
[  387674ms] [LOG] [Fast Refresh] done in 636ms @ http://localhost:3000/_next/static/chunks/node_modules_next_dist_1e8vcs8._.js:776
[  387715ms] [LOG] [Fast Refresh] done in 636ms @ http://localhost:3000/_next/static/chunks/node_modules_next_dist_1e8vcs8._.js:776
[  387777ms] [LOG] [Fast Refresh] done in 636ms @ http://localhost:3000/_next/static/chunks/node_modules_next_dist_1e8vcs8._.js:776
[  387831ms] [LOG] [Fast Refresh] done in 636ms @ http://localhost:3000/_next/static/chunks/node_modules_next_dist_1e8vcs8._.js:776
[  387880ms] [LOG] [Fast Refresh] done in 636ms @ http://localhost:3000/_next/static/chunks/node_modules_next_dist_1e8vcs8._.js:776
[  387930ms] [LOG] [Fast Refresh] done in 636ms @ http://localhost:3000/_next/static/chunks/node_modules_next_dist_1e8vcs8._.js:776
[  387978ms] [LOG] [Fast Refresh] done in 636ms @ http://localhost:3000/_next/static/chunks/node_modules_next_dist_1e8vcs8._.js:776
[  388041ms] [LOG] [Fast Refresh] done in 636ms @ http://localhost:3000/_next/static/chunks/node_modules_next_dist_1e8vcs8._.js:776
[  388089ms] [LOG] [Fast Refresh] done in 636ms @ http://localhost:3000/_next/static/chunks/node_modules_next_dist_1e8vcs8._.js:776
[  388153ms] [LOG] [Fast Refresh] done in 636ms @ http://localhost:3000/_next/static/chunks/node_modules_next_dist_1e8vcs8._.js:776
[  388216ms] [LOG] [Fast Refresh] done in 636ms @ http://localhost:3000/_next/static/chunks/node_modules_next_dist_1e8vcs8._.js:776
[  388280ms] [LOG] [Fast Refresh] done in 636ms @ http://localhost:3000/_next/static/chunks/node_modules_next_dist_1e8vcs8._.js:776
[  388330ms] [LOG] [Fast Refresh] done in 636ms @ http://localhost:3000/_next/static/chunks/node_modules_next_dist_1e8vcs8._.js:776
[  388381ms] [LOG] [Fast Refresh] done in 636ms @ http://localhost:3000/_next/static/chunks/node_modules_next_dist_1e8vcs8._.js:776
[  388432ms] [LOG] [Fast Refresh] done in 636ms @ http://localhost:3000/_next/static/chunks/node_modules_next_dist_1e8vcs8._.js:776
[  388496ms] [LOG] [Fast Refresh] done in 636ms @ http://localhost:3000/_next/static/chunks/node_modules_next_dist_1e8vcs8._.js:776
[  388559ms] [LOG] [Fast Refresh] done in 636ms @ http://localhost:3000/_next/static/chunks/node_modules_next_dist_1e8vcs8._.js:776
[  388614ms] [LOG] [Fast Refresh] done in 636ms @ http://localhost:3000/_next/static/chunks/node_modules_next_dist_1e8vcs8._.js:776
[  388665ms] [LOG] [Fast Refresh] done in 636ms @ http://localhost:3000/_next/static/chunks/node_modules_next_dist_1e8vcs8._.js:776
[  388721ms] [LOG] [Fast Refresh] done in 636ms @ http://localhost:3000/_next/static/chunks/node_modules_next_dist_1e8vcs8._.js:776
[  388779ms] [LOG] [Fast Refresh] done in 636ms @ http://localhost:3000/_next/static/chunks/node_modules_next_dist_1e8vcs8._.js:776
[  388831ms] [LOG] [Fast Refresh] done in 636ms @ http://localhost:3000/_next/static/chunks/node_modules_next_dist_1e8vcs8._.js:776
[  388896ms] [LOG] [Fast Refresh] done in 636ms @ http://localhost:3000/_next/static/chunks/node_modules_next_dist_1e8vcs8._.js:776
[  388947ms] [LOG] [Fast Refresh] done in 636ms @ http://localhost:3000/_next/static/chunks/node_modules_next_dist_1e8vcs8._.js:776
[  388997ms] [LOG] [Fast Refresh] done in 636ms @ http://localhost:3000/_next/static/chunks/node_modules_next_dist_1e8vcs8._.js:776
[  389062ms] [LOG] [Fast Refresh] done in 636ms @ http://localhost:3000/_next/static/chunks/node_modules_next_dist_1e8vcs8._.js:776
[  389126ms] [LOG] [Fast Refresh] done in 636ms @ http://localhost:3000/_next/static/chunks/node_modules_next_dist_1e8vcs8._.js:776
[  389188ms] [LOG] [Fast Refresh] done in 636ms @ http://localhost:3000/_next/static/chunks/node_modules_next_dist_1e8vcs8._.js:776
[  389251ms] [LOG] [Fast Refresh] done in 636ms @ http://localhost:3000/_next/static/chunks/node_modules_next_dist_1e8vcs8._.js:776
[  389314ms] [LOG] [Fast Refresh] done in 636ms @ http://localhost:3000/_next/static/chunks/node_modules_next_dist_1e8vcs8._.js:776
[  389378ms] [LOG] [Fast Refresh] done in 636ms @ http://localhost:3000/_next/static/chunks/node_modules_next_dist_1e8vcs8._.js:776
[  389439ms] [LOG] [Fast Refresh] done in 636ms @ http://localhost:3000/_next/static/chunks/node_modules_next_dist_1e8vcs8._.js:776
[  389498ms] [LOG] [Fast Refresh] done in 636ms @ http://localhost:3000/_next/static/chunks/node_modules_next_dist_1e8vcs8._.js:776
[  389561ms] [LOG] [Fast Refresh] done in 636ms @ http://localhost:3000/_next/static/chunks/node_modules_next_dist_1e8vcs8._.js:776
[  389608ms] [LOG] [Fast Refresh] done in 636ms @ http://localhost:3000/_next/static/chunks/node_modules_next_dist_1e8vcs8._.js:776
[  389671ms] [LOG] [Fast Refresh] done in 636ms @ http://localhost:3000/_next/static/chunks/node_modules_next_dist_1e8vcs8._.js:776
[  389735ms] [LOG] [Fast Refresh] done in 636ms @ http://localhost:3000/_next/static/chunks/node_modules_next_dist_1e8vcs8._.js:776
[  389799ms] [LOG] [Fast Refresh] done in 636ms @ http://localhost:3000/_next/static/chunks/node_modules_next_dist_1e8vcs8._.js:776
[  389862ms] [LOG] [Fast Refresh] done in 636ms @ http://localhost:3000/_next/static/chunks/node_modules_next_dist_1e8vcs8._.js:776
[  389926ms] [LOG] [Fast Refresh] done in 636ms @ http://localhost:3000/_next/static/chunks/node_modules_next_dist_1e8vcs8._.js:776
[  389980ms] [LOG] [Fast Refresh] done in 636ms @ http://localhost:3000/_next/static/chunks/node_modules_next_dist_1e8vcs8._.js:776
[  390030ms] [LOG] [Fast Refresh] done in 636ms @ http://localhost:3000/_next/static/chunks/node_modules_next_dist_1e8vcs8._.js:776
[  390093ms] [LOG] [Fast Refresh] done in 636ms @ http://localhost:3000/_next/static/chunks/node_modules_next_dist_1e8vcs8._.js:776
[  390157ms] [LOG] [Fast Refresh] done in 636ms @ http://localhost:3000/_next/static/chunks/node_modules_next_dist_1e8vcs8._.js:776
[  390221ms] [LOG] [Fast Refresh] done in 636ms @ http://localhost:3000/_next/static/chunks/node_modules_next_dist_1e8vcs8._.js:776
[  390284ms] [LOG] [Fast Refresh] done in 636ms @ http://localhost:3000/_next/static/chunks/node_modules_next_dist_1e8vcs8._.js:776
[  390348ms] [LOG] [Fast Refresh] done in 636ms @ http://localhost:3000/_next/static/chunks/node_modules_next_dist_1e8vcs8._.js:776
[  390396ms] [LOG] [Fast Refresh] done in 636ms @ http://localhost:3000/_next/static/chunks/node_modules_next_dist_1e8vcs8._.js:776
[  390444ms] [LOG] [Fast Refresh] done in 636ms @ http://localhost:3000/_next/static/chunks/node_modules_next_dist_1e8vcs8._.js:776
[  390507ms] [LOG] [Fast Refresh] done in 636ms @ http://localhost:3000/_next/static/chunks/node_modules_next_dist_1e8vcs8._.js:776
[  390564ms] [LOG] [Fast Refresh] done in 636ms @ http://localhost:3000/_next/static/chunks/node_modules_next_dist_1e8vcs8._.js:776
[  390627ms] [LOG] [Fast Refresh] done in 636ms @ http://localhost:3000/_next/static/chunks/node_modules_next_dist_1e8vcs8._.js:776
[  390690ms] [LOG] [Fast Refresh] done in 636ms @ http://localhost:3000/_next/static/chunks/node_modules_next_dist_1e8vcs8._.js:776
[  390754ms] [LOG] [Fast Refresh] done in 636ms @ http://localhost:3000/_next/static/chunks/node_modules_next_dist_1e8vcs8._.js:776
[  390801ms] [LOG] [Fast Refresh] done in 636ms @ http://localhost:3000/_next/static/chunks/node_modules_next_dist_1e8vcs8._.js:776
[  390865ms] [LOG] [Fast Refresh] done in 636ms @ http://localhost:3000/_next/static/chunks/node_modules_next_dist_1e8vcs8._.js:776
[  390928ms] [LOG] [Fast Refresh] done in 636ms @ http://localhost:3000/_next/static/chunks/node_modules_next_dist_1e8vcs8._.js:776
[  390980ms] [LOG] [Fast Refresh] done in 636ms @ http://localhost:3000/_next/static/chunks/node_modules_next_dist_1e8vcs8._.js:776
[  391044ms] [LOG] [Fast Refresh] done in 636ms @ http://localhost:3000/_next/static/chunks/node_modules_next_dist_1e8vcs8._.js:776
[  391097ms] [LOG] [Fast Refresh] done in 636ms @ http://localhost:3000/_next/static/chunks/node_modules_next_dist_1e8vcs8._.js:776
[  391160ms] [LOG] [Fast Refresh] done in 636ms @ http://localhost:3000/_next/static/chunks/node_modules_next_dist_1e8vcs8._.js:776
[  391222ms] [LOG] [Fast Refresh] done in 636ms @ http://localhost:3000/_next/static/chunks/node_modules_next_dist_1e8vcs8._.js:776
[  391285ms] [LOG] [Fast Refresh] done in 636ms @ http://localhost:3000/_next/static/chunks/node_modules_next_dist_1e8vcs8._.js:776
[  391349ms] [LOG] [Fast Refresh] done in 636ms @ http://localhost:3000/_next/static/chunks/node_modules_next_dist_1e8vcs8._.js:776
[  391412ms] [LOG] [Fast Refresh] done in 636ms @ http://localhost:3000/_next/static/chunks/node_modules_next_dist_1e8vcs8._.js:776
[  391476ms] [LOG] [Fast Refresh] done in 636ms @ http://localhost:3000/_next/static/chunks/node_modules_next_dist_1e8vcs8._.js:776
[  391552ms] [LOG] [Fast Refresh] done in 636ms @ http://localhost:3000/_next/static/chunks/node_modules_next_dist_1e8vcs8._.js:776
[  391607ms] [LOG] [Fast Refresh] done in 636ms @ http://localhost:3000/_next/static/chunks/node_modules_next_dist_1e8vcs8._.js:776
[  391662ms] [LOG] [Fast Refresh] done in 636ms @ http://localhost:3000/_next/static/chunks/node_modules_next_dist_1e8vcs8._.js:776
[  391725ms] [LOG] [Fast Refresh] done in 636ms @ http://localhost:3000/_next/static/chunks/node_modules_next_dist_1e8vcs8._.js:776
[  391789ms] [LOG] [Fast Refresh] done in 636ms @ http://localhost:3000/_next/static/chunks/node_modules_next_dist_1e8vcs8._.js:776
[  391852ms] [LOG] [Fast Refresh] done in 636ms @ http://localhost:3000/_next/static/chunks/node_modules_next_dist_1e8vcs8._.js:776
[  391915ms] [LOG] [Fast Refresh] done in 636ms @ http://localhost:3000/_next/static/chunks/node_modules_next_dist_1e8vcs8._.js:776
[  391964ms] [LOG] [Fast Refresh] done in 636ms @ http://localhost:3000/_next/static/chunks/node_modules_next_dist_1e8vcs8._.js:776
[  392028ms] [LOG] [Fast Refresh] done in 636ms @ http://localhost:3000/_next/static/chunks/node_modules_next_dist_1e8vcs8._.js:776
[  392092ms] [LOG] [Fast Refresh] done in 636ms @ http://localhost:3000/_next/static/chunks/node_modules_next_dist_1e8vcs8._.js:776
[  392147ms] [LOG] [Fast Refresh] done in 636ms @ http://localhost:3000/_next/static/chunks/node_modules_next_dist_1e8vcs8._.js:776
[  392210ms] [LOG] [Fast Refresh] done in 636ms @ http://localhost:3000/_next/static/chunks/node_modules_next_dist_1e8vcs8._.js:776
[  392273ms] [LOG] [Fast Refresh] done in 636ms @ http://localhost:3000/_next/static/chunks/node_modules_next_dist_1e8vcs8._.js:776
[  392336ms] [LOG] [Fast Refresh] done in 636ms @ http://localhost:3000/_next/static/chunks/node_modules_next_dist_1e8vcs8._.js:776
[  392400ms] [LOG] [Fast Refresh] done in 636ms @ http://localhost:3000/_next/static/chunks/node_modules_next_dist_1e8vcs8._.js:776
[  392463ms] [LOG] [Fast Refresh] done in 636ms @ http://localhost:3000/_next/static/chunks/node_modules_next_dist_1e8vcs8._.js:776
[  392527ms] [LOG] [Fast Refresh] done in 636ms @ http://localhost:3000/_next/static/chunks/node_modules_next_dist_1e8vcs8._.js:776
[  392590ms] [LOG] [Fast Refresh] done in 636ms @ http://localhost:3000/_next/static/chunks/node_modules_next_dist_1e8vcs8._.js:776
[  392650ms] [LOG] [Fast Refresh] done in 636ms @ http://localhost:3000/_next/static/chunks/node_modules_next_dist_1e8vcs8._.js:776
[  392698ms] [LOG] [Fast Refresh] done in 636ms @ http://localhost:3000/_next/static/chunks/node_modules_next_dist_1e8vcs8._.js:776
[  392753ms] [LOG] [Fast Refresh] done in 636ms @ http://localhost:3000/_next/static/chunks/node_modules_next_dist_1e8vcs8._.js:776
[  392792ms] [LOG] [Fast Refresh] done in 636ms @ http://localhost:3000/_next/static/chunks/node_modules_next_dist_1e8vcs8._.js:776
[  392862ms] [LOG] [Fast Refresh] done in 636ms @ http://localhost:3000/_next/static/chunks/node_modules_next_dist_1e8vcs8._.js:776
[  392925ms] [LOG] [Fast Refresh] done in 636ms @ http://localhost:3000/_next/static/chunks/node_modules_next_dist_1e8vcs8._.js:776
[  392981ms] [LOG] [Fast Refresh] done in 636ms @ http://localhost:3000/_next/static/chunks/node_modules_next_dist_1e8vcs8._.js:776
[  393029ms] [LOG] [Fast Refresh] done in 636ms @ http://localhost:3000/_next/static/chunks/node_modules_next_dist_1e8vcs8._.js:776
[  393093ms] [LOG] [Fast Refresh] done in 636ms @ http://localhost:3000/_next/static/chunks/node_modules_next_dist_1e8vcs8._.js:776
[  393147ms] [LOG] [Fast Refresh] done in 636ms @ http://localhost:3000/_next/static/chunks/node_modules_next_dist_1e8vcs8._.js:776
[  393197ms] [LOG] [Fast Refresh] done in 636ms @ http://localhost:3000/_next/static/chunks/node_modules_next_dist_1e8vcs8._.js:776
[  393261ms] [LOG] [Fast Refresh] done in 636ms @ http://localhost:3000/_next/static/chunks/node_modules_next_dist_1e8vcs8._.js:776
[  393324ms] [LOG] [Fast Refresh] done in 636ms @ http://localhost:3000/_next/static/chunks/node_modules_next_dist_1e8vcs8._.js:776
[  393388ms] [LOG] [Fast Refresh] done in 636ms @ http://localhost:3000/_next/static/chunks/node_modules_next_dist_1e8vcs8._.js:776
[  393452ms] [LOG] [Fast Refresh] done in 636ms @ http://localhost:3000/_next/static/chunks/node_modules_next_dist_1e8vcs8._.js:776
[  393516ms] [LOG] [Fast Refresh] done in 636ms @ http://localhost:3000/_next/static/chunks/node_modules_next_dist_1e8vcs8._.js:776
[  393577ms] [LOG] [Fast Refresh] done in 636ms @ http://localhost:3000/_next/static/chunks/node_modules_next_dist_1e8vcs8._.js:776
[  393640ms] [LOG] [Fast Refresh] done in 636ms @ http://localhost:3000/_next/static/chunks/node_modules_next_dist_1e8vcs8._.js:776
[  393703ms] [LOG] [Fast Refresh] done in 636ms @ http://localhost:3000/_next/static/chunks/node_modules_next_dist_1e8vcs8._.js:776
[  393762ms] [LOG] [Fast Refresh] done in 636ms @ http://localhost:3000/_next/static/chunks/node_modules_next_dist_1e8vcs8._.js:776
[  393825ms] [LOG] [Fast Refresh] done in 636ms @ http://localhost:3000/_next/static/chunks/node_modules_next_dist_1e8vcs8._.js:776
[  393888ms] [LOG] [Fast Refresh] done in 636ms @ http://localhost:3000/_next/static/chunks/node_modules_next_dist_1e8vcs8._.js:776
[  393939ms] [LOG] [Fast Refresh] done in 636ms @ http://localhost:3000/_next/static/chunks/node_modules_next_dist_1e8vcs8._.js:776
[  393997ms] [LOG] [Fast Refresh] done in 636ms @ http://localhost:3000/_next/static/chunks/node_modules_next_dist_1e8vcs8._.js:776
[  394061ms] [LOG] [Fast Refresh] done in 636ms @ http://localhost:3000/_next/static/chunks/node_modules_next_dist_1e8vcs8._.js:776
[  394124ms] [LOG] [Fast Refresh] done in 636ms @ http://localhost:3000/_next/static/chunks/node_modules_next_dist_1e8vcs8._.js:776
[  394175ms] [LOG] [Fast Refresh] done in 636ms @ http://localhost:3000/_next/static/chunks/node_modules_next_dist_1e8vcs8._.js:776
[  394229ms] [LOG] [Fast Refresh] done in 636ms @ http://localhost:3000/_next/static/chunks/node_modules_next_dist_1e8vcs8._.js:776
[  394279ms] [LOG] [Fast Refresh] done in 636ms @ http://localhost:3000/_next/static/chunks/node_modules_next_dist_1e8vcs8._.js:776
[  394332ms] [LOG] [Fast Refresh] done in 636ms @ http://localhost:3000/_next/static/chunks/node_modules_next_dist_1e8vcs8._.js:776
[  394381ms] [LOG] [Fast Refresh] done in 636ms @ http://localhost:3000/_next/static/chunks/node_modules_next_dist_1e8vcs8._.js:776
[  394445ms] [LOG] [Fast Refresh] done in 636ms @ http://localhost:3000/_next/static/chunks/node_modules_next_dist_1e8vcs8._.js:776
[  394498ms] [LOG] [Fast Refresh] done in 636ms @ http://localhost:3000/_next/static/chunks/node_modules_next_dist_1e8vcs8._.js:776
[  394548ms] [LOG] [Fast Refresh] done in 636ms @ http://localhost:3000/_next/static/chunks/node_modules_next_dist_1e8vcs8._.js:776
[  394598ms] [LOG] [Fast Refresh] done in 636ms @ http://localhost:3000/_next/static/chunks/node_modules_next_dist_1e8vcs8._.js:776
[  394648ms] [LOG] [Fast Refresh] done in 636ms @ http://localhost:3000/_next/static/chunks/node_modules_next_dist_1e8vcs8._.js:776
[  394696ms] [LOG] [Fast Refresh] done in 636ms @ http://localhost:3000/_next/static/chunks/node_modules_next_dist_1e8vcs8._.js:776
[  394747ms] [LOG] [Fast Refresh] done in 636ms @ http://localhost:3000/_next/static/chunks/node_modules_next_dist_1e8vcs8._.js:776
[  394815ms] [LOG] [Fast Refresh] done in 636ms @ http://localhost:3000/_next/static/chunks/node_modules_next_dist_1e8vcs8._.js:776
[  394879ms] [LOG] [Fast Refresh] done in 636ms @ http://localhost:3000/_next/static/chunks/node_modules_next_dist_1e8vcs8._.js:776
[  394942ms] [LOG] [Fast Refresh] done in 636ms @ http://localhost:3000/_next/static/chunks/node_modules_next_dist_1e8vcs8._.js:776
[  394998ms] [LOG] [Fast Refresh] done in 636ms @ http://localhost:3000/_next/static/chunks/node_modules_next_dist_1e8vcs8._.js:776
[  395062ms] [LOG] [Fast Refresh] done in 636ms @ http://localhost:3000/_next/static/chunks/node_modules_next_dist_1e8vcs8._.js:776
[  395126ms] [LOG] [Fast Refresh] done in 636ms @ http://localhost:3000/_next/static/chunks/node_modules_next_dist_1e8vcs8._.js:776
[  395189ms] [LOG] [Fast Refresh] done in 636ms @ http://localhost:3000/_next/static/chunks/node_modules_next_dist_1e8vcs8._.js:776
[  395252ms] [LOG] [Fast Refresh] done in 636ms @ http://localhost:3000/_next/static/chunks/node_modules_next_dist_1e8vcs8._.js:776
[  395316ms] [LOG] [Fast Refresh] done in 636ms @ http://localhost:3000/_next/static/chunks/node_modules_next_dist_1e8vcs8._.js:776
[  395378ms] [LOG] [Fast Refresh] done in 636ms @ http://localhost:3000/_next/static/chunks/node_modules_next_dist_1e8vcs8._.js:776
[  395442ms] [LOG] [Fast Refresh] done in 636ms @ http://localhost:3000/_next/static/chunks/node_modules_next_dist_1e8vcs8._.js:776
[  395506ms] [LOG] [Fast Refresh] done in 636ms @ http://localhost:3000/_next/static/chunks/node_modules_next_dist_1e8vcs8._.js:776
[  395570ms] [LOG] [Fast Refresh] done in 636ms @ http://localhost:3000/_next/static/chunks/node_modules_next_dist_1e8vcs8._.js:776
[  395631ms] [LOG] [Fast Refresh] done in 636ms @ http://localhost:3000/_next/static/chunks/node_modules_next_dist_1e8vcs8._.js:776
[  395695ms] [LOG] [Fast Refresh] done in 636ms @ http://localhost:3000/_next/static/chunks/node_modules_next_dist_1e8vcs8._.js:776
[  395758ms] [LOG] [Fast Refresh] done in 636ms @ http://localhost:3000/_next/static/chunks/node_modules_next_dist_1e8vcs8._.js:776
[  395821ms] [LOG] [Fast Refresh] done in 636ms @ http://localhost:3000/_next/static/chunks/node_modules_next_dist_1e8vcs8._.js:776
[  395880ms] [LOG] [Fast Refresh] done in 636ms @ http://localhost:3000/_next/static/chunks/node_modules_next_dist_1e8vcs8._.js:776
[  395943ms] [LOG] [Fast Refresh] done in 636ms @ http://localhost:3000/_next/static/chunks/node_modules_next_dist_1e8vcs8._.js:776
[  395998ms] [LOG] [Fast Refresh] done in 636ms @ http://localhost:3000/_next/static/chunks/node_modules_next_dist_1e8vcs8._.js:776
[  396046ms] [LOG] [Fast Refresh] done in 636ms @ http://localhost:3000/_next/static/chunks/node_modules_next_dist_1e8vcs8._.js:776
[  396094ms] [LOG] [Fast Refresh] done in 636ms @ http://localhost:3000/_next/static/chunks/node_modules_next_dist_1e8vcs8._.js:776
[  396159ms] [LOG] [Fast Refresh] done in 636ms @ http://localhost:3000/_next/static/chunks/node_modules_next_dist_1e8vcs8._.js:776
[  396221ms] [LOG] [Fast Refresh] done in 636ms @ http://localhost:3000/_next/static/chunks/node_modules_next_dist_1e8vcs8._.js:776
[  396284ms] [LOG] [Fast Refresh] done in 636ms @ http://localhost:3000/_next/static/chunks/node_modules_next_dist_1e8vcs8._.js:776
[  396347ms] [LOG] [Fast Refresh] done in 636ms @ http://localhost:3000/_next/static/chunks/node_modules_next_dist_1e8vcs8._.js:776
[  396396ms] [LOG] [Fast Refresh] done in 636ms @ http://localhost:3000/_next/static/chunks/node_modules_next_dist_1e8vcs8._.js:776
[  396461ms] [LOG] [Fast Refresh] done in 636ms @ http://localhost:3000/_next/static/chunks/node_modules_next_dist_1e8vcs8._.js:776
[  396524ms] [LOG] [Fast Refresh] done in 636ms @ http://localhost:3000/_next/static/chunks/node_modules_next_dist_1e8vcs8._.js:776
[  396587ms] [LOG] [Fast Refresh] done in 636ms @ http://localhost:3000/_next/static/chunks/node_modules_next_dist_1e8vcs8._.js:776
[  396650ms] [LOG] [Fast Refresh] done in 636ms @ http://localhost:3000/_next/static/chunks/node_modules_next_dist_1e8vcs8._.js:776
[  396713ms] [LOG] [Fast Refresh] done in 636ms @ http://localhost:3000/_next/static/chunks/node_modules_next_dist_1e8vcs8._.js:776
[  396776ms] [LOG] [Fast Refresh] done in 636ms @ http://localhost:3000/_next/static/chunks/node_modules_next_dist_1e8vcs8._.js:776
[  396840ms] [LOG] [Fast Refresh] done in 636ms @ http://localhost:3000/_next/static/chunks/node_modules_next_dist_1e8vcs8._.js:776
[  396904ms] [LOG] [Fast Refresh] done in 636ms @ http://localhost:3000/_next/static/chunks/node_modules_next_dist_1e8vcs8._.js:776
[  396961ms] [LOG] [Fast Refresh] done in 636ms @ http://localhost:3000/_next/static/chunks/node_modules_next_dist_1e8vcs8._.js:776
[  397014ms] [LOG] [Fast Refresh] done in 636ms @ http://localhost:3000/_next/static/chunks/node_modules_next_dist_1e8vcs8._.js:776
[  397077ms] [LOG] [Fast Refresh] done in 636ms @ http://localhost:3000/_next/static/chunks/node_modules_next_dist_1e8vcs8._.js:776
[  397142ms] [LOG] [Fast Refresh] done in 636ms @ http://localhost:3000/_next/static/chunks/node_modules_next_dist_1e8vcs8._.js:776
[  397205ms] [LOG] [Fast Refresh] done in 636ms @ http://localhost:3000/_next/static/chunks/node_modules_next_dist_1e8vcs8._.js:776
[  397269ms] [LOG] [Fast Refresh] done in 636ms @ http://localhost:3000/_next/static/chunks/node_modules_next_dist_1e8vcs8._.js:776
[  397317ms] [LOG] [Fast Refresh] done in 636ms @ http://localhost:3000/_next/static/chunks/node_modules_next_dist_1e8vcs8._.js:776
[  397381ms] [LOG] [Fast Refresh] done in 636ms @ http://localhost:3000/_next/static/chunks/node_modules_next_dist_1e8vcs8._.js:776
[  397431ms] [LOG] [Fast Refresh] done in 636ms @ http://localhost:3000/_next/static/chunks/node_modules_next_dist_1e8vcs8._.js:776
[  397495ms] [LOG] [Fast Refresh] done in 636ms @ http://localhost:3000/_next/static/chunks/node_modules_next_dist_1e8vcs8._.js:776
[  397548ms] [LOG] [Fast Refresh] done in 636ms @ http://localhost:3000/_next/static/chunks/node_modules_next_dist_1e8vcs8._.js:776
[  397612ms] [LOG] [Fast Refresh] done in 636ms @ http://localhost:3000/_next/static/chunks/node_modules_next_dist_1e8vcs8._.js:776
[  397675ms] [LOG] [Fast Refresh] done in 636ms @ http://localhost:3000/_next/static/chunks/node_modules_next_dist_1e8vcs8._.js:776
[  397737ms] [LOG] [Fast Refresh] done in 636ms @ http://localhost:3000/_next/static/chunks/node_modules_next_dist_1e8vcs8._.js:776
[  397793ms] [LOG] [Fast Refresh] done in 636ms @ http://localhost:3000/_next/static/chunks/node_modules_next_dist_1e8vcs8._.js:776
[  397846ms] [LOG] [Fast Refresh] done in 636ms @ http://localhost:3000/_next/static/chunks/node_modules_next_dist_1e8vcs8._.js:776
[  397909ms] [LOG] [Fast Refresh] done in 636ms @ http://localhost:3000/_next/static/chunks/node_modules_next_dist_1e8vcs8._.js:776
[  397980ms] [LOG] [Fast Refresh] done in 636ms @ http://localhost:3000/_next/static/chunks/node_modules_next_dist_1e8vcs8._.js:776
[  398042ms] [LOG] [Fast Refresh] done in 636ms @ http://localhost:3000/_next/static/chunks/node_modules_next_dist_1e8vcs8._.js:776
[  398082ms] [LOG] [Fast Refresh] done in 636ms @ http://localhost:3000/_next/static/chunks/node_modules_next_dist_1e8vcs8._.js:776
[  398146ms] [LOG] [Fast Refresh] done in 636ms @ http://localhost:3000/_next/static/chunks/node_modules_next_dist_1e8vcs8._.js:776
[  398198ms] [LOG] [Fast Refresh] done in 636ms @ http://localhost:3000/_next/static/chunks/node_modules_next_dist_1e8vcs8._.js:776
[  398263ms] [LOG] [Fast Refresh] done in 636ms @ http://localhost:3000/_next/static/chunks/node_modules_next_dist_1e8vcs8._.js:776
[  398327ms] [LOG] [Fast Refresh] done in 636ms @ http://localhost:3000/_next/static/chunks/node_modules_next_dist_1e8vcs8._.js:776
[  398364ms] [LOG] [Fast Refresh] done in 636ms @ http://localhost:3000/_next/static/chunks/node_modules_next_dist_1e8vcs8._.js:776
[  398414ms] [LOG] [Fast Refresh] done in 636ms @ http://localhost:3000/_next/static/chunks/node_modules_next_dist_1e8vcs8._.js:776
[  398469ms] [LOG] [Fast Refresh] done in 636ms @ http://localhost:3000/_next/static/chunks/node_modules_next_dist_1e8vcs8._.js:776
[  398529ms] [LOG] [Fast Refresh] done in 636ms @ http://localhost:3000/_next/static/chunks/node_modules_next_dist_1e8vcs8._.js:776
[  398593ms] [LOG] [Fast Refresh] done in 636ms @ http://localhost:3000/_next/static/chunks/node_modules_next_dist_1e8vcs8._.js:776
[  398647ms] [LOG] [Fast Refresh] done in 636ms @ http://localhost:3000/_next/static/chunks/node_modules_next_dist_1e8vcs8._.js:776
[  398714ms] [LOG] [Fast Refresh] done in 636ms @ http://localhost:3000/_next/static/chunks/node_modules_next_dist_1e8vcs8._.js:776
[  398777ms] [LOG] [Fast Refresh] done in 636ms @ http://localhost:3000/_next/static/chunks/node_modules_next_dist_1e8vcs8._.js:776
[  398840ms] [LOG] [Fast Refresh] done in 636ms @ http://localhost:3000/_next/static/chunks/node_modules_next_dist_1e8vcs8._.js:776
[  398904ms] [LOG] [Fast Refresh] done in 636ms @ http://localhost:3000/_next/static/chunks/node_modules_next_dist_1e8vcs8._.js:776
[  398966ms] [LOG] [Fast Refresh] done in 636ms @ http://localhost:3000/_next/static/chunks/node_modules_next_dist_1e8vcs8._.js:776
[  399030ms] [LOG] [Fast Refresh] done in 636ms @ http://localhost:3000/_next/static/chunks/node_modules_next_dist_1e8vcs8._.js:776
[  399095ms] [LOG] [Fast Refresh] done in 636ms @ http://localhost:3000/_next/static/chunks/node_modules_next_dist_1e8vcs8._.js:776
[  399158ms] [LOG] [Fast Refresh] done in 636ms @ http://localhost:3000/_next/static/chunks/node_modules_next_dist_1e8vcs8._.js:776
[  399222ms] [LOG] [Fast Refresh] done in 636ms @ http://localhost:3000/_next/static/chunks/node_modules_next_dist_1e8vcs8._.js:776
[  399286ms] [LOG] [Fast Refresh] done in 636ms @ http://localhost:3000/_next/static/chunks/node_modules_next_dist_1e8vcs8._.js:776
[  399349ms] [LOG] [Fast Refresh] done in 636ms @ http://localhost:3000/_next/static/chunks/node_modules_next_dist_1e8vcs8._.js:776
[  399413ms] [LOG] [Fast Refresh] done in 636ms @ http://localhost:3000/_next/static/chunks/node_modules_next_dist_1e8vcs8._.js:776
[  399476ms] [LOG] [Fast Refresh] done in 636ms @ http://localhost:3000/_next/static/chunks/node_modules_next_dist_1e8vcs8._.js:776
[  399540ms] [LOG] [Fast Refresh] done in 636ms @ http://localhost:3000/_next/static/chunks/node_modules_next_dist_1e8vcs8._.js:776
[  399580ms] [LOG] [Fast Refresh] done in 636ms @ http://localhost:3000/_next/static/chunks/node_modules_next_dist_1e8vcs8._.js:776
[  399643ms] [LOG] [Fast Refresh] done in 636ms @ http://localhost:3000/_next/static/chunks/node_modules_next_dist_1e8vcs8._.js:776
[  399707ms] [LOG] [Fast Refresh] done in 636ms @ http://localhost:3000/_next/static/chunks/node_modules_next_dist_1e8vcs8._.js:776
[  399761ms] [LOG] [Fast Refresh] done in 636ms @ http://localhost:3000/_next/static/chunks/node_modules_next_dist_1e8vcs8._.js:776
[  399815ms] [LOG] [Fast Refresh] done in 636ms @ http://localhost:3000/_next/static/chunks/node_modules_next_dist_1e8vcs8._.js:776
[  399879ms] [LOG] [Fast Refresh] done in 636ms @ http://localhost:3000/_next/static/chunks/node_modules_next_dist_1e8vcs8._.js:776
[  399943ms] [LOG] [Fast Refresh] done in 636ms @ http://localhost:3000/_next/static/chunks/node_modules_next_dist_1e8vcs8._.js:776
[  400006ms] [LOG] [Fast Refresh] done in 636ms @ http://localhost:3000/_next/static/chunks/node_modules_next_dist_1e8vcs8._.js:776
[  400063ms] [LOG] [Fast Refresh] done in 636ms @ http://localhost:3000/_next/static/chunks/node_modules_next_dist_1e8vcs8._.js:776
[  400113ms] [LOG] [Fast Refresh] done in 636ms @ http://localhost:3000/_next/static/chunks/node_modules_next_dist_1e8vcs8._.js:776
[  400176ms] [LOG] [Fast Refresh] done in 636ms @ http://localhost:3000/_next/static/chunks/node_modules_next_dist_1e8vcs8._.js:776
[  400239ms] [LOG] [Fast Refresh] done in 636ms @ http://localhost:3000/_next/static/chunks/node_modules_next_dist_1e8vcs8._.js:776
[  400303ms] [LOG] [Fast Refresh] done in 636ms @ http://localhost:3000/_next/static/chunks/node_modules_next_dist_1e8vcs8._.js:776
[  400367ms] [LOG] [Fast Refresh] done in 636ms @ http://localhost:3000/_next/static/chunks/node_modules_next_dist_1e8vcs8._.js:776
[  400429ms] [LOG] [Fast Refresh] done in 636ms @ http://localhost:3000/_next/static/chunks/node_modules_next_dist_1e8vcs8._.js:776
[  400493ms] [LOG] [Fast Refresh] done in 636ms @ http://localhost:3000/_next/static/chunks/node_modules_next_dist_1e8vcs8._.js:776
[  400555ms] [LOG] [Fast Refresh] done in 636ms @ http://localhost:3000/_next/static/chunks/node_modules_next_dist_1e8vcs8._.js:776
[  400607ms] [LOG] [Fast Refresh] done in 636ms @ http://localhost:3000/_next/static/chunks/node_modules_next_dist_1e8vcs8._.js:776
[  400662ms] [LOG] [Fast Refresh] done in 636ms @ http://localhost:3000/_next/static/chunks/node_modules_next_dist_1e8vcs8._.js:776
[  400726ms] [LOG] [Fast Refresh] done in 636ms @ http://localhost:3000/_next/static/chunks/node_modules_next_dist_1e8vcs8._.js:776
[  400779ms] [LOG] [Fast Refresh] done in 636ms @ http://localhost:3000/_next/static/chunks/node_modules_next_dist_1e8vcs8._.js:776
[  400831ms] [LOG] [Fast Refresh] done in 636ms @ http://localhost:3000/_next/static/chunks/node_modules_next_dist_1e8vcs8._.js:776
[  400894ms] [LOG] [Fast Refresh] done in 636ms @ http://localhost:3000/_next/static/chunks/node_modules_next_dist_1e8vcs8._.js:776
[  400958ms] [LOG] [Fast Refresh] done in 636ms @ http://localhost:3000/_next/static/chunks/node_modules_next_dist_1e8vcs8._.js:776
[  401021ms] [LOG] [Fast Refresh] done in 636ms @ http://localhost:3000/_next/static/chunks/node_modules_next_dist_1e8vcs8._.js:776
[  401079ms] [LOG] [Fast Refresh] done in 636ms @ http://localhost:3000/_next/static/chunks/node_modules_next_dist_1e8vcs8._.js:776
[  401142ms] [LOG] [Fast Refresh] done in 636ms @ http://localhost:3000/_next/static/chunks/node_modules_next_dist_1e8vcs8._.js:776
[  401194ms] [LOG] [Fast Refresh] done in 636ms @ http://localhost:3000/_next/static/chunks/node_modules_next_dist_1e8vcs8._.js:776
[  401242ms] [LOG] [Fast Refresh] done in 636ms @ http://localhost:3000/_next/static/chunks/node_modules_next_dist_1e8vcs8._.js:776
[  401306ms] [LOG] [Fast Refresh] done in 636ms @ http://localhost:3000/_next/static/chunks/node_modules_next_dist_1e8vcs8._.js:776
[  401369ms] [LOG] [Fast Refresh] done in 636ms @ http://localhost:3000/_next/static/chunks/node_modules_next_dist_1e8vcs8._.js:776
[  401433ms] [LOG] [Fast Refresh] done in 636ms @ http://localhost:3000/_next/static/chunks/node_modules_next_dist_1e8vcs8._.js:776
[  401497ms] [LOG] [Fast Refresh] done in 636ms @ http://localhost:3000/_next/static/chunks/node_modules_next_dist_1e8vcs8._.js:776
[  401560ms] [LOG] [Fast Refresh] done in 636ms @ http://localhost:3000/_next/static/chunks/node_modules_next_dist_1e8vcs8._.js:776
[  401623ms] [LOG] [Fast Refresh] done in 636ms @ http://localhost:3000/_next/static/chunks/node_modules_next_dist_1e8vcs8._.js:776
[  401681ms] [LOG] [Fast Refresh] done in 636ms @ http://localhost:3000/_next/static/chunks/node_modules_next_dist_1e8vcs8._.js:776
[  401733ms] [LOG] [Fast Refresh] done in 636ms @ http://localhost:3000/_next/static/chunks/node_modules_next_dist_1e8vcs8._.js:776
[  401797ms] [LOG] [Fast Refresh] done in 636ms @ http://localhost:3000/_next/static/chunks/node_modules_next_dist_1e8vcs8._.js:776
[  401858ms] [LOG] [Fast Refresh] done in 636ms @ http://localhost:3000/_next/static/chunks/node_modules_next_dist_1e8vcs8._.js:776
[  401921ms] [LOG] [Fast Refresh] done in 636ms @ http://localhost:3000/_next/static/chunks/node_modules_next_dist_1e8vcs8._.js:776
[  401985ms] [LOG] [Fast Refresh] done in 636ms @ http://localhost:3000/_next/static/chunks/node_modules_next_dist_1e8vcs8._.js:776
[  402048ms] [LOG] [Fast Refresh] done in 636ms @ http://localhost:3000/_next/static/chunks/node_modules_next_dist_1e8vcs8._.js:776
[  402111ms] [LOG] [Fast Refresh] done in 636ms @ http://localhost:3000/_next/static/chunks/node_modules_next_dist_1e8vcs8._.js:776
[  402175ms] [LOG] [Fast Refresh] done in 636ms @ http://localhost:3000/_next/static/chunks/node_modules_next_dist_1e8vcs8._.js:776
[  402230ms] [LOG] [Fast Refresh] done in 636ms @ http://localhost:3000/_next/static/chunks/node_modules_next_dist_1e8vcs8._.js:776
[  402281ms] [LOG] [Fast Refresh] done in 636ms @ http://localhost:3000/_next/static/chunks/node_modules_next_dist_1e8vcs8._.js:776
[  402344ms] [LOG] [Fast Refresh] done in 636ms @ http://localhost:3000/_next/static/chunks/node_modules_next_dist_1e8vcs8._.js:776
[  402407ms] [LOG] [Fast Refresh] done in 636ms @ http://localhost:3000/_next/static/chunks/node_modules_next_dist_1e8vcs8._.js:776
[  402462ms] [LOG] [Fast Refresh] done in 636ms @ http://localhost:3000/_next/static/chunks/node_modules_next_dist_1e8vcs8._.js:776
[  402514ms] [LOG] [Fast Refresh] done in 636ms @ http://localhost:3000/_next/static/chunks/node_modules_next_dist_1e8vcs8._.js:776
[  402581ms] [LOG] [Fast Refresh] done in 636ms @ http://localhost:3000/_next/static/chunks/node_modules_next_dist_1e8vcs8._.js:776
[  402631ms] [LOG] [Fast Refresh] done in 636ms @ http://localhost:3000/_next/static/chunks/node_modules_next_dist_1e8vcs8._.js:776
[  402679ms] [LOG] [Fast Refresh] done in 636ms @ http://localhost:3000/_next/static/chunks/node_modules_next_dist_1e8vcs8._.js:776
[  402731ms] [LOG] [Fast Refresh] done in 636ms @ http://localhost:3000/_next/static/chunks/node_modules_next_dist_1e8vcs8._.js:776
[  402781ms] [LOG] [Fast Refresh] done in 636ms @ http://localhost:3000/_next/static/chunks/node_modules_next_dist_1e8vcs8._.js:776
[  402830ms] [LOG] [Fast Refresh] done in 636ms @ http://localhost:3000/_next/static/chunks/node_modules_next_dist_1e8vcs8._.js:776
[  402895ms] [LOG] [Fast Refresh] done in 636ms @ http://localhost:3000/_next/static/chunks/node_modules_next_dist_1e8vcs8._.js:776
[  402965ms] [LOG] [Fast Refresh] done in 636ms @ http://localhost:3000/_next/static/chunks/node_modules_next_dist_1e8vcs8._.js:776
[  403029ms] [LOG] [Fast Refresh] done in 636ms @ http://localhost:3000/_next/static/chunks/node_modules_next_dist_1e8vcs8._.js:776
[  403080ms] [LOG] [Fast Refresh] done in 636ms @ http://localhost:3000/_next/static/chunks/node_modules_next_dist_1e8vcs8._.js:776
[  403128ms] [LOG] [Fast Refresh] done in 636ms @ http://localhost:3000/_next/static/chunks/node_modules_next_dist_1e8vcs8._.js:776
[  403176ms] [LOG] [Fast Refresh] done in 636ms @ http://localhost:3000/_next/static/chunks/node_modules_next_dist_1e8vcs8._.js:776
[  403224ms] [LOG] [Fast Refresh] done in 636ms @ http://localhost:3000/_next/static/chunks/node_modules_next_dist_1e8vcs8._.js:776
[  403280ms] [LOG] [Fast Refresh] done in 636ms @ http://localhost:3000/_next/static/chunks/node_modules_next_dist_1e8vcs8._.js:776
[  403343ms] [LOG] [Fast Refresh] done in 636ms @ http://localhost:3000/_next/static/chunks/node_modules_next_dist_1e8vcs8._.js:776
[  403407ms] [LOG] [Fast Refresh] done in 636ms @ http://localhost:3000/_next/static/chunks/node_modules_next_dist_1e8vcs8._.js:776
[  403470ms] [LOG] [Fast Refresh] done in 636ms @ http://localhost:3000/_next/static/chunks/node_modules_next_dist_1e8vcs8._.js:776
[  403534ms] [LOG] [Fast Refresh] done in 636ms @ http://localhost:3000/_next/static/chunks/node_modules_next_dist_1e8vcs8._.js:776
[  403597ms] [LOG] [Fast Refresh] done in 636ms @ http://localhost:3000/_next/static/chunks/node_modules_next_dist_1e8vcs8._.js:776
[  403661ms] [LOG] [Fast Refresh] done in 636ms @ http://localhost:3000/_next/static/chunks/node_modules_next_dist_1e8vcs8._.js:776
[  403724ms] [LOG] [Fast Refresh] done in 636ms @ http://localhost:3000/_next/static/chunks/node_modules_next_dist_1e8vcs8._.js:776
[  403787ms] [LOG] [Fast Refresh] done in 636ms @ http://localhost:3000/_next/static/chunks/node_modules_next_dist_1e8vcs8._.js:776
[  403845ms] [LOG] [Fast Refresh] done in 636ms @ http://localhost:3000/_next/static/chunks/node_modules_next_dist_1e8vcs8._.js:776
[  403908ms] [LOG] [Fast Refresh] done in 636ms @ http://localhost:3000/_next/static/chunks/node_modules_next_dist_1e8vcs8._.js:776
[  403985ms] [LOG] [Fast Refresh] done in 636ms @ http://localhost:3000/_next/static/chunks/node_modules_next_dist_1e8vcs8._.js:776
[  404049ms] [LOG] [Fast Refresh] done in 636ms @ http://localhost:3000/_next/static/chunks/node_modules_next_dist_1e8vcs8._.js:776
[  404098ms] [LOG] [Fast Refresh] done in 636ms @ http://localhost:3000/_next/static/chunks/node_modules_next_dist_1e8vcs8._.js:776
[  404161ms] [LOG] [Fast Refresh] done in 636ms @ http://localhost:3000/_next/static/chunks/node_modules_next_dist_1e8vcs8._.js:776
[  404225ms] [LOG] [Fast Refresh] done in 636ms @ http://localhost:3000/_next/static/chunks/node_modules_next_dist_1e8vcs8._.js:776
[  404289ms] [LOG] [Fast Refresh] done in 636ms @ http://localhost:3000/_next/static/chunks/node_modules_next_dist_1e8vcs8._.js:776
[  404347ms] [LOG] [Fast Refresh] done in 636ms @ http://localhost:3000/_next/static/chunks/node_modules_next_dist_1e8vcs8._.js:776
[  404410ms] [LOG] [Fast Refresh] done in 636ms @ http://localhost:3000/_next/static/chunks/node_modules_next_dist_1e8vcs8._.js:776
[  404474ms] [LOG] [Fast Refresh] done in 636ms @ http://localhost:3000/_next/static/chunks/node_modules_next_dist_1e8vcs8._.js:776
[  404538ms] [LOG] [Fast Refresh] done in 636ms @ http://localhost:3000/_next/static/chunks/node_modules_next_dist_1e8vcs8._.js:776
[  404601ms] [LOG] [Fast Refresh] done in 636ms @ http://localhost:3000/_next/static/chunks/node_modules_next_dist_1e8vcs8._.js:776
[  404664ms] [LOG] [Fast Refresh] done in 636ms @ http://localhost:3000/_next/static/chunks/node_modules_next_dist_1e8vcs8._.js:776
[  404728ms] [LOG] [Fast Refresh] done in 636ms @ http://localhost:3000/_next/static/chunks/node_modules_next_dist_1e8vcs8._.js:776
[  404791ms] [LOG] [Fast Refresh] done in 636ms @ http://localhost:3000/_next/static/chunks/node_modules_next_dist_1e8vcs8._.js:776
[  404854ms] [LOG] [Fast Refresh] done in 636ms @ http://localhost:3000/_next/static/chunks/node_modules_next_dist_1e8vcs8._.js:776
[  404912ms] [LOG] [Fast Refresh] done in 636ms @ http://localhost:3000/_next/static/chunks/node_modules_next_dist_1e8vcs8._.js:776
[  404975ms] [LOG] [Fast Refresh] done in 636ms @ http://localhost:3000/_next/static/chunks/node_modules_next_dist_1e8vcs8._.js:776
[  405038ms] [LOG] [Fast Refresh] done in 636ms @ http://localhost:3000/_next/static/chunks/node_modules_next_dist_1e8vcs8._.js:776
[  405096ms] [LOG] [Fast Refresh] done in 636ms @ http://localhost:3000/_next/static/chunks/node_modules_next_dist_1e8vcs8._.js:776
[  405161ms] [LOG] [Fast Refresh] done in 636ms @ http://localhost:3000/_next/static/chunks/node_modules_next_dist_1e8vcs8._.js:776
[  405225ms] [LOG] [Fast Refresh] done in 636ms @ http://localhost:3000/_next/static/chunks/node_modules_next_dist_1e8vcs8._.js:776
[  405289ms] [LOG] [Fast Refresh] done in 636ms @ http://localhost:3000/_next/static/chunks/node_modules_next_dist_1e8vcs8._.js:776
[  405352ms] [LOG] [Fast Refresh] done in 636ms @ http://localhost:3000/_next/static/chunks/node_modules_next_dist_1e8vcs8._.js:776
[  405413ms] [LOG] [Fast Refresh] done in 636ms @ http://localhost:3000/_next/static/chunks/node_modules_next_dist_1e8vcs8._.js:776
[  405476ms] [LOG] [Fast Refresh] done in 636ms @ http://localhost:3000/_next/static/chunks/node_modules_next_dist_1e8vcs8._.js:776
[  405540ms] [LOG] [Fast Refresh] done in 636ms @ http://localhost:3000/_next/static/chunks/node_modules_next_dist_1e8vcs8._.js:776
[  405604ms] [LOG] [Fast Refresh] done in 636ms @ http://localhost:3000/_next/static/chunks/node_modules_next_dist_1e8vcs8._.js:776
[  405667ms] [LOG] [Fast Refresh] done in 636ms @ http://localhost:3000/_next/static/chunks/node_modules_next_dist_1e8vcs8._.js:776
[  405730ms] [LOG] [Fast Refresh] done in 636ms @ http://localhost:3000/_next/static/chunks/node_modules_next_dist_1e8vcs8._.js:776
[  405793ms] [LOG] [Fast Refresh] done in 636ms @ http://localhost:3000/_next/static/chunks/node_modules_next_dist_1e8vcs8._.js:776
[  405856ms] [LOG] [Fast Refresh] done in 636ms @ http://localhost:3000/_next/static/chunks/node_modules_next_dist_1e8vcs8._.js:776
[  405915ms] [LOG] [Fast Refresh] done in 636ms @ http://localhost:3000/_next/static/chunks/node_modules_next_dist_1e8vcs8._.js:776
[  405979ms] [LOG] [Fast Refresh] done in 636ms @ http://localhost:3000/_next/static/chunks/node_modules_next_dist_1e8vcs8._.js:776
[  406039ms] [LOG] [Fast Refresh] done in 636ms @ http://localhost:3000/_next/static/chunks/node_modules_next_dist_1e8vcs8._.js:776
[  406098ms] [LOG] [Fast Refresh] done in 636ms @ http://localhost:3000/_next/static/chunks/node_modules_next_dist_1e8vcs8._.js:776
[  406146ms] [LOG] [Fast Refresh] done in 636ms @ http://localhost:3000/_next/static/chunks/node_modules_next_dist_1e8vcs8._.js:776
[  406210ms] [LOG] [Fast Refresh] done in 636ms @ http://localhost:3000/_next/static/chunks/node_modules_next_dist_1e8vcs8._.js:776
[  406273ms] [LOG] [Fast Refresh] done in 636ms @ http://localhost:3000/_next/static/chunks/node_modules_next_dist_1e8vcs8._.js:776
[  406337ms] [LOG] [Fast Refresh] done in 636ms @ http://localhost:3000/_next/static/chunks/node_modules_next_dist_1e8vcs8._.js:776
[  406397ms] [LOG] [Fast Refresh] done in 636ms @ http://localhost:3000/_next/static/chunks/node_modules_next_dist_1e8vcs8._.js:776
[  406450ms] [LOG] [Fast Refresh] done in 636ms @ http://localhost:3000/_next/static/chunks/node_modules_next_dist_1e8vcs8._.js:776
[  406506ms] [LOG] [Fast Refresh] done in 636ms @ http://localhost:3000/_next/static/chunks/node_modules_next_dist_1e8vcs8._.js:776
[  406562ms] [LOG] [Fast Refresh] done in 636ms @ http://localhost:3000/_next/static/chunks/node_modules_next_dist_1e8vcs8._.js:776
[  406625ms] [LOG] [Fast Refresh] done in 636ms @ http://localhost:3000/_next/static/chunks/node_modules_next_dist_1e8vcs8._.js:776
[  406682ms] [LOG] [Fast Refresh] done in 636ms @ http://localhost:3000/_next/static/chunks/node_modules_next_dist_1e8vcs8._.js:776
[  406746ms] [LOG] [Fast Refresh] done in 636ms @ http://localhost:3000/_next/static/chunks/node_modules_next_dist_1e8vcs8._.js:776
[  406825ms] [LOG] [Fast Refresh] done in 636ms @ http://localhost:3000/_next/static/chunks/node_modules_next_dist_1e8vcs8._.js:776
[  406876ms] [LOG] [Fast Refresh] done in 636ms @ http://localhost:3000/_next/static/chunks/node_modules_next_dist_1e8vcs8._.js:776
[  406929ms] [LOG] [Fast Refresh] done in 636ms @ http://localhost:3000/_next/static/chunks/node_modules_next_dist_1e8vcs8._.js:776
[  406979ms] [LOG] [Fast Refresh] done in 636ms @ http://localhost:3000/_next/static/chunks/node_modules_next_dist_1e8vcs8._.js:776
[  407046ms] [LOG] [Fast Refresh] done in 636ms @ http://localhost:3000/_next/static/chunks/node_modules_next_dist_1e8vcs8._.js:776
[  407111ms] [LOG] [Fast Refresh] done in 636ms @ http://localhost:3000/_next/static/chunks/node_modules_next_dist_1e8vcs8._.js:776
[  407179ms] [LOG] [Fast Refresh] done in 636ms @ http://localhost:3000/_next/static/chunks/node_modules_next_dist_1e8vcs8._.js:776
[  407231ms] [LOG] [Fast Refresh] done in 636ms @ http://localhost:3000/_next/static/chunks/node_modules_next_dist_1e8vcs8._.js:776
[  407280ms] [LOG] [Fast Refresh] done in 636ms @ http://localhost:3000/_next/static/chunks/node_modules_next_dist_1e8vcs8._.js:776
[  407330ms] [LOG] [Fast Refresh] done in 636ms @ http://localhost:3000/_next/static/chunks/node_modules_next_dist_1e8vcs8._.js:776
[  407395ms] [LOG] [Fast Refresh] done in 636ms @ http://localhost:3000/_next/static/chunks/node_modules_next_dist_1e8vcs8._.js:776
[  407463ms] [LOG] [Fast Refresh] done in 636ms @ http://localhost:3000/_next/static/chunks/node_modules_next_dist_1e8vcs8._.js:776
[  407513ms] [LOG] [Fast Refresh] done in 636ms @ http://localhost:3000/_next/static/chunks/node_modules_next_dist_1e8vcs8._.js:776
[  407577ms] [LOG] [Fast Refresh] done in 636ms @ http://localhost:3000/_next/static/chunks/node_modules_next_dist_1e8vcs8._.js:776
[  407624ms] [LOG] [Fast Refresh] done in 636ms @ http://localhost:3000/_next/static/chunks/node_modules_next_dist_1e8vcs8._.js:776
[  407683ms] [LOG] [Fast Refresh] done in 636ms @ http://localhost:3000/_next/static/chunks/node_modules_next_dist_1e8vcs8._.js:776
[  407746ms] [LOG] [Fast Refresh] done in 636ms @ http://localhost:3000/_next/static/chunks/node_modules_next_dist_1e8vcs8._.js:776
[  407809ms] [LOG] [Fast Refresh] done in 636ms @ http://localhost:3000/_next/static/chunks/node_modules_next_dist_1e8vcs8._.js:776
[  407862ms] [LOG] [Fast Refresh] done in 636ms @ http://localhost:3000/_next/static/chunks/node_modules_next_dist_1e8vcs8._.js:776
[  407917ms] [LOG] [Fast Refresh] done in 636ms @ http://localhost:3000/_next/static/chunks/node_modules_next_dist_1e8vcs8._.js:776
[  407980ms] [LOG] [Fast Refresh] done in 636ms @ http://localhost:3000/_next/static/chunks/node_modules_next_dist_1e8vcs8._.js:776
[  408046ms] [LOG] [Fast Refresh] done in 636ms @ http://localhost:3000/_next/static/chunks/node_modules_next_dist_1e8vcs8._.js:776
[  408109ms] [LOG] [Fast Refresh] done in 636ms @ http://localhost:3000/_next/static/chunks/node_modules_next_dist_1e8vcs8._.js:776
[  408162ms] [LOG] [Fast Refresh] done in 636ms @ http://localhost:3000/_next/static/chunks/node_modules_next_dist_1e8vcs8._.js:776
[  408211ms] [LOG] [Fast Refresh] done in 636ms @ http://localhost:3000/_next/static/chunks/node_modules_next_dist_1e8vcs8._.js:776
[  408265ms] [LOG] [Fast Refresh] done in 636ms @ http://localhost:3000/_next/static/chunks/node_modules_next_dist_1e8vcs8._.js:776
[  408315ms] [LOG] [Fast Refresh] done in 636ms @ http://localhost:3000/_next/static/chunks/node_modules_next_dist_1e8vcs8._.js:776
[  408369ms] [LOG] [Fast Refresh] done in 636ms @ http://localhost:3000/_next/static/chunks/node_modules_next_dist_1e8vcs8._.js:776
[  408432ms] [LOG] [Fast Refresh] done in 636ms @ http://localhost:3000/_next/static/chunks/node_modules_next_dist_1e8vcs8._.js:776
[  408484ms] [LOG] [Fast Refresh] done in 636ms @ http://localhost:3000/_next/static/chunks/node_modules_next_dist_1e8vcs8._.js:776
[  408549ms] [LOG] [Fast Refresh] done in 636ms @ http://localhost:3000/_next/static/chunks/node_modules_next_dist_1e8vcs8._.js:776
[  408611ms] [LOG] [Fast Refresh] done in 636ms @ http://localhost:3000/_next/static/chunks/node_modules_next_dist_1e8vcs8._.js:776
[  408657ms] [LOG] [Fast Refresh] done in 636ms @ http://localhost:3000/_next/static/chunks/node_modules_next_dist_1e8vcs8._.js:776
[  408712ms] [LOG] [Fast Refresh] done in 636ms @ http://localhost:3000/_next/static/chunks/node_modules_next_dist_1e8vcs8._.js:776
[  408766ms] [LOG] [Fast Refresh] done in 636ms @ http://localhost:3000/_next/static/chunks/node_modules_next_dist_1e8vcs8._.js:776
[  408818ms] [LOG] [Fast Refresh] done in 636ms @ http://localhost:3000/_next/static/chunks/node_modules_next_dist_1e8vcs8._.js:776
[  408883ms] [LOG] [Fast Refresh] done in 636ms @ http://localhost:3000/_next/static/chunks/node_modules_next_dist_1e8vcs8._.js:776
[  408950ms] [LOG] [Fast Refresh] done in 636ms @ http://localhost:3000/_next/static/chunks/node_modules_next_dist_1e8vcs8._.js:776
[  409000ms] [LOG] [Fast Refresh] done in 636ms @ http://localhost:3000/_next/static/chunks/node_modules_next_dist_1e8vcs8._.js:776
[  409056ms] [LOG] [Fast Refresh] done in 636ms @ http://localhost:3000/_next/static/chunks/node_modules_next_dist_1e8vcs8._.js:776
[  409116ms] [LOG] [Fast Refresh] done in 636ms @ http://localhost:3000/_next/static/chunks/node_modules_next_dist_1e8vcs8._.js:776
[  409169ms] [LOG] [Fast Refresh] done in 636ms @ http://localhost:3000/_next/static/chunks/node_modules_next_dist_1e8vcs8._.js:776
[  409218ms] [LOG] [Fast Refresh] done in 636ms @ http://localhost:3000/_next/static/chunks/node_modules_next_dist_1e8vcs8._.js:776
[  409269ms] [LOG] [Fast Refresh] done in 636ms @ http://localhost:3000/_next/static/chunks/node_modules_next_dist_1e8vcs8._.js:776
[  409341ms] [LOG] [Fast Refresh] done in 636ms @ http://localhost:3000/_next/static/chunks/node_modules_next_dist_1e8vcs8._.js:776
[  409401ms] [LOG] [Fast Refresh] done in 636ms @ http://localhost:3000/_next/static/chunks/node_modules_next_dist_1e8vcs8._.js:776
[  409454ms] [LOG] [Fast Refresh] done in 636ms @ http://localhost:3000/_next/static/chunks/node_modules_next_dist_1e8vcs8._.js:776
[  409517ms] [LOG] [Fast Refresh] done in 636ms @ http://localhost:3000/_next/static/chunks/node_modules_next_dist_1e8vcs8._.js:776
[  409569ms] [LOG] [Fast Refresh] done in 636ms @ http://localhost:3000/_next/static/chunks/node_modules_next_dist_1e8vcs8._.js:776
[  409632ms] [LOG] [Fast Refresh] done in 636ms @ http://localhost:3000/_next/static/chunks/node_modules_next_dist_1e8vcs8._.js:776
[  409685ms] [LOG] [Fast Refresh] done in 636ms @ http://localhost:3000/_next/static/chunks/node_modules_next_dist_1e8vcs8._.js:776
[  409750ms] [LOG] [Fast Refresh] done in 636ms @ http://localhost:3000/_next/static/chunks/node_modules_next_dist_1e8vcs8._.js:776
[  409802ms] [LOG] [Fast Refresh] done in 636ms @ http://localhost:3000/_next/static/chunks/node_modules_next_dist_1e8vcs8._.js:776
[  409852ms] [LOG] [Fast Refresh] done in 636ms @ http://localhost:3000/_next/static/chunks/node_modules_next_dist_1e8vcs8._.js:776
[  409902ms] [LOG] [Fast Refresh] done in 636ms @ http://localhost:3000/_next/static/chunks/node_modules_next_dist_1e8vcs8._.js:776
[  409965ms] [LOG] [Fast Refresh] done in 636ms @ http://localhost:3000/_next/static/chunks/node_modules_next_dist_1e8vcs8._.js:776
[  410018ms] [LOG] [Fast Refresh] done in 636ms @ http://localhost:3000/_next/static/chunks/node_modules_next_dist_1e8vcs8._.js:776
[  410069ms] [LOG] [Fast Refresh] done in 636ms @ http://localhost:3000/_next/static/chunks/node_modules_next_dist_1e8vcs8._.js:776
[  410130ms] [LOG] [Fast Refresh] done in 636ms @ http://localhost:3000/_next/static/chunks/node_modules_next_dist_1e8vcs8._.js:776
[  410184ms] [LOG] [Fast Refresh] done in 636ms @ http://localhost:3000/_next/static/chunks/node_modules_next_dist_1e8vcs8._.js:776
[  410249ms] [LOG] [Fast Refresh] done in 636ms @ http://localhost:3000/_next/static/chunks/node_modules_next_dist_1e8vcs8._.js:776
[  410311ms] [LOG] [Fast Refresh] done in 636ms @ http://localhost:3000/_next/static/chunks/node_modules_next_dist_1e8vcs8._.js:776
[  410363ms] [LOG] [Fast Refresh] done in 636ms @ http://localhost:3000/_next/static/chunks/node_modules_next_dist_1e8vcs8._.js:776
[  410428ms] [LOG] [Fast Refresh] done in 636ms @ http://localhost:3000/_next/static/chunks/node_modules_next_dist_1e8vcs8._.js:776
[  410477ms] [LOG] [Fast Refresh] done in 636ms @ http://localhost:3000/_next/static/chunks/node_modules_next_dist_1e8vcs8._.js:776
[  410535ms] [LOG] [Fast Refresh] done in 636ms @ http://localhost:3000/_next/static/chunks/node_modules_next_dist_1e8vcs8._.js:776
[  410596ms] [LOG] [Fast Refresh] done in 636ms @ http://localhost:3000/_next/static/chunks/node_modules_next_dist_1e8vcs8._.js:776
[  410652ms] [LOG] [Fast Refresh] done in 636ms @ http://localhost:3000/_next/static/chunks/node_modules_next_dist_1e8vcs8._.js:776
[  410715ms] [LOG] [Fast Refresh] done in 636ms @ http://localhost:3000/_next/static/chunks/node_modules_next_dist_1e8vcs8._.js:776
[  410768ms] [LOG] [Fast Refresh] done in 636ms @ http://localhost:3000/_next/static/chunks/node_modules_next_dist_1e8vcs8._.js:776
[  410818ms] [LOG] [Fast Refresh] done in 636ms @ http://localhost:3000/_next/static/chunks/node_modules_next_dist_1e8vcs8._.js:776
[  410881ms] [LOG] [Fast Refresh] done in 636ms @ http://localhost:3000/_next/static/chunks/node_modules_next_dist_1e8vcs8._.js:776
[  410947ms] [LOG] [Fast Refresh] done in 636ms @ http://localhost:3000/_next/static/chunks/node_modules_next_dist_1e8vcs8._.js:776
[  411001ms] [LOG] [Fast Refresh] done in 636ms @ http://localhost:3000/_next/static/chunks/node_modules_next_dist_1e8vcs8._.js:776
[  411052ms] [LOG] [Fast Refresh] done in 636ms @ http://localhost:3000/_next/static/chunks/node_modules_next_dist_1e8vcs8._.js:776
[  411113ms] [LOG] [Fast Refresh] done in 636ms @ http://localhost:3000/_next/static/chunks/node_modules_next_dist_1e8vcs8._.js:776
[  411165ms] [LOG] [Fast Refresh] done in 636ms @ http://localhost:3000/_next/static/chunks/node_modules_next_dist_1e8vcs8._.js:776
[  411218ms] [LOG] [Fast Refresh] done in 636ms @ http://localhost:3000/_next/static/chunks/node_modules_next_dist_1e8vcs8._.js:776
[  411268ms] [LOG] [Fast Refresh] done in 636ms @ http://localhost:3000/_next/static/chunks/node_modules_next_dist_1e8vcs8._.js:776
[  411318ms] [LOG] [Fast Refresh] done in 636ms @ http://localhost:3000/_next/static/chunks/node_modules_next_dist_1e8vcs8._.js:776
[  411371ms] [LOG] [Fast Refresh] done in 636ms @ http://localhost:3000/_next/static/chunks/node_modules_next_dist_1e8vcs8._.js:776
[  411433ms] [LOG] [Fast Refresh] done in 636ms @ http://localhost:3000/_next/static/chunks/node_modules_next_dist_1e8vcs8._.js:776
[  411485ms] [LOG] [Fast Refresh] done in 636ms @ http://localhost:3000/_next/static/chunks/node_modules_next_dist_1e8vcs8._.js:776
[  411550ms] [LOG] [Fast Refresh] done in 636ms @ http://localhost:3000/_next/static/chunks/node_modules_next_dist_1e8vcs8._.js:776
[  411601ms] [LOG] [Fast Refresh] done in 636ms @ http://localhost:3000/_next/static/chunks/node_modules_next_dist_1e8vcs8._.js:776
[  411651ms] [LOG] [Fast Refresh] done in 636ms @ http://localhost:3000/_next/static/chunks/node_modules_next_dist_1e8vcs8._.js:776
[  411703ms] [LOG] [Fast Refresh] done in 636ms @ http://localhost:3000/_next/static/chunks/node_modules_next_dist_1e8vcs8._.js:776
[  411768ms] [LOG] [Fast Refresh] done in 636ms @ http://localhost:3000/_next/static/chunks/node_modules_next_dist_1e8vcs8._.js:776
[  411819ms] [LOG] [Fast Refresh] done in 636ms @ http://localhost:3000/_next/static/chunks/node_modules_next_dist_1e8vcs8._.js:776
[  411881ms] [LOG] [Fast Refresh] done in 636ms @ http://localhost:3000/_next/static/chunks/node_modules_next_dist_1e8vcs8._.js:776
[  411938ms] [LOG] [Fast Refresh] done in 636ms @ http://localhost:3000/_next/static/chunks/node_modules_next_dist_1e8vcs8._.js:776
[  412001ms] [LOG] [Fast Refresh] done in 636ms @ http://localhost:3000/_next/static/chunks/node_modules_next_dist_1e8vcs8._.js:776
[  412065ms] [LOG] [Fast Refresh] done in 636ms @ http://localhost:3000/_next/static/chunks/node_modules_next_dist_1e8vcs8._.js:776
[  412116ms] [LOG] [Fast Refresh] done in 636ms @ http://localhost:3000/_next/static/chunks/node_modules_next_dist_1e8vcs8._.js:776
[  412173ms] [LOG] [Fast Refresh] done in 636ms @ http://localhost:3000/_next/static/chunks/node_modules_next_dist_1e8vcs8._.js:776
[  412227ms] [LOG] [Fast Refresh] done in 636ms @ http://localhost:3000/_next/static/chunks/node_modules_next_dist_1e8vcs8._.js:776
[  412270ms] [LOG] [Fast Refresh] done in 636ms @ http://localhost:3000/_next/static/chunks/node_modules_next_dist_1e8vcs8._.js:776
[  412333ms] [LOG] [Fast Refresh] done in 636ms @ http://localhost:3000/_next/static/chunks/node_modules_next_dist_1e8vcs8._.js:776
[  412386ms] [LOG] [Fast Refresh] done in 636ms @ http://localhost:3000/_next/static/chunks/node_modules_next_dist_1e8vcs8._.js:776
[  412447ms] [LOG] [Fast Refresh] done in 636ms @ http://localhost:3000/_next/static/chunks/node_modules_next_dist_1e8vcs8._.js:776
[  412501ms] [LOG] [Fast Refresh] done in 636ms @ http://localhost:3000/_next/static/chunks/node_modules_next_dist_1e8vcs8._.js:776
[  412565ms] [LOG] [Fast Refresh] done in 636ms @ http://localhost:3000/_next/static/chunks/node_modules_next_dist_1e8vcs8._.js:776
[  412618ms] [LOG] [Fast Refresh] done in 636ms @ http://localhost:3000/_next/static/chunks/node_modules_next_dist_1e8vcs8._.js:776
[  412674ms] [LOG] [Fast Refresh] done in 636ms @ http://localhost:3000/_next/static/chunks/node_modules_next_dist_1e8vcs8._.js:776
[  412733ms] [LOG] [Fast Refresh] done in 636ms @ http://localhost:3000/_next/static/chunks/node_modules_next_dist_1e8vcs8._.js:776
[  412784ms] [LOG] [Fast Refresh] done in 636ms @ http://localhost:3000/_next/static/chunks/node_modules_next_dist_1e8vcs8._.js:776
[  412836ms] [LOG] [Fast Refresh] done in 636ms @ http://localhost:3000/_next/static/chunks/node_modules_next_dist_1e8vcs8._.js:776
[  412884ms] [LOG] [Fast Refresh] done in 636ms @ http://localhost:3000/_next/static/chunks/node_modules_next_dist_1e8vcs8._.js:776
[  412935ms] [LOG] [Fast Refresh] done in 636ms @ http://localhost:3000/_next/static/chunks/node_modules_next_dist_1e8vcs8._.js:776
[  412984ms] [LOG] [Fast Refresh] done in 636ms @ http://localhost:3000/_next/static/chunks/node_modules_next_dist_1e8vcs8._.js:776
[  413048ms] [LOG] [Fast Refresh] done in 636ms @ http://localhost:3000/_next/static/chunks/node_modules_next_dist_1e8vcs8._.js:776
[  413102ms] [LOG] [Fast Refresh] done in 636ms @ http://localhost:3000/_next/static/chunks/node_modules_next_dist_1e8vcs8._.js:776
[  413161ms] [LOG] [Fast Refresh] done in 636ms @ http://localhost:3000/_next/static/chunks/node_modules_next_dist_1e8vcs8._.js:776
[  413217ms] [LOG] [Fast Refresh] done in 636ms @ http://localhost:3000/_next/static/chunks/node_modules_next_dist_1e8vcs8._.js:776
[  413266ms] [LOG] [Fast Refresh] done in 636ms @ http://localhost:3000/_next/static/chunks/node_modules_next_dist_1e8vcs8._.js:776
[  413334ms] [LOG] [Fast Refresh] done in 636ms @ http://localhost:3000/_next/static/chunks/node_modules_next_dist_1e8vcs8._.js:776
[  413385ms] [LOG] [Fast Refresh] done in 636ms @ http://localhost:3000/_next/static/chunks/node_modules_next_dist_1e8vcs8._.js:776
[  413450ms] [LOG] [Fast Refresh] done in 636ms @ http://localhost:3000/_next/static/chunks/node_modules_next_dist_1e8vcs8._.js:776
[  413513ms] [LOG] [Fast Refresh] done in 636ms @ http://localhost:3000/_next/static/chunks/node_modules_next_dist_1e8vcs8._.js:776
[  413568ms] [LOG] [Fast Refresh] done in 636ms @ http://localhost:3000/_next/static/chunks/node_modules_next_dist_1e8vcs8._.js:776
[  413634ms] [LOG] [Fast Refresh] done in 636ms @ http://localhost:3000/_next/static/chunks/node_modules_next_dist_1e8vcs8._.js:776
[  413689ms] [LOG] [Fast Refresh] done in 636ms @ http://localhost:3000/_next/static/chunks/node_modules_next_dist_1e8vcs8._.js:776
[  413751ms] [LOG] [Fast Refresh] done in 636ms @ http://localhost:3000/_next/static/chunks/node_modules_next_dist_1e8vcs8._.js:776
[  413801ms] [LOG] [Fast Refresh] done in 636ms @ http://localhost:3000/_next/static/chunks/node_modules_next_dist_1e8vcs8._.js:776
[  413871ms] [LOG] [Fast Refresh] done in 636ms @ http://localhost:3000/_next/static/chunks/node_modules_next_dist_1e8vcs8._.js:776
[  413920ms] [LOG] [Fast Refresh] done in 636ms @ http://localhost:3000/_next/static/chunks/node_modules_next_dist_1e8vcs8._.js:776
[  413970ms] [LOG] [Fast Refresh] done in 636ms @ http://localhost:3000/_next/static/chunks/node_modules_next_dist_1e8vcs8._.js:776
[  414034ms] [LOG] [Fast Refresh] done in 636ms @ http://localhost:3000/_next/static/chunks/node_modules_next_dist_1e8vcs8._.js:776
[  414099ms] [LOG] [Fast Refresh] done in 636ms @ http://localhost:3000/_next/static/chunks/node_modules_next_dist_1e8vcs8._.js:776
[  414160ms] [LOG] [Fast Refresh] done in 636ms @ http://localhost:3000/_next/static/chunks/node_modules_next_dist_1e8vcs8._.js:776
[  414217ms] [LOG] [Fast Refresh] done in 636ms @ http://localhost:3000/_next/static/chunks/node_modules_next_dist_1e8vcs8._.js:776
[  414278ms] [LOG] [Fast Refresh] done in 636ms @ http://localhost:3000/_next/static/chunks/node_modules_next_dist_1e8vcs8._.js:776
[  414336ms] [LOG] [Fast Refresh] done in 636ms @ http://localhost:3000/_next/static/chunks/node_modules_next_dist_1e8vcs8._.js:776
[  414386ms] [LOG] [Fast Refresh] done in 636ms @ http://localhost:3000/_next/static/chunks/node_modules_next_dist_1e8vcs8._.js:776
[  414449ms] [LOG] [Fast Refresh] done in 636ms @ http://localhost:3000/_next/static/chunks/node_modules_next_dist_1e8vcs8._.js:776
[  414501ms] [LOG] [Fast Refresh] done in 636ms @ http://localhost:3000/_next/static/chunks/node_modules_next_dist_1e8vcs8._.js:776
[  414550ms] [LOG] [Fast Refresh] done in 636ms @ http://localhost:3000/_next/static/chunks/node_modules_next_dist_1e8vcs8._.js:776
[  414616ms] [LOG] [Fast Refresh] done in 636ms @ http://localhost:3000/_next/static/chunks/node_modules_next_dist_1e8vcs8._.js:776
[  414683ms] [LOG] [Fast Refresh] done in 636ms @ http://localhost:3000/_next/static/chunks/node_modules_next_dist_1e8vcs8._.js:776
[  414736ms] [LOG] [Fast Refresh] done in 636ms @ http://localhost:3000/_next/static/chunks/node_modules_next_dist_1e8vcs8._.js:776
[  414799ms] [LOG] [Fast Refresh] done in 636ms @ http://localhost:3000/_next/static/chunks/node_modules_next_dist_1e8vcs8._.js:776
[  414862ms] [LOG] [Fast Refresh] done in 636ms @ http://localhost:3000/_next/static/chunks/node_modules_next_dist_1e8vcs8._.js:776
[  414912ms] [LOG] [Fast Refresh] done in 636ms @ http://localhost:3000/_next/static/chunks/node_modules_next_dist_1e8vcs8._.js:776
[  414961ms] [LOG] [Fast Refresh] done in 636ms @ http://localhost:3000/_next/static/chunks/node_modules_next_dist_1e8vcs8._.js:776
[  415013ms] [LOG] [Fast Refresh] done in 636ms @ http://localhost:3000/_next/static/chunks/node_modules_next_dist_1e8vcs8._.js:776
[  415052ms] [LOG] [Fast Refresh] done in 636ms @ http://localhost:3000/_next/static/chunks/node_modules_next_dist_1e8vcs8._.js:776
[  415114ms] [LOG] [Fast Refresh] done in 636ms @ http://localhost:3000/_next/static/chunks/node_modules_next_dist_1e8vcs8._.js:776
[  415176ms] [LOG] [Fast Refresh] done in 636ms @ http://localhost:3000/_next/static/chunks/node_modules_next_dist_1e8vcs8._.js:776
[  415232ms] [LOG] [Fast Refresh] done in 636ms @ http://localhost:3000/_next/static/chunks/node_modules_next_dist_1e8vcs8._.js:776
[  415280ms] [LOG] [Fast Refresh] done in 636ms @ http://localhost:3000/_next/static/chunks/node_modules_next_dist_1e8vcs8._.js:776
[  415332ms] [LOG] [Fast Refresh] done in 636ms @ http://localhost:3000/_next/static/chunks/node_modules_next_dist_1e8vcs8._.js:776
[  415398ms] [LOG] [Fast Refresh] done in 636ms @ http://localhost:3000/_next/static/chunks/node_modules_next_dist_1e8vcs8._.js:776
[  415451ms] [LOG] [Fast Refresh] done in 636ms @ http://localhost:3000/_next/static/chunks/node_modules_next_dist_1e8vcs8._.js:776
[  415499ms] [LOG] [Fast Refresh] done in 636ms @ http://localhost:3000/_next/static/chunks/node_modules_next_dist_1e8vcs8._.js:776
[  415549ms] [LOG] [Fast Refresh] done in 636ms @ http://localhost:3000/_next/static/chunks/node_modules_next_dist_1e8vcs8._.js:776
[  415607ms] [LOG] [Fast Refresh] done in 636ms @ http://localhost:3000/_next/static/chunks/node_modules_next_dist_1e8vcs8._.js:776
[  415663ms] [LOG] [Fast Refresh] done in 636ms @ http://localhost:3000/_next/static/chunks/node_modules_next_dist_1e8vcs8._.js:776
[  415716ms] [LOG] [Fast Refresh] done in 636ms @ http://localhost:3000/_next/static/chunks/node_modules_next_dist_1e8vcs8._.js:776
[  415791ms] [LOG] [Fast Refresh] done in 636ms @ http://localhost:3000/_next/static/chunks/node_modules_next_dist_1e8vcs8._.js:776
[  415856ms] [LOG] [Fast Refresh] done in 636ms @ http://localhost:3000/_next/static/chunks/node_modules_next_dist_1e8vcs8._.js:776
[  415923ms] [LOG] [Fast Refresh] done in 636ms @ http://localhost:3000/_next/static/chunks/node_modules_next_dist_1e8vcs8._.js:776
[  416049ms] [LOG] [Fast Refresh] done in 636ms @ http://localhost:3000/_next/static/chunks/node_modules_next_dist_1e8vcs8._.js:776
[  416109ms] [LOG] [Fast Refresh] done in 636ms @ http://localhost:3000/_next/static/chunks/node_modules_next_dist_1e8vcs8._.js:776
[  416172ms] [LOG] [Fast Refresh] done in 636ms @ http://localhost:3000/_next/static/chunks/node_modules_next_dist_1e8vcs8._.js:776
[  416231ms] [LOG] [Fast Refresh] done in 636ms @ http://localhost:3000/_next/static/chunks/node_modules_next_dist_1e8vcs8._.js:776
[  416281ms] [LOG] [Fast Refresh] done in 636ms @ http://localhost:3000/_next/static/chunks/node_modules_next_dist_1e8vcs8._.js:776
[  416331ms] [LOG] [Fast Refresh] done in 636ms @ http://localhost:3000/_next/static/chunks/node_modules_next_dist_1e8vcs8._.js:776
[  416397ms] [LOG] [Fast Refresh] done in 636ms @ http://localhost:3000/_next/static/chunks/node_modules_next_dist_1e8vcs8._.js:776
[  416458ms] [LOG] [Fast Refresh] done in 636ms @ http://localhost:3000/_next/static/chunks/node_modules_next_dist_1e8vcs8._.js:776
[  416497ms] [LOG] [Fast Refresh] done in 636ms @ http://localhost:3000/_next/static/chunks/node_modules_next_dist_1e8vcs8._.js:776
[  416550ms] [LOG] [Fast Refresh] done in 636ms @ http://localhost:3000/_next/static/chunks/node_modules_next_dist_1e8vcs8._.js:776
[  416614ms] [LOG] [Fast Refresh] done in 636ms @ http://localhost:3000/_next/static/chunks/node_modules_next_dist_1e8vcs8._.js:776
[  416663ms] [LOG] [Fast Refresh] done in 636ms @ http://localhost:3000/_next/static/chunks/node_modules_next_dist_1e8vcs8._.js:776
[  416713ms] [LOG] [Fast Refresh] done in 636ms @ http://localhost:3000/_next/static/chunks/node_modules_next_dist_1e8vcs8._.js:776
[  416764ms] [LOG] [Fast Refresh] done in 636ms @ http://localhost:3000/_next/static/chunks/node_modules_next_dist_1e8vcs8._.js:776
[  416818ms] [LOG] [Fast Refresh] done in 636ms @ http://localhost:3000/_next/static/chunks/node_modules_next_dist_1e8vcs8._.js:776
[  416870ms] [LOG] [Fast Refresh] done in 636ms @ http://localhost:3000/_next/static/chunks/node_modules_next_dist_1e8vcs8._.js:776
[  416932ms] [LOG] [Fast Refresh] done in 636ms @ http://localhost:3000/_next/static/chunks/node_modules_next_dist_1e8vcs8._.js:776
[  416995ms] [LOG] [Fast Refresh] done in 636ms @ http://localhost:3000/_next/static/chunks/node_modules_next_dist_1e8vcs8._.js:776
[  417065ms] [LOG] [Fast Refresh] done in 636ms @ http://localhost:3000/_next/static/chunks/node_modules_next_dist_1e8vcs8._.js:776
[  417115ms] [LOG] [Fast Refresh] done in 636ms @ http://localhost:3000/_next/static/chunks/node_modules_next_dist_1e8vcs8._.js:776
[  417166ms] [LOG] [Fast Refresh] done in 636ms @ http://localhost:3000/_next/static/chunks/node_modules_next_dist_1e8vcs8._.js:776
[  417230ms] [LOG] [Fast Refresh] done in 636ms @ http://localhost:3000/_next/static/chunks/node_modules_next_dist_1e8vcs8._.js:776
[  417280ms] [LOG] [Fast Refresh] done in 636ms @ http://localhost:3000/_next/static/chunks/node_modules_next_dist_1e8vcs8._.js:776
[  417347ms] [LOG] [Fast Refresh] done in 636ms @ http://localhost:3000/_next/static/chunks/node_modules_next_dist_1e8vcs8._.js:776
[  417397ms] [LOG] [Fast Refresh] done in 636ms @ http://localhost:3000/_next/static/chunks/node_modules_next_dist_1e8vcs8._.js:776
[  417447ms] [LOG] [Fast Refresh] done in 636ms @ http://localhost:3000/_next/static/chunks/node_modules_next_dist_1e8vcs8._.js:776
[  417497ms] [LOG] [Fast Refresh] done in 636ms @ http://localhost:3000/_next/static/chunks/node_modules_next_dist_1e8vcs8._.js:776
[  417565ms] [LOG] [Fast Refresh] done in 636ms @ http://localhost:3000/_next/static/chunks/node_modules_next_dist_1e8vcs8._.js:776
[  417614ms] [LOG] [Fast Refresh] done in 636ms @ http://localhost:3000/_next/static/chunks/node_modules_next_dist_1e8vcs8._.js:776
[  417667ms] [LOG] [Fast Refresh] done in 636ms @ http://localhost:3000/_next/static/chunks/node_modules_next_dist_1e8vcs8._.js:776
[  417730ms] [LOG] [Fast Refresh] done in 636ms @ http://localhost:3000/_next/static/chunks/node_modules_next_dist_1e8vcs8._.js:776
[  417795ms] [LOG] [Fast Refresh] done in 636ms @ http://localhost:3000/_next/static/chunks/node_modules_next_dist_1e8vcs8._.js:776
[  417845ms] [LOG] [Fast Refresh] done in 636ms @ http://localhost:3000/_next/static/chunks/node_modules_next_dist_1e8vcs8._.js:776
[  417914ms] [LOG] [Fast Refresh] done in 636ms @ http://localhost:3000/_next/static/chunks/node_modules_next_dist_1e8vcs8._.js:776
[  417979ms] [LOG] [Fast Refresh] done in 636ms @ http://localhost:3000/_next/static/chunks/node_modules_next_dist_1e8vcs8._.js:776
[  418033ms] [LOG] [Fast Refresh] done in 636ms @ http://localhost:3000/_next/static/chunks/node_modules_next_dist_1e8vcs8._.js:776
[  418096ms] [LOG] [Fast Refresh] done in 636ms @ http://localhost:3000/_next/static/chunks/node_modules_next_dist_1e8vcs8._.js:776
[  418162ms] [LOG] [Fast Refresh] done in 636ms @ http://localhost:3000/_next/static/chunks/node_modules_next_dist_1e8vcs8._.js:776
[  418229ms] [LOG] [Fast Refresh] done in 636ms @ http://localhost:3000/_next/static/chunks/node_modules_next_dist_1e8vcs8._.js:776
[  418294ms] [LOG] [Fast Refresh] done in 636ms @ http://localhost:3000/_next/static/chunks/node_modules_next_dist_1e8vcs8._.js:776
[  418348ms] [LOG] [Fast Refresh] done in 636ms @ http://localhost:3000/_next/static/chunks/node_modules_next_dist_1e8vcs8._.js:776
[  418400ms] [LOG] [Fast Refresh] done in 636ms @ http://localhost:3000/_next/static/chunks/node_modules_next_dist_1e8vcs8._.js:776
[  418462ms] [LOG] [Fast Refresh] done in 636ms @ http://localhost:3000/_next/static/chunks/node_modules_next_dist_1e8vcs8._.js:776
[  418523ms] [LOG] [Fast Refresh] done in 636ms @ http://localhost:3000/_next/static/chunks/node_modules_next_dist_1e8vcs8._.js:776
[  418580ms] [LOG] [Fast Refresh] done in 636ms @ http://localhost:3000/_next/static/chunks/node_modules_next_dist_1e8vcs8._.js:776
[  418634ms] [LOG] [Fast Refresh] done in 636ms @ http://localhost:3000/_next/static/chunks/node_modules_next_dist_1e8vcs8._.js:776
[  418695ms] [LOG] [Fast Refresh] done in 636ms @ http://localhost:3000/_next/static/chunks/node_modules_next_dist_1e8vcs8._.js:776
[  418766ms] [LOG] [Fast Refresh] done in 636ms @ http://localhost:3000/_next/static/chunks/node_modules_next_dist_1e8vcs8._.js:776
[  418813ms] [LOG] [Fast Refresh] done in 636ms @ http://localhost:3000/_next/static/chunks/node_modules_next_dist_1e8vcs8._.js:776
[  418865ms] [LOG] [Fast Refresh] done in 636ms @ http://localhost:3000/_next/static/chunks/node_modules_next_dist_1e8vcs8._.js:776
[  418913ms] [LOG] [Fast Refresh] done in 636ms @ http://localhost:3000/_next/static/chunks/node_modules_next_dist_1e8vcs8._.js:776
[  418962ms] [LOG] [Fast Refresh] done in 636ms @ http://localhost:3000/_next/static/chunks/node_modules_next_dist_1e8vcs8._.js:776
[  419017ms] [LOG] [Fast Refresh] done in 636ms @ http://localhost:3000/_next/static/chunks/node_modules_next_dist_1e8vcs8._.js:776
[  419079ms] [LOG] [Fast Refresh] done in 636ms @ http://localhost:3000/_next/static/chunks/node_modules_next_dist_1e8vcs8._.js:776
[  419141ms] [LOG] [Fast Refresh] done in 636ms @ http://localhost:3000/_next/static/chunks/node_modules_next_dist_1e8vcs8._.js:776
[  419197ms] [LOG] [Fast Refresh] done in 636ms @ http://localhost:3000/_next/static/chunks/node_modules_next_dist_1e8vcs8._.js:776
[  419250ms] [LOG] [Fast Refresh] done in 636ms @ http://localhost:3000/_next/static/chunks/node_modules_next_dist_1e8vcs8._.js:776
[  419312ms] [LOG] [Fast Refresh] done in 636ms @ http://localhost:3000/_next/static/chunks/node_modules_next_dist_1e8vcs8._.js:776
[  419362ms] [LOG] [Fast Refresh] done in 636ms @ http://localhost:3000/_next/static/chunks/node_modules_next_dist_1e8vcs8._.js:776
[  419415ms] [LOG] [Fast Refresh] done in 636ms @ http://localhost:3000/_next/static/chunks/node_modules_next_dist_1e8vcs8._.js:776
[  419484ms] [LOG] [Fast Refresh] done in 636ms @ http://localhost:3000/_next/static/chunks/node_modules_next_dist_1e8vcs8._.js:776
[  419533ms] [LOG] [Fast Refresh] done in 636ms @ http://localhost:3000/_next/static/chunks/node_modules_next_dist_1e8vcs8._.js:776
[  419596ms] [LOG] [Fast Refresh] done in 636ms @ http://localhost:3000/_next/static/chunks/node_modules_next_dist_1e8vcs8._.js:776
[  419661ms] [LOG] [Fast Refresh] done in 636ms @ http://localhost:3000/_next/static/chunks/node_modules_next_dist_1e8vcs8._.js:776
[  419716ms] [LOG] [Fast Refresh] done in 636ms @ http://localhost:3000/_next/static/chunks/node_modules_next_dist_1e8vcs8._.js:776
[  419777ms] [LOG] [Fast Refresh] done in 636ms @ http://localhost:3000/_next/static/chunks/node_modules_next_dist_1e8vcs8._.js:776
[  419835ms] [LOG] [Fast Refresh] done in 636ms @ http://localhost:3000/_next/static/chunks/node_modules_next_dist_1e8vcs8._.js:776
[  419896ms] [LOG] [Fast Refresh] done in 636ms @ http://localhost:3000/_next/static/chunks/node_modules_next_dist_1e8vcs8._.js:776
[  419947ms] [LOG] [Fast Refresh] done in 636ms @ http://localhost:3000/_next/static/chunks/node_modules_next_dist_1e8vcs8._.js:776
[  420013ms] [LOG] [Fast Refresh] done in 636ms @ http://localhost:3000/_next/static/chunks/node_modules_next_dist_1e8vcs8._.js:776
[  420083ms] [LOG] [Fast Refresh] done in 636ms @ http://localhost:3000/_next/static/chunks/node_modules_next_dist_1e8vcs8._.js:776
[  420149ms] [LOG] [Fast Refresh] done in 636ms @ http://localhost:3000/_next/static/chunks/node_modules_next_dist_1e8vcs8._.js:776
[  420209ms] [LOG] [Fast Refresh] done in 636ms @ http://localhost:3000/_next/static/chunks/node_modules_next_dist_1e8vcs8._.js:776
[  420263ms] [LOG] [Fast Refresh] done in 636ms @ http://localhost:3000/_next/static/chunks/node_modules_next_dist_1e8vcs8._.js:776
[  420330ms] [LOG] [Fast Refresh] done in 636ms @ http://localhost:3000/_next/static/chunks/node_modules_next_dist_1e8vcs8._.js:776
[  420395ms] [LOG] [Fast Refresh] done in 636ms @ http://localhost:3000/_next/static/chunks/node_modules_next_dist_1e8vcs8._.js:776
[  420460ms] [LOG] [Fast Refresh] done in 636ms @ http://localhost:3000/_next/static/chunks/node_modules_next_dist_1e8vcs8._.js:776
[  420513ms] [LOG] [Fast Refresh] done in 636ms @ http://localhost:3000/_next/static/chunks/node_modules_next_dist_1e8vcs8._.js:776
[  420568ms] [LOG] [Fast Refresh] done in 636ms @ http://localhost:3000/_next/static/chunks/node_modules_next_dist_1e8vcs8._.js:776
[  420617ms] [LOG] [Fast Refresh] done in 636ms @ http://localhost:3000/_next/static/chunks/node_modules_next_dist_1e8vcs8._.js:776
[  420678ms] [LOG] [Fast Refresh] done in 636ms @ http://localhost:3000/_next/static/chunks/node_modules_next_dist_1e8vcs8._.js:776
[  420734ms] [LOG] [Fast Refresh] done in 636ms @ http://localhost:3000/_next/static/chunks/node_modules_next_dist_1e8vcs8._.js:776
[  420796ms] [LOG] [Fast Refresh] done in 636ms @ http://localhost:3000/_next/static/chunks/node_modules_next_dist_1e8vcs8._.js:776
[  420849ms] [LOG] [Fast Refresh] done in 636ms @ http://localhost:3000/_next/static/chunks/node_modules_next_dist_1e8vcs8._.js:776
[  420913ms] [LOG] [Fast Refresh] done in 636ms @ http://localhost:3000/_next/static/chunks/node_modules_next_dist_1e8vcs8._.js:776
[  420952ms] [LOG] [Fast Refresh] done in 636ms @ http://localhost:3000/_next/static/chunks/node_modules_next_dist_1e8vcs8._.js:776
[  421013ms] [LOG] [Fast Refresh] done in 636ms @ http://localhost:3000/_next/static/chunks/node_modules_next_dist_1e8vcs8._.js:776
[  421067ms] [LOG] [Fast Refresh] done in 636ms @ http://localhost:3000/_next/static/chunks/node_modules_next_dist_1e8vcs8._.js:776
[  421129ms] [LOG] [Fast Refresh] done in 636ms @ http://localhost:3000/_next/static/chunks/node_modules_next_dist_1e8vcs8._.js:776
[  421194ms] [LOG] [Fast Refresh] done in 636ms @ http://localhost:3000/_next/static/chunks/node_modules_next_dist_1e8vcs8._.js:776
[  421245ms] [LOG] [Fast Refresh] done in 636ms @ http://localhost:3000/_next/static/chunks/node_modules_next_dist_1e8vcs8._.js:776
[  421296ms] [LOG] [Fast Refresh] done in 636ms @ http://localhost:3000/_next/static/chunks/node_modules_next_dist_1e8vcs8._.js:776
[  421363ms] [LOG] [Fast Refresh] done in 636ms @ http://localhost:3000/_next/static/chunks/node_modules_next_dist_1e8vcs8._.js:776
[  421430ms] [LOG] [Fast Refresh] done in 636ms @ http://localhost:3000/_next/static/chunks/node_modules_next_dist_1e8vcs8._.js:776
[  421498ms] [LOG] [Fast Refresh] done in 636ms @ http://localhost:3000/_next/static/chunks/node_modules_next_dist_1e8vcs8._.js:776
[  421547ms] [LOG] [Fast Refresh] done in 636ms @ http://localhost:3000/_next/static/chunks/node_modules_next_dist_1e8vcs8._.js:776
[  421598ms] [LOG] [Fast Refresh] done in 636ms @ http://localhost:3000/_next/static/chunks/node_modules_next_dist_1e8vcs8._.js:776
[  421665ms] [LOG] [Fast Refresh] done in 636ms @ http://localhost:3000/_next/static/chunks/node_modules_next_dist_1e8vcs8._.js:776
[  421715ms] [LOG] [Fast Refresh] done in 636ms @ http://localhost:3000/_next/static/chunks/node_modules_next_dist_1e8vcs8._.js:776
[  421764ms] [LOG] [Fast Refresh] done in 636ms @ http://localhost:3000/_next/static/chunks/node_modules_next_dist_1e8vcs8._.js:776
[  421815ms] [LOG] [Fast Refresh] done in 636ms @ http://localhost:3000/_next/static/chunks/node_modules_next_dist_1e8vcs8._.js:776
[  421865ms] [LOG] [Fast Refresh] done in 636ms @ http://localhost:3000/_next/static/chunks/node_modules_next_dist_1e8vcs8._.js:776
[  421930ms] [LOG] [Fast Refresh] done in 636ms @ http://localhost:3000/_next/static/chunks/node_modules_next_dist_1e8vcs8._.js:776
[  421997ms] [LOG] [Fast Refresh] done in 636ms @ http://localhost:3000/_next/static/chunks/node_modules_next_dist_1e8vcs8._.js:776
[  422053ms] [LOG] [Fast Refresh] done in 636ms @ http://localhost:3000/_next/static/chunks/node_modules_next_dist_1e8vcs8._.js:776
[  422116ms] [LOG] [Fast Refresh] done in 636ms @ http://localhost:3000/_next/static/chunks/node_modules_next_dist_1e8vcs8._.js:776
[  422162ms] [LOG] [Fast Refresh] done in 636ms @ http://localhost:3000/_next/static/chunks/node_modules_next_dist_1e8vcs8._.js:776
[  422216ms] [LOG] [Fast Refresh] done in 636ms @ http://localhost:3000/_next/static/chunks/node_modules_next_dist_1e8vcs8._.js:776
[  422278ms] [LOG] [Fast Refresh] done in 636ms @ http://localhost:3000/_next/static/chunks/node_modules_next_dist_1e8vcs8._.js:776
[  422335ms] [LOG] [Fast Refresh] done in 636ms @ http://localhost:3000/_next/static/chunks/node_modules_next_dist_1e8vcs8._.js:776
[  422384ms] [LOG] [Fast Refresh] done in 636ms @ http://localhost:3000/_next/static/chunks/node_modules_next_dist_1e8vcs8._.js:776
[  422446ms] [LOG] [Fast Refresh] done in 636ms @ http://localhost:3000/_next/static/chunks/node_modules_next_dist_1e8vcs8._.js:776
[  422513ms] [LOG] [Fast Refresh] done in 636ms @ http://localhost:3000/_next/static/chunks/node_modules_next_dist_1e8vcs8._.js:776
[  422566ms] [LOG] [Fast Refresh] done in 636ms @ http://localhost:3000/_next/static/chunks/node_modules_next_dist_1e8vcs8._.js:776
[  422612ms] [LOG] [Fast Refresh] done in 636ms @ http://localhost:3000/_next/static/chunks/node_modules_next_dist_1e8vcs8._.js:776
[  422667ms] [LOG] [Fast Refresh] done in 636ms @ http://localhost:3000/_next/static/chunks/node_modules_next_dist_1e8vcs8._.js:776
[  422731ms] [LOG] [Fast Refresh] done in 636ms @ http://localhost:3000/_next/static/chunks/node_modules_next_dist_1e8vcs8._.js:776
[  422784ms] [LOG] [Fast Refresh] done in 636ms @ http://localhost:3000/_next/static/chunks/node_modules_next_dist_1e8vcs8._.js:776
[  422846ms] [LOG] [Fast Refresh] done in 636ms @ http://localhost:3000/_next/static/chunks/node_modules_next_dist_1e8vcs8._.js:776
[  422896ms] [LOG] [Fast Refresh] done in 636ms @ http://localhost:3000/_next/static/chunks/node_modules_next_dist_1e8vcs8._.js:776
[  422948ms] [LOG] [Fast Refresh] done in 636ms @ http://localhost:3000/_next/static/chunks/node_modules_next_dist_1e8vcs8._.js:776
[  422998ms] [LOG] [Fast Refresh] done in 636ms @ http://localhost:3000/_next/static/chunks/node_modules_next_dist_1e8vcs8._.js:776
[  423046ms] [LOG] [Fast Refresh] done in 636ms @ http://localhost:3000/_next/static/chunks/node_modules_next_dist_1e8vcs8._.js:776
[  423113ms] [LOG] [Fast Refresh] done in 636ms @ http://localhost:3000/_next/static/chunks/node_modules_next_dist_1e8vcs8._.js:776
[  423179ms] [LOG] [Fast Refresh] done in 636ms @ http://localhost:3000/_next/static/chunks/node_modules_next_dist_1e8vcs8._.js:776
[  423234ms] [LOG] [Fast Refresh] done in 636ms @ http://localhost:3000/_next/static/chunks/node_modules_next_dist_1e8vcs8._.js:776
[  423296ms] [LOG] [Fast Refresh] done in 636ms @ http://localhost:3000/_next/static/chunks/node_modules_next_dist_1e8vcs8._.js:776
[  423352ms] [LOG] [Fast Refresh] done in 636ms @ http://localhost:3000/_next/static/chunks/node_modules_next_dist_1e8vcs8._.js:776
[  423416ms] [LOG] [Fast Refresh] done in 636ms @ http://localhost:3000/_next/static/chunks/node_modules_next_dist_1e8vcs8._.js:776
[  423479ms] [LOG] [Fast Refresh] done in 636ms @ http://localhost:3000/_next/static/chunks/node_modules_next_dist_1e8vcs8._.js:776
[  423547ms] [LOG] [Fast Refresh] done in 636ms @ http://localhost:3000/_next/static/chunks/node_modules_next_dist_1e8vcs8._.js:776
[  423603ms] [LOG] [Fast Refresh] done in 636ms @ http://localhost:3000/_next/static/chunks/node_modules_next_dist_1e8vcs8._.js:776
[  423662ms] [LOG] [Fast Refresh] done in 636ms @ http://localhost:3000/_next/static/chunks/node_modules_next_dist_1e8vcs8._.js:776
[  423716ms] [LOG] [Fast Refresh] done in 636ms @ http://localhost:3000/_next/static/chunks/node_modules_next_dist_1e8vcs8._.js:776
[  423767ms] [LOG] [Fast Refresh] done in 636ms @ http://localhost:3000/_next/static/chunks/node_modules_next_dist_1e8vcs8._.js:776
[  423830ms] [LOG] [Fast Refresh] done in 636ms @ http://localhost:3000/_next/static/chunks/node_modules_next_dist_1e8vcs8._.js:776
[  423898ms] [LOG] [Fast Refresh] done in 636ms @ http://localhost:3000/_next/static/chunks/node_modules_next_dist_1e8vcs8._.js:776
[  423964ms] [LOG] [Fast Refresh] done in 636ms @ http://localhost:3000/_next/static/chunks/node_modules_next_dist_1e8vcs8._.js:776
[  424029ms] [LOG] [Fast Refresh] done in 636ms @ http://localhost:3000/_next/static/chunks/node_modules_next_dist_1e8vcs8._.js:776
[  424080ms] [LOG] [Fast Refresh] done in 636ms @ http://localhost:3000/_next/static/chunks/node_modules_next_dist_1e8vcs8._.js:776
[  424133ms] [LOG] [Fast Refresh] done in 636ms @ http://localhost:3000/_next/static/chunks/node_modules_next_dist_1e8vcs8._.js:776
[  424194ms] [LOG] [Fast Refresh] done in 636ms @ http://localhost:3000/_next/static/chunks/node_modules_next_dist_1e8vcs8._.js:776
[  424248ms] [LOG] [Fast Refresh] done in 636ms @ http://localhost:3000/_next/static/chunks/node_modules_next_dist_1e8vcs8._.js:776
[  424301ms] [LOG] [Fast Refresh] done in 636ms @ http://localhost:3000/_next/static/chunks/node_modules_next_dist_1e8vcs8._.js:776
[  424363ms] [LOG] [Fast Refresh] done in 636ms @ http://localhost:3000/_next/static/chunks/node_modules_next_dist_1e8vcs8._.js:776
[  424416ms] [LOG] [Fast Refresh] done in 636ms @ http://localhost:3000/_next/static/chunks/node_modules_next_dist_1e8vcs8._.js:776
[  424466ms] [LOG] [Fast Refresh] done in 636ms @ http://localhost:3000/_next/static/chunks/node_modules_next_dist_1e8vcs8._.js:776
[  424592ms] [LOG] [Fast Refresh] done in 636ms @ http://localhost:3000/_next/static/chunks/node_modules_next_dist_1e8vcs8._.js:776
[  424646ms] [LOG] [Fast Refresh] done in 636ms @ http://localhost:3000/_next/static/chunks/node_modules_next_dist_1e8vcs8._.js:776
[  424698ms] [LOG] [Fast Refresh] done in 636ms @ http://localhost:3000/_next/static/chunks/node_modules_next_dist_1e8vcs8._.js:776
[  424748ms] [LOG] [Fast Refresh] done in 636ms @ http://localhost:3000/_next/static/chunks/node_modules_next_dist_1e8vcs8._.js:776
[  424827ms] [LOG] [Fast Refresh] done in 636ms @ http://localhost:3000/_next/static/chunks/node_modules_next_dist_1e8vcs8._.js:776
[  424880ms] [LOG] [Fast Refresh] done in 636ms @ http://localhost:3000/_next/static/chunks/node_modules_next_dist_1e8vcs8._.js:776
[  424933ms] [LOG] [Fast Refresh] done in 636ms @ http://localhost:3000/_next/static/chunks/node_modules_next_dist_1e8vcs8._.js:776
[  424995ms] [LOG] [Fast Refresh] done in 636ms @ http://localhost:3000/_next/static/chunks/node_modules_next_dist_1e8vcs8._.js:776
[  425049ms] [LOG] [Fast Refresh] done in 636ms @ http://localhost:3000/_next/static/chunks/node_modules_next_dist_1e8vcs8._.js:776
[  425115ms] [LOG] [Fast Refresh] done in 636ms @ http://localhost:3000/_next/static/chunks/node_modules_next_dist_1e8vcs8._.js:776
[  425182ms] [LOG] [Fast Refresh] done in 636ms @ http://localhost:3000/_next/static/chunks/node_modules_next_dist_1e8vcs8._.js:776
[  425242ms] [LOG] [Fast Refresh] done in 636ms @ http://localhost:3000/_next/static/chunks/node_modules_next_dist_1e8vcs8._.js:776
[  425297ms] [LOG] [Fast Refresh] done in 636ms @ http://localhost:3000/_next/static/chunks/node_modules_next_dist_1e8vcs8._.js:776
[  425354ms] [LOG] [Fast Refresh] done in 636ms @ http://localhost:3000/_next/static/chunks/node_modules_next_dist_1e8vcs8._.js:776
[  425413ms] [LOG] [Fast Refresh] done in 636ms @ http://localhost:3000/_next/static/chunks/node_modules_next_dist_1e8vcs8._.js:776
[  425464ms] [LOG] [Fast Refresh] done in 636ms @ http://localhost:3000/_next/static/chunks/node_modules_next_dist_1e8vcs8._.js:776
[  425515ms] [LOG] [Fast Refresh] done in 636ms @ http://localhost:3000/_next/static/chunks/node_modules_next_dist_1e8vcs8._.js:776
[  425565ms] [LOG] [Fast Refresh] done in 636ms @ http://localhost:3000/_next/static/chunks/node_modules_next_dist_1e8vcs8._.js:776
[  425630ms] [LOG] [Fast Refresh] done in 636ms @ http://localhost:3000/_next/static/chunks/node_modules_next_dist_1e8vcs8._.js:776
[  425679ms] [LOG] [Fast Refresh] done in 636ms @ http://localhost:3000/_next/static/chunks/node_modules_next_dist_1e8vcs8._.js:776
[  425731ms] [LOG] [Fast Refresh] done in 636ms @ http://localhost:3000/_next/static/chunks/node_modules_next_dist_1e8vcs8._.js:776
[  425799ms] [LOG] [Fast Refresh] done in 636ms @ http://localhost:3000/_next/static/chunks/node_modules_next_dist_1e8vcs8._.js:776
[  425861ms] [LOG] [Fast Refresh] done in 636ms @ http://localhost:3000/_next/static/chunks/node_modules_next_dist_1e8vcs8._.js:776
[  425901ms] [LOG] [Fast Refresh] done in 636ms @ http://localhost:3000/_next/static/chunks/node_modules_next_dist_1e8vcs8._.js:776
[  425964ms] [LOG] [Fast Refresh] done in 636ms @ http://localhost:3000/_next/static/chunks/node_modules_next_dist_1e8vcs8._.js:776
[  426029ms] [LOG] [Fast Refresh] done in 636ms @ http://localhost:3000/_next/static/chunks/node_modules_next_dist_1e8vcs8._.js:776
[  426079ms] [LOG] [Fast Refresh] done in 636ms @ http://localhost:3000/_next/static/chunks/node_modules_next_dist_1e8vcs8._.js:776
[  426134ms] [LOG] [Fast Refresh] done in 636ms @ http://localhost:3000/_next/static/chunks/node_modules_next_dist_1e8vcs8._.js:776
[  426181ms] [LOG] [Fast Refresh] done in 636ms @ http://localhost:3000/_next/static/chunks/node_modules_next_dist_1e8vcs8._.js:776
[  426228ms] [LOG] [Fast Refresh] done in 636ms @ http://localhost:3000/_next/static/chunks/node_modules_next_dist_1e8vcs8._.js:776
[  426265ms] [LOG] [Fast Refresh] done in 636ms @ http://localhost:3000/_next/static/chunks/node_modules_next_dist_1e8vcs8._.js:776
[  426342ms] [LOG] [Fast Refresh] done in 636ms @ http://localhost:3000/_next/static/chunks/node_modules_next_dist_1e8vcs8._.js:776
[  916080ms] [LOG] [Fast Refresh] rebuilding @ http://localhost:3000/_next/static/chunks/node_modules_next_dist_1e8vcs8._.js:776
[  916097ms] [LOG] [Fast Refresh] done in 118ms @ http://localhost:3000/_next/static/chunks/node_modules_next_dist_1e8vcs8._.js:776
[ 8147590ms] [LOG] [HMR] connected @ http://localhost:3000/_next/static/chunks/node_modules_next_dist_1e8vcs8._.js:776
